Record ID,Name,Description,Official Website,Official Logo,GitHub Repository,Categories,Source,Source URL,Website Verified,Logo Verified,Description Grounded
,,,,,,,GitHub API,,False,False,False
,,,,,,,GitHub API,,False,False,False
,,,,,,,GitHub API,,False,False,False
,,,,,,,GitHub API,,False,False,False
,,,,,,,GitHub API,,False,False,False
,,,,,,,GitHub API,,False,False,False
,,,,,,,GitHub API,,False,False,False
,,,,,,,GitHub API,,False,False,False
,,,,,,,GitHub API,,False,False,False
,,,,,,,GitHub API,,False,False,False
,,,,,,,GitHub API,,False,False,False
,,,,,,,GitHub API,,False,False,False
,,,,,,,GitHub API,,False,False,False
,,,,,,,GitHub API,,False,False,False
,,,,,,,GitHub API,,False,False,False
,,,,,,,GitHub API,,False,False,False
,,,,,,,GitHub API,,False,False,False
,,,,,,,GitHub API,,False,False,False
,,,,,,,GitHub API,,False,False,False
,,,,,,,GitHub API,,False,False,False
,,,,,,,GitHub API,,False,False,False
,,,,,,,GitHub API,,False,False,False
,,,,,,,GitHub API,,False,False,False
,,,,,,,GitHub API,,False,False,False
,,,,,,,GitHub API,,False,False,False
,,,,,,,GitHub API,,False,False,False
,,,,,,,GitHub API,,False,False,False
,,,,,,,GitHub API,,False,False,False
,,,,,,,GitHub API,,False,False,False
,,,,,,,GitHub API,,False,False,False
,,,,,,,GitHub API,,False,False,False
,,,,,,,GitHub API,,False,False,False
,,,,,,,GitHub API,,False,False,False
,,,,,,,GitHub API,,False,False,False
,,,,,,,GitHub API,,False,False,False
,,,,,,,GitHub API,,False,False,False
,,,,,,,GitHub API,,False,False,False
,,,,,,,GitHub API,,False,False,False
,,,,,,,GitHub API,,False,False,False
,,,,,,,GitHub API,,False,False,False
,,,,,,,GitHub API,,False,False,False
,,,,,,,GitHub API,,False,False,False
,,,,,,,GitHub API,,False,False,False
,,,,,,,GitHub API,,False,False,False
,,,,,,,GitHub API,,False,False,False
,,,,,,,GitHub API,,False,False,False
,,,,,,,GitHub API,,False,False,False
,,,,,,,GitHub API,,False,False,False
,,,,,,,GitHub API,,False,False,False
,,,,,,,GitHub API,,False,False,False
,,,,,,,GitHub API,,False,False,False
,,,,,,,GitHub API,,False,False,False
,,,,,,,GitHub API,,False,False,False
,,,,,,,GitHub API,,False,False,False
,,,,,,,GitHub API,,False,False,False
,,,,,,,GitHub API,,False,False,False
,,,,,,,GitHub API,,False,False,False
,,,,,,,GitHub API,,False,False,False
,,,,,,,GitHub API,,False,False,False
,,,,,,,GitHub API,,False,False,False
,,,,,,,GitHub API,,False,False,False
,,,,,,,GitHub API,,False,False,False
,,,,,,,GitHub API,,False,False,False
,,,,,,,GitHub API,,False,False,False
,,,,,,,GitHub API,,False,False,False
,,,,,,,GitHub API,,False,False,False
,,,,,,,GitHub API,,False,False,False
,,,,,,,GitHub API,,False,False,False
,,,,,,,GitHub API,,False,False,False
,,,,,,,GitHub API,,False,False,False
,,,,,,,GitHub API,,False,False,False
,,,,,,,GitHub API,,False,False,False
,,,,,,,GitHub API,,False,False,False
,,,,,,,GitHub API,,False,False,False
,,,,,,,GitHub API,,False,False,False
,,,,,,,GitHub API,,False,False,False
,,,,,,,GitHub API,,False,False,False
,,,,,,,GitHub API,,False,False,False
,,,,,,,GitHub API,,False,False,False
,,,,,,,GitHub API,,False,False,False
,,,,,,,GitHub API,,False,False,False
,,,,,,,GitHub API,,False,False,False
,,,,,,,GitHub API,,False,False,False
,,,,,,,GitHub API,,False,False,False
,,,,,,,GitHub API,,False,False,False
,,,,,,,GitHub API,,False,False,False
,,,,,,,GitHub API,,False,False,False
,,,,,,,GitHub API,,False,False,False
,,,,,,,GitHub API,,False,False,False
,,,,,,,GitHub API,,False,False,False
,,,,,,,GitHub API,,False,False,False
,,,,,,,GitHub API,,False,False,False
,,,,,,,GitHub API,,False,False,False
,,,,,,,GitHub API,,False,False,False
,,,,,,,GitHub API,,False,False,False
,,,,,,,GitHub API,,False,False,False
,,,,,,,GitHub API,,False,False,False
,,,,,,,GitHub API,,False,False,False
,,,,,,,GitHub API,,False,False,False
,,,,,,,GitHub API,,False,False,False
,,,,,,,GitHub API,,False,False,False
,,,,,,,GitHub API,,False,False,False
,,,,,,,GitHub API,,False,False,False
,,,,,,,GitHub API,,False,False,False
,,,,,,,GitHub API,,False,False,False
,,,,,,,GitHub API,,False,False,False
,,,,,,,GitHub API,,False,False,False
,,,,,,,GitHub API,,False,False,False
,,,,,,,GitHub API,,False,False,False
,,,,,,,GitHub API,,False,False,False
,,,,,,,GitHub API,,False,False,False
,,,,,,,GitHub API,,False,False,False
,,,,,,,GitHub API,,False,False,False
,,,,,,,GitHub API,,False,False,False
,,,,,,,GitHub API,,False,False,False
,,,,,,,GitHub API,,False,False,False
,,,,,,,GitHub API,,False,False,False
,,,,,,,GitHub API,,False,False,False
,,,,,,,GitHub API,,False,False,False
,,,,,,,GitHub API,,False,False,False
,,,,,,,GitHub API,,False,False,False
,,,,,,,GitHub API,,False,False,False
,,,,,,,GitHub API,,False,False,False
,,,,,,,GitHub API,,False,False,False
,,,,,,,GitHub API,,False,False,False
,,,,,,,GitHub API,,False,False,False
,,,,,,,GitHub API,,False,False,False
,,,,,,,GitHub API,,False,False,False
,,,,,,,GitHub API,,False,False,False
,,,,,,,GitHub API,,False,False,False
,,,,,,,GitHub API,,False,False,False
,,,,,,,GitHub API,,False,False,False
,,,,,,,GitHub API,,False,False,False
,,,,,,,GitHub API,,False,False,False
,,,,,,,GitHub API,,False,False,False
,,,,,,,GitHub API,,False,False,False
,,,,,,,GitHub API,,False,False,False
,,,,,,,GitHub API,,False,False,False
,,,,,,,GitHub API,,False,False,False
,,,,,,,GitHub API,,False,False,False
,,,,,,,GitHub API,,False,False,False
,,,,,,,GitHub API,,False,False,False
,,,,,,,GitHub API,,False,False,False
,,,,,,,GitHub API,,False,False,False
,,,,,,,GitHub API,,False,False,False
,,,,,,,GitHub API,,False,False,False
,,,,,,,GitHub API,,False,False,False
,,,,,,,GitHub API,,False,False,False
,,,,,,,GitHub API,,False,False,False
,,,,,,,GitHub API,,False,False,False
,,,,,,,GitHub API,,False,False,False
,,,,,,,GitHub API,,False,False,False
,,,,,,,GitHub API,,False,False,False
,,,,,,,GitHub API,,False,False,False
,,,,,,,GitHub API,,False,False,False
,,,,,,,GitHub API,,False,False,False
,,,,,,,GitHub API,,False,False,False
,,,,,,,GitHub API,,False,False,False
,,,,,,,GitHub API,,False,False,False
,,,,,,,GitHub API,,False,False,False
,,,,,,,GitHub API,,False,False,False
,,,,,,,GitHub API,,False,False,False
,,,,,,,GitHub API,,False,False,False
,,,,,,,GitHub API,,False,False,False
,,,,,,,GitHub API,,False,False,False
,,,,,,,GitHub API,,False,False,False
,,,,,,,GitHub API,,False,False,False
,,,,,,,GitHub API,,False,False,False
,,,,,,,GitHub API,,False,False,False
,,,,,,,GitHub API,,False,False,False
,,,,,,,GitHub API,,False,False,False
,,,,,,,GitHub API,,False,False,False
,,,,,,,GitHub API,,False,False,False
,,,,,,,GitHub API,,False,False,False
,,,,,,,GitHub API,,False,False,False
,,,,,,,GitHub API,,False,False,False
,,,,,,,GitHub API,,False,False,False
,,,,,,,GitHub API,,False,False,False
,,,,,,,GitHub API,,False,False,False
,,,,,,,GitHub API,,False,False,False
,,,,,,,GitHub API,,False,False,False
,,,,,,,GitHub API,,False,False,False
,,,,,,,GitHub API,,False,False,False
,,,,,,,GitHub API,,False,False,False
,,,,,,,GitHub API,,False,False,False
,,,,,,,GitHub API,,False,False,False
,,,,,,,GitHub API,,False,False,False
,,,,,,,GitHub API,,False,False,False
,,,,,,,GitHub API,,False,False,False
,,,,,,,GitHub API,,False,False,False
,,,,,,,GitHub API,,False,False,False
,,,,,,,GitHub API,,False,False,False
,,,,,,,GitHub API,,False,False,False
,,,,,,,GitHub API,,False,False,False
,,,,,,,GitHub API,,False,False,False
,,,,,,,GitHub API,,False,False,False
,,,,,,,GitHub API,,False,False,False
,,,,,,,GitHub API,,False,False,False
,,,,,,,GitHub API,,False,False,False
,,,,,,,GitHub API,,False,False,False
,,,,,,,GitHub API,,False,False,False
,,,,,,,GitHub API,,False,False,False
,,,,,,,GitHub API,,False,False,False
,,,,,,,GitHub API,,False,False,False
,,,,,,,GitHub API,,False,False,False
,,,,,,,GitHub API,,False,False,False
,,,,,,,GitHub API,,False,False,False
,,,,,,,GitHub API,,False,False,False
,,,,,,,GitHub API,,False,False,False
,,,,,,,GitHub API,,False,False,False
,,,,,,,GitHub API,,False,False,False
,,,,,,,GitHub API,,False,False,False
,,,,,,,GitHub API,,False,False,False
,,,,,,,GitHub API,,False,False,False
,,,,,,,GitHub API,,False,False,False
,,,,,,,GitHub API,,False,False,False
,,,,,,,GitHub API,,False,False,False
,,,,,,,GitHub API,,False,False,False
,,,,,,,GitHub API,,False,False,False
,,,,,,,GitHub API,,False,False,False
,,,,,,,GitHub API,,False,False,False
,,,,,,,GitHub API,,False,False,False
,,,,,,,GitHub API,,False,False,False
,,,,,,,GitHub API,,False,False,False
,,,,,,,GitHub API,,False,False,False
,,,,,,,GitHub API,,False,False,False
,,,,,,,GitHub API,,False,False,False
,,,,,,,GitHub API,,False,False,False
,,,,,,,GitHub API,,False,False,False
,,,,,,,GitHub API,,False,False,False
,,,,,,,GitHub API,,False,False,False
,,,,,,,GitHub API,,False,False,False
,,,,,,,GitHub API,,False,False,False
,,,,,,,GitHub API,,False,False,False
,,,,,,,GitHub API,,False,False,False
,,,,,,,GitHub API,,False,False,False
,,,,,,,GitHub API,,False,False,False
,,,,,,,GitHub API,,False,False,False
,,,,,,,GitHub API,,False,False,False
,,,,,,,GitHub API,,False,False,False
,,,,,,,GitHub API,,False,False,False
,,,,,,,GitHub API,,False,False,False
,,,,,,,GitHub API,,False,False,False
,,,,,,,GitHub API,,False,False,False
,,,,,,,GitHub API,,False,False,False
,,,,,,,GitHub API,,False,False,False
,,,,,,,GitHub API,,False,False,False
,,,,,,,GitHub API,,False,False,False
,,,,,,,GitHub API,,False,False,False
,,,,,,,GitHub API,,False,False,False
,,,,,,,GitHub API,,False,False,False
,,,,,,,GitHub API,,False,False,False
,,,,,,,GitHub API,,False,False,False
,,,,,,,GitHub API,,False,False,False
,,,,,,,GitHub API,,False,False,False
,,,,,,,GitHub API,,False,False,False
,,,,,,,GitHub API,,False,False,False
,,,,,,,GitHub API,,False,False,False
,,,,,,,GitHub API,,False,False,False
,,,,,,,GitHub API,,False,False,False
,,,,,,,GitHub API,,False,False,False
,,,,,,,GitHub API,,False,False,False
,,,,,,,GitHub API,,False,False,False
,,,,,,,GitHub API,,False,False,False
,,,,,,,GitHub API,,False,False,False
,,,,,,,GitHub API,,False,False,False
,,,,,,,GitHub API,,False,False,False
,,,,,,,GitHub API,,False,False,False
,,,,,,,GitHub API,,False,False,False
,,,,,,,GitHub API,,False,False,False
,,,,,,,GitHub API,,False,False,False
,,,,,,,GitHub API,,False,False,False
,,,,,,,GitHub API,,False,False,False
,,,,,,,GitHub API,,False,False,False
,,,,,,,GitHub API,,False,False,False
,,,,,,,GitHub API,,False,False,False
,,,,,,,GitHub API,,False,False,False
,,,,,,,GitHub API,,False,False,False
,,,,,,,GitHub API,,False,False,False
,,,,,,,GitHub API,,False,False,False
,,,,,,,GitHub API,,False,False,False
,,,,,,,GitHub API,,False,False,False
,,,,,,,GitHub API,,False,False,False
,,,,,,,GitHub API,,False,False,False
,,,,,,,GitHub API,,False,False,False
,,,,,,,GitHub API,,False,False,False
,,,,,,,GitHub API,,False,False,False
,,,,,,,GitHub API,,False,False,False
,,,,,,,GitHub API,,False,False,False
,,,,,,,GitHub API,,False,False,False
,,,,,,,GitHub API,,False,False,False
,,,,,,,GitHub API,,False,False,False
,,,,,,,GitHub API,,False,False,False
,,,,,,,GitHub API,,False,False,False
,,,,,,,GitHub API,,False,False,False
,,,,,,,GitHub API,,False,False,False
,,,,,,,GitHub API,,False,False,False
,,,,,,,GitHub API,,False,False,False
,,,,,,,GitHub API,,False,False,False
,,,,,,,GitHub API,,False,False,False
,,,,,,,GitHub API,,False,False,False
,,,,,,,GitHub API,,False,False,False
,,,,,,,GitHub API,,False,False,False
,,,,,,,GitHub API,,False,False,False
,,,,,,,GitHub API,,False,False,False
,,,,,,,GitHub API,,False,False,False
,,,,,,,GitHub API,,False,False,False
,,,,,,,GitHub API,,False,False,False
,,,,,,,GitHub API,,False,False,False
,,,,,,,GitHub API,,False,False,False
,,,,,,,GitHub API,,False,False,False
,,,,,,,GitHub API,,False,False,False
,,,,,,,GitHub API,,False,False,False
,,,,,,,GitHub API,,False,False,False
,,,,,,,GitHub API,,False,False,False
,,,,,,,GitHub API,,False,False,False
,,,,,,,GitHub API,,False,False,False
,,,,,,,GitHub API,,False,False,False
,,,,,,,GitHub API,,False,False,False
,,,,,,,GitHub API,,False,False,False
,,,,,,,GitHub API,,False,False,False
,,,,,,,GitHub API,,False,False,False
,,,,,,,GitHub API,,False,False,False
,,,,,,,GitHub API,,False,False,False
,,,,,,,GitHub API,,False,False,False
,,,,,,,GitHub API,,False,False,False
,,,,,,,GitHub API,,False,False,False
,,,,,,,GitHub API,,False,False,False
,,,,,,,GitHub API,,False,False,False
,,,,,,,GitHub API,,False,False,False
,,,,,,,GitHub API,,False,False,False
,,,,,,,GitHub API,,False,False,False
,,,,,,,GitHub API,,False,False,False
,,,,,,,GitHub API,,False,False,False
,,,,,,,GitHub API,,False,False,False
,,,,,,,GitHub API,,False,False,False
,,,,,,,GitHub API,,False,False,False
,,,,,,,GitHub API,,False,False,False
,,,,,,,GitHub API,,False,False,False
,,,,,,,GitHub API,,False,False,False
,,,,,,,GitHub API,,False,False,False
,,,,,,,GitHub API,,False,False,False
,,,,,,,GitHub API,,False,False,False
,,,,,,,GitHub API,,False,False,False
,,,,,,,GitHub API,,False,False,False
,,,,,,,GitHub API,,False,False,False
,,,,,,,GitHub API,,False,False,False
,,,,,,,GitHub API,,False,False,False
,,,,,,,GitHub API,,False,False,False
,,,,,,,GitHub API,,False,False,False
,,,,,,,GitHub API,,False,False,False
,,,,,,,GitHub API,,False,False,False
,,,,,,,GitHub API,,False,False,False
,,,,,,,GitHub API,,False,False,False
,,,,,,,GitHub API,,False,False,False
,,,,,,,GitHub API,,False,False,False
,,,,,,,GitHub API,,False,False,False
,,,,,,,GitHub API,,False,False,False
,,,,,,,GitHub API,,False,False,False
,,,,,,,GitHub API,,False,False,False
,,,,,,,GitHub API,,False,False,False
,,,,,,,GitHub API,,False,False,False
,,,,,,,GitHub API,,False,False,False
,,,,,,,GitHub API,,False,False,False
,,,,,,,GitHub API,,False,False,False
,,,,,,,GitHub API,,False,False,False
,,,,,,,GitHub API,,False,False,False
,,,,,,,GitHub API,,False,False,False
,,,,,,,GitHub API,,False,False,False
,,,,,,,GitHub API,,False,False,False
,,,,,,,GitHub API,,False,False,False
,,,,,,,GitHub API,,False,False,False
,,,,,,,GitHub API,,False,False,False
,,,,,,,GitHub API,,False,False,False
,,,,,,,GitHub API,,False,False,False
,,,,,,,GitHub API,,False,False,False
,,,,,,,GitHub API,,False,False,False
,,,,,,,GitHub API,,False,False,False
,,,,,,,GitHub API,,False,False,False
,,,,,,,GitHub API,,False,False,False
,,,,,,,GitHub API,,False,False,False
,,,,,,,GitHub API,,False,False,False
,,,,,,,GitHub API,,False,False,False
,,,,,,,GitHub API,,False,False,False
,,,,,,,GitHub API,,False,False,False
,,,,,,,GitHub API,,False,False,False
,,,,,,,GitHub API,,False,False,False
,,,,,,,GitHub API,,False,False,False
,,,,,,,GitHub API,,False,False,False
,,,,,,,GitHub API,,False,False,False
,,,,,,,GitHub API,,False,False,False
,,,,,,,GitHub API,,False,False,False
,,,,,,,GitHub API,,False,False,False
,,,,,,,GitHub API,,False,False,False
,,,,,,,GitHub API,,False,False,False
,,,,,,,GitHub API,,False,False,False
,,,,,,,GitHub API,,False,False,False
,,,,,,,GitHub API,,False,False,False
,,,,,,,GitHub API,,False,False,False
,,,,,,,GitHub API,,False,False,False
,,,,,,,GitHub API,,False,False,False
,,,,,,,GitHub API,,False,False,False
,,,,,,,GitHub API,,False,False,False
,,,,,,,GitHub API,,False,False,False
,,,,,,,GitHub API,,False,False,False
,,,,,,,GitHub API,,False,False,False
,,,,,,,GitHub API,,False,False,False
,,,,,,,GitHub API,,False,False,False
,,,,,,,GitHub API,,False,False,False
,,,,,,,GitHub API,,False,False,False
,,,,,,,GitHub API,,False,False,False
,,,,,,,GitHub API,,False,False,False
,,,,,,,GitHub API,,False,False,False
,,,,,,,GitHub API,,False,False,False
,,,,,,,GitHub API,,False,False,False
,,,,,,,GitHub API,,False,False,False
,,,,,,,GitHub API,,False,False,False
,,,,,,,GitHub API,,False,False,False
,,,,,,,GitHub API,,False,False,False
,,,,,,,GitHub API,,False,False,False
,,,,,,,GitHub API,,False,False,False
,,,,,,,GitHub API,,False,False,False
,,,,,,,GitHub API,,False,False,False
,,,,,,,GitHub API,,False,False,False
,,,,,,,GitHub API,,False,False,False
,,,,,,,GitHub API,,False,False,False
,,,,,,,GitHub API,,False,False,False
,,,,,,,GitHub API,,False,False,False
,,,,,,,GitHub API,,False,False,False
,,,,,,,GitHub API,,False,False,False
,,,,,,,GitHub API,,False,False,False
,,,,,,,GitHub API,,False,False,False
,,,,,,,GitHub API,,False,False,False
,,,,,,,GitHub API,,False,False,False
,,,,,,,GitHub API,,False,False,False
,,,,,,,GitHub API,,False,False,False
,,,,,,,GitHub API,,False,False,False
,,,,,,,GitHub API,,False,False,False
,,,,,,,GitHub API,,False,False,False
,,,,,,,GitHub API,,False,False,False
,,,,,,,GitHub API,,False,False,False
,,,,,,,GitHub API,,False,False,False
,,,,,,,GitHub API,,False,False,False
,,,,,,,GitHub API,,False,False,False
,,,,,,,GitHub API,,False,False,False
,,,,,,,GitHub API,,False,False,False
,,,,,,,GitHub API,,False,False,False
,,,,,,,GitHub API,,False,False,False
,,,,,,,GitHub API,,False,False,False
,,,,,,,GitHub API,,False,False,False
,,,,,,,GitHub API,,False,False,False
,,,,,,,GitHub API,,False,False,False
,,,,,,,GitHub API,,False,False,False
,,,,,,,GitHub API,,False,False,False
,,,,,,,GitHub API,,False,False,False
,,,,,,,GitHub API,,False,False,False
,,,,,,,GitHub API,,False,False,False
,,,,,,,GitHub API,,False,False,False
,,,,,,,GitHub API,,False,False,False
,,,,,,,GitHub API,,False,False,False
,,,,,,,GitHub API,,False,False,False
,,,,,,,GitHub API,,False,False,False
,,,,,,,GitHub API,,False,False,False
,,,,,,,GitHub API,,False,False,False
,,,,,,,GitHub API,,False,False,False
,,,,,,,GitHub API,,False,False,False
,,,,,,,GitHub API,,False,False,False
,,,,,,,GitHub API,,False,False,False
,,,,,,,GitHub API,,False,False,False
,,,,,,,GitHub API,,False,False,False
,,,,,,,GitHub API,,False,False,False
,,,,,,,GitHub API,,False,False,False
,,,,,,,GitHub API,,False,False,False
,,,,,,,GitHub API,,False,False,False
,,,,,,,GitHub API,,False,False,False
,,,,,,,GitHub API,,False,False,False
,,,,,,,GitHub API,,False,False,False
,,,,,,,GitHub API,,False,False,False
,,,,,,,GitHub API,,False,False,False
,,,,,,,GitHub API,,False,False,False
,,,,,,,GitHub API,,False,False,False
,,,,,,,GitHub API,,False,False,False
,,,,,,,GitHub API,,False,False,False
,,,,,,,GitHub API,,False,False,False
,,,,,,,GitHub API,,False,False,False
,,,,,,,GitHub API,,False,False,False
,,,,,,,GitHub API,,False,False,False
,,,,,,,GitHub API,,False,False,False
,,,,,,,GitHub API,,False,False,False
,,,,,,,GitHub API,,False,False,False
,,,,,,,GitHub API,,False,False,False
,,,,,,,GitHub API,,False,False,False
,,,,,,,GitHub API,,False,False,False
,,,,,,,GitHub API,,False,False,False
,,,,,,,GitHub API,,False,False,False
,,,,,,,GitHub API,,False,False,False
,,,,,,,GitHub API,,False,False,False
,,,,,,,GitHub API,,False,False,False
,,,,,,,GitHub API,,False,False,False
,,,,,,,GitHub API,,False,False,False
,,,,,,,GitHub API,,False,False,False
,,,,,,,GitHub API,,False,False,False
,,,,,,,GitHub API,,False,False,False
,,,,,,,GitHub API,,False,False,False
,,,,,,,GitHub API,,False,False,False
,,,,,,,GitHub API,,False,False,False
,,,,,,,GitHub API,,False,False,False
,,,,,,,GitHub API,,False,False,False
,,,,,,,GitHub API,,False,False,False
,,,,,,,GitHub API,,False,False,False
,,,,,,,GitHub API,,False,False,False
,,,,,,,GitHub API,,False,False,False
,,,,,,,GitHub API,,False,False,False
,,,,,,,GitHub API,,False,False,False
,,,,,,,GitHub API,,False,False,False
,,,,,,,GitHub API,,False,False,False
,,,,,,,GitHub API,,False,False,False
,,,,,,,GitHub API,,False,False,False
,,,,,,,GitHub API,,False,False,False
,,,,,,,GitHub API,,False,False,False
,,,,,,,GitHub API,,False,False,False
,,,,,,,GitHub API,,False,False,False
,,,,,,,GitHub API,,False,False,False
,,,,,,,GitHub API,,False,False,False
,,,,,,,GitHub API,,False,False,False
,,,,,,,GitHub API,,False,False,False
,,,,,,,GitHub API,,False,False,False
,,,,,,,GitHub API,,False,False,False
,,,,,,,GitHub API,,False,False,False
,,,,,,,GitHub API,,False,False,False
,,,,,,,GitHub API,,False,False,False
,,,,,,,GitHub API,,False,False,False
,,,,,,,GitHub API,,False,False,False
,,,,,,,GitHub API,,False,False,False
,,,,,,,GitHub API,,False,False,False
,,,,,,,GitHub API,,False,False,False
,,,,,,,GitHub API,,False,False,False
,,,,,,,GitHub API,,False,False,False
,,,,,,,GitHub API,,False,False,False
,,,,,,,GitHub API,,False,False,False
,,,,,,,GitHub API,,False,False,False
,,,,,,,GitHub API,,False,False,False
,,,,,,,GitHub API,,False,False,False
,,,,,,,GitHub API,,False,False,False
,,,,,,,GitHub API,,False,False,False
,,,,,,,GitHub API,,False,False,False
,,,,,,,GitHub API,,False,False,False
,,,,,,,GitHub API,,False,False,False
,,,,,,,GitHub API,,False,False,False
,,,,,,,GitHub API,,False,False,False
,,,,,,,GitHub API,,False,False,False
,,,,,,,GitHub API,,False,False,False
,,,,,,,GitHub API,,False,False,False
,,,,,,,GitHub API,,False,False,False
,,,,,,,GitHub API,,False,False,False
,,,,,,,GitHub API,,False,False,False
,,,,,,,GitHub API,,False,False,False
,,,,,,,GitHub API,,False,False,False
,,,,,,,GitHub API,,False,False,False
,,,,,,,GitHub API,,False,False,False
,,,,,,,GitHub API,,False,False,False
,,,,,,,GitHub API,,False,False,False
,,,,,,,GitHub API,,False,False,False
,,,,,,,GitHub API,,False,False,False
,,,,,,,GitHub API,,False,False,False
,,,,,,,GitHub API,,False,False,False
,,,,,,,GitHub API,,False,False,False
,,,,,,,GitHub API,,False,False,False
,,,,,,,GitHub API,,False,False,False
,,,,,,,GitHub API,,False,False,False
,,,,,,,GitHub API,,False,False,False
,,,,,,,GitHub API,,False,False,False
,,,,,,,GitHub API,,False,False,False
,,,,,,,GitHub API,,False,False,False
,,,,,,,GitHub API,,False,False,False
,,,,,,,GitHub API,,False,False,False
,,,,,,,GitHub API,,False,False,False
,,,,,,,GitHub API,,False,False,False
,,,,,,,GitHub API,,False,False,False
,,,,,,,GitHub API,,False,False,False
,,,,,,,GitHub API,,False,False,False
,,,,,,,GitHub API,,False,False,False
,,,,,,,GitHub API,,False,False,False
,,,,,,,GitHub API,,False,False,False
,,,,,,,GitHub API,,False,False,False
,,,,,,,GitHub API,,False,False,False
,,,,,,,GitHub API,,False,False,False
,,,,,,,GitHub API,,False,False,False
,,,,,,,GitHub API,,False,False,False
,,,,,,,GitHub API,,False,False,False
,,,,,,,GitHub API,,False,False,False
,,,,,,,GitHub API,,False,False,False
,,,,,,,GitHub API,,False,False,False
,,,,,,,GitHub API,,False,False,False
,,,,,,,GitHub API,,False,False,False
,,,,,,,GitHub API,,False,False,False
,,,,,,,GitHub API,,False,False,False
,,,,,,,GitHub API,,False,False,False
,,,,,,,GitHub API,,False,False,False
,,,,,,,GitHub API,,False,False,False
,,,,,,,GitHub API,,False,False,False
,,,,,,,GitHub API,,False,False,False
,,,,,,,GitHub API,,False,False,False
,,,,,,,GitHub API,,False,False,False
,,,,,,,GitHub API,,False,False,False
,,,,,,,GitHub API,,False,False,False
,,,,,,,GitHub API,,False,False,False
,,,,,,,GitHub API,,False,False,False
,,,,,,,GitHub API,,False,False,False
,,,,,,,GitHub API,,False,False,False
,,,,,,,GitHub API,,False,False,False
,,,,,,,GitHub API,,False,False,False
,,,,,,,GitHub API,,False,False,False
,,,,,,,GitHub API,,False,False,False
,,,,,,,GitHub API,,False,False,False
,,,,,,,GitHub API,,False,False,False
,,,,,,,GitHub API,,False,False,False
,,,,,,,GitHub API,,False,False,False
,,,,,,,GitHub API,,False,False,False
,,,,,,,GitHub API,,False,False,False
,,,,,,,GitHub API,,False,False,False
,,,,,,,GitHub API,,False,False,False
,,,,,,,GitHub API,,False,False,False
,,,,,,,GitHub API,,False,False,False
,,,,,,,GitHub API,,False,False,False
,,,,,,,GitHub API,,False,False,False
,,,,,,,GitHub API,,False,False,False
,,,,,,,GitHub API,,False,False,False
,,,,,,,GitHub API,,False,False,False
,,,,,,,GitHub API,,False,False,False
,,,,,,,GitHub API,,False,False,False
,,,,,,,GitHub API,,False,False,False
,,,,,,,GitHub API,,False,False,False
,,,,,,,GitHub API,,False,False,False
,,,,,,,GitHub API,,False,False,False
,,,,,,,GitHub API,,False,False,False
,,,,,,,GitHub API,,False,False,False
,,,,,,,GitHub API,,False,False,False
,,,,,,,GitHub API,,False,False,False
,,,,,,,GitHub API,,False,False,False
,,,,,,,GitHub API,,False,False,False
,,,,,,,GitHub API,,False,False,False
,,,,,,,GitHub API,,False,False,False
,,,,,,,GitHub API,,False,False,False
,,,,,,,GitHub API,,False,False,False
,,,,,,,GitHub API,,False,False,False
,,,,,,,GitHub API,,False,False,False
,,,,,,,GitHub API,,False,False,False
,,,,,,,GitHub API,,False,False,False
,,,,,,,GitHub API,,False,False,False
,,,,,,,GitHub API,,False,False,False
,,,,,,,GitHub API,,False,False,False
,,,,,,,GitHub API,,False,False,False
,,,,,,,GitHub API,,False,False,False
,,,,,,,GitHub API,,False,False,False
,,,,,,,GitHub API,,False,False,False
,,,,,,,GitHub API,,False,False,False
,,,,,,,GitHub API,,False,False,False
,,,,,,,GitHub API,,False,False,False
,,,,,,,GitHub API,,False,False,False
,,,,,,,GitHub API,,False,False,False
,,,,,,,GitHub API,,False,False,False
,,,,,,,GitHub API,,False,False,False
,,,,,,,GitHub API,,False,False,False
,,,,,,,GitHub API,,False,False,False
,,,,,,,GitHub API,,False,False,False
,,,,,,,GitHub API,,False,False,False
,,,,,,,GitHub API,,False,False,False
,,,,,,,GitHub API,,False,False,False
,,,,,,,GitHub API,,False,False,False
,,,,,,,GitHub API,,False,False,False
,,,,,,,GitHub API,,False,False,False
,,,,,,,GitHub API,,False,False,False
,,,,,,,GitHub API,,False,False,False
,,,,,,,GitHub API,,False,False,False
,,,,,,,GitHub API,,False,False,False
,,,,,,,GitHub API,,False,False,False
,,,,,,,GitHub API,,False,False,False
,,,,,,,GitHub API,,False,False,False
,,,,,,,GitHub API,,False,False,False
,,,,,,,GitHub API,,False,False,False
,,,,,,,GitHub API,,False,False,False
,,,,,,,GitHub API,,False,False,False
,,,,,,,GitHub API,,False,False,False
,,,,,,,GitHub API,,False,False,False
,,,,,,,GitHub API,,False,False,False
,,,,,,,GitHub API,,False,False,False
,,,,,,,GitHub API,,False,False,False
,,,,,,,GitHub API,,False,False,False
,,,,,,,GitHub API,,False,False,False
,,,,,,,GitHub API,,False,False,False
,,,,,,,GitHub API,,False,False,False
,,,,,,,GitHub API,,False,False,False
,,,,,,,GitHub API,,False,False,False
,,,,,,,GitHub API,,False,False,False
,,,,,,,GitHub API,,False,False,False
,,,,,,,GitHub API,,False,False,False
,,,,,,,GitHub API,,False,False,False
,,,,,,,GitHub API,,False,False,False
,,,,,,,GitHub API,,False,False,False
,,,,,,,GitHub API,,False,False,False
,,,,,,,GitHub API,,False,False,False
,,,,,,,GitHub API,,False,False,False
,,,,,,,GitHub API,,False,False,False
,,,,,,,GitHub API,,False,False,False
,,,,,,,GitHub API,,False,False,False
,,,,,,,GitHub API,,False,False,False
,,,,,,,GitHub API,,False,False,False
,,,,,,,GitHub API,,False,False,False
,,,,,,,GitHub API,,False,False,False
,,,,,,,GitHub API,,False,False,False
,,,,,,,GitHub API,,False,False,False
,,,,,,,GitHub API,,False,False,False
,,,,,,,GitHub API,,False,False,False
,,,,,,,GitHub API,,False,False,False
,,,,,,,GitHub API,,False,False,False
,,,,,,,GitHub API,,False,False,False
,,,,,,,GitHub API,,False,False,False
,,,,,,,GitHub API,,False,False,False
,,,,,,,GitHub API,,False,False,False
,,,,,,,GitHub API,,False,False,False
,,,,,,,GitHub API,,False,False,False
,,,,,,,GitHub API,,False,False,False
,,,,,,,GitHub API,,False,False,False
,,,,,,,GitHub API,,False,False,False
,,,,,,,GitHub API,,False,False,False
,,,,,,,GitHub API,,False,False,False
,,,,,,,GitHub API,,False,False,False
,,,,,,,GitHub API,,False,False,False
,,,,,,,GitHub API,,False,False,False
,,,,,,,GitHub API,,False,False,False
,,,,,,,GitHub API,,False,False,False
,,,,,,,GitHub API,,False,False,False
,,,,,,,GitHub API,,False,False,False
,,,,,,,GitHub API,,False,False,False
,,,,,,,GitHub API,,False,False,False
,,,,,,,GitHub API,,False,False,False
,,,,,,,GitHub API,,False,False,False
,,,,,,,GitHub API,,False,False,False
,,,,,,,GitHub API,,False,False,False
,,,,,,,GitHub API,,False,False,False
,,,,,,,GitHub API,,False,False,False
,,,,,,,GitHub API,,False,False,False
,,,,,,,GitHub API,,False,False,False
,,,,,,,GitHub API,,False,False,False
,,,,,,,GitHub API,,False,False,False
,,,,,,,GitHub API,,False,False,False
,,,,,,,GitHub API,,False,False,False
,,,,,,,GitHub API,,False,False,False
,,,,,,,GitHub API,,False,False,False
,,,,,,,GitHub API,,False,False,False
,,,,,,,GitHub API,,False,False,False
,,,,,,,GitHub API,,False,False,False
,,,,,,,GitHub API,,False,False,False
,,,,,,,GitHub API,,False,False,False
,,,,,,,GitHub API,,False,False,False
,,,,,,,GitHub API,,False,False,False
,,,,,,,GitHub API,,False,False,False
,,,,,,,GitHub API,,False,False,False
,,,,,,,GitHub API,,False,False,False
,,,,,,,GitHub API,,False,False,False
,,,,,,,GitHub API,,False,False,False
,,,,,,,GitHub API,,False,False,False
,,,,,,,GitHub API,,False,False,False
,,,,,,,GitHub API,,False,False,False
,,,,,,,GitHub API,,False,False,False
,,,,,,,GitHub API,,False,False,False
,,,,,,,GitHub API,,False,False,False
,,,,,,,GitHub API,,False,False,False
,,,,,,,GitHub API,,False,False,False
,,,,,,,GitHub API,,False,False,False
,,,,,,,GitHub API,,False,False,False
,,,,,,,GitHub API,,False,False,False
,,,,,,,GitHub API,,False,False,False
,,,,,,,GitHub API,,False,False,False
,,,,,,,GitHub API,,False,False,False
,,,,,,,GitHub API,,False,False,False
,,,,,,,GitHub API,,False,False,False
,,,,,,,GitHub API,,False,False,False
,,,,,,,GitHub API,,False,False,False
,,,,,,,GitHub API,,False,False,False
,,,,,,,GitHub API,,False,False,False
,,,,,,,GitHub API,,False,False,False
,,,,,,,GitHub API,,False,False,False
,,,,,,,GitHub API,,False,False,False
,,,,,,,GitHub API,,False,False,False
,,,,,,,GitHub API,,False,False,False
,,,,,,,GitHub API,,False,False,False
,,,,,,,GitHub API,,False,False,False
,,,,,,,GitHub API,,False,False,False
,,,,,,,GitHub API,,False,False,False
,,,,,,,GitHub API,,False,False,False
,,,,,,,GitHub API,,False,False,False
,,,,,,,GitHub API,,False,False,False
,,,,,,,GitHub API,,False,False,False
,,,,,,,GitHub API,,False,False,False
,,,,,,,GitHub API,,False,False,False
,,,,,,,GitHub API,,False,False,False
,,,,,,,GitHub API,,False,False,False
,,,,,,,GitHub API,,False,False,False
,,,,,,,GitHub API,,False,False,False
,,,,,,,GitHub API,,False,False,False
,,,,,,,GitHub API,,False,False,False
,,,,,,,GitHub API,,False,False,False
,,,,,,,GitHub API,,False,False,False
,,,,,,,GitHub API,,False,False,False
,,,,,,,GitHub API,,False,False,False
,,,,,,,GitHub API,,False,False,False
,,,,,,,GitHub API,,False,False,False
,,,,,,,GitHub API,,False,False,False
,,,,,,,GitHub API,,False,False,False
,,,,,,,GitHub API,,False,False,False
,,,,,,,GitHub API,,False,False,False
,,,,,,,GitHub API,,False,False,False
,,,,,,,GitHub API,,False,False,False
,,,,,,,GitHub API,,False,False,False
,,,,,,,GitHub API,,False,False,False
,,,,,,,GitHub API,,False,False,False
,,,,,,,GitHub API,,False,False,False
,,,,,,,GitHub API,,False,False,False
,,,,,,,GitHub API,,False,False,False
,,,,,,,GitHub API,,False,False,False
,,,,,,,GitHub API,,False,False,False
,,,,,,,GitHub API,,False,False,False
,,,,,,,GitHub API,,False,False,False
,,,,,,,GitHub API,,False,False,False
,,,,,,,GitHub API,,False,False,False
,,,,,,,GitHub API,,False,False,False
,,,,,,,GitHub API,,False,False,False
,,,,,,,GitHub API,,False,False,False
,,,,,,,GitHub API,,False,False,False
,,,,,,,GitHub API,,False,False,False
,,,,,,,GitHub API,,False,False,False
,,,,,,,GitHub API,,False,False,False
,,,,,,,GitHub API,,False,False,False
,,,,,,,GitHub API,,False,False,False
,,,,,,,GitHub API,,False,False,False
,,,,,,,GitHub API,,False,False,False
,,,,,,,GitHub API,,False,False,False
,,,,,,,GitHub API,,False,False,False
,,,,,,,GitHub API,,False,False,False
,,,,,,,GitHub API,,False,False,False
,,,,,,,GitHub API,,False,False,False
,,,,,,,GitHub API,,False,False,False
,,,,,,,GitHub API,,False,False,False
,,,,,,,GitHub API,,False,False,False
,,,,,,,GitHub API,,False,False,False
,,,,,,,GitHub API,,False,False,False
,,,,,,,GitHub API,,False,False,False
,,,,,,,GitHub API,,False,False,False
,,,,,,,GitHub API,,False,False,False
,,,,,,,GitHub API,,False,False,False
,,,,,,,GitHub API,,False,False,False
,,,,,,,GitHub API,,False,False,False
,,,,,,,GitHub API,,False,False,False
,,,,,,,GitHub API,,False,False,False
,,,,,,,GitHub API,,False,False,False
,,,,,,,GitHub API,,False,False,False
,,,,,,,GitHub API,,False,False,False
,,,,,,,GitHub API,,False,False,False
,,,,,,,GitHub API,,False,False,False
,,,,,,,GitHub API,,False,False,False
,,,,,,,GitHub API,,False,False,False
,,,,,,,GitHub API,,False,False,False
,,,,,,,GitHub API,,False,False,False
,,,,,,,GitHub API,,False,False,False
,,,,,,,GitHub API,,False,False,False
,,,,,,,GitHub API,,False,False,False
,,,,,,,GitHub API,,False,False,False
,,,,,,,GitHub API,,False,False,False
,,,,,,,GitHub API,,False,False,False
,,,,,,,GitHub API,,False,False,False
,,,,,,,GitHub API,,False,False,False
,,,,,,,GitHub API,,False,False,False
,,,,,,,GitHub API,,False,False,False
,,,,,,,GitHub API,,False,False,False
,,,,,,,GitHub API,,False,False,False
,,,,,,,GitHub API,,False,False,False
,,,,,,,GitHub API,,False,False,False
,,,,,,,GitHub API,,False,False,False
,,,,,,,GitHub API,,False,False,False
,,,,,,,GitHub API,,False,False,False
,,,,,,,GitHub API,,False,False,False
,,,,,,,GitHub API,,False,False,False
,,,,,,,GitHub API,,False,False,False
,,,,,,,GitHub API,,False,False,False
,,,,,,,GitHub API,,False,False,False
,,,,,,,GitHub API,,False,False,False
,,,,,,,GitHub API,,False,False,False
,,,,,,,GitHub API,,False,False,False
,,,,,,,GitHub API,,False,False,False
,,,,,,,GitHub API,,False,False,False
,,,,,,,GitHub API,,False,False,False
,,,,,,,GitHub API,,False,False,False
,,,,,,,GitHub API,,False,False,False
,,,,,,,GitHub API,,False,False,False
,,,,,,,GitHub API,,False,False,False
,,,,,,,GitHub API,,False,False,False
,,,,,,,GitHub API,,False,False,False
,,,,,,,GitHub API,,False,False,False
,,,,,,,GitHub API,,False,False,False
,,,,,,,GitHub API,,False,False,False
,,,,,,,GitHub API,,False,False,False
,,,,,,,GitHub API,,False,False,False
,,,,,,,GitHub API,,False,False,False
,,,,,,,GitHub API,,False,False,False
,,,,,,,GitHub API,,False,False,False
,,,,,,,GitHub API,,False,False,False
,,,,,,,GitHub API,,False,False,False
,,,,,,,GitHub API,,False,False,False
,,,,,,,GitHub API,,False,False,False
,,,,,,,GitHub API,,False,False,False
,,,,,,,GitHub API,,False,False,False
,,,,,,,GitHub API,,False,False,False
,,,,,,,GitHub API,,False,False,False
,,,,,,,GitHub API,,False,False,False
,,,,,,,GitHub API,,False,False,False
,,,,,,,GitHub API,,False,False,False
,,,,,,,GitHub API,,False,False,False
,,,,,,,GitHub API,,False,False,False
,,,,,,,GitHub API,,False,False,False
,,,,,,,GitHub API,,False,False,False
,,,,,,,GitHub API,,False,False,False
,,,,,,,GitHub API,,False,False,False
,,,,,,,GitHub API,,False,False,False
,,,,,,,GitHub API,,False,False,False
,,,,,,,GitHub API,,False,False,False
,,,,,,,GitHub API,,False,False,False
,,,,,,,GitHub API,,False,False,False
,,,,,,,GitHub API,,False,False,False
,,,,,,,GitHub API,,False,False,False
,,,,,,,GitHub API,,False,False,False
,,,,,,,GitHub API,,False,False,False
,,,,,,,GitHub API,,False,False,False
,,,,,,,GitHub API,,False,False,False
,,,,,,,GitHub API,,False,False,False
,,,,,,,GitHub API,,False,False,False
,,,,,,,GitHub API,,False,False,False
,,,,,,,GitHub API,,False,False,False
,,,,,,,GitHub API,,False,False,False
,,,,,,,GitHub API,,False,False,False
,,,,,,,GitHub API,,False,False,False
,,,,,,,GitHub API,,False,False,False
,,,,,,,GitHub API,,False,False,False
,,,,,,,GitHub API,,False,False,False
,,,,,,,GitHub API,,False,False,False
,,,,,,,GitHub API,,False,False,False
,,,,,,,GitHub API,,False,False,False
,,,,,,,GitHub API,,False,False,False
,,,,,,,GitHub API,,False,False,False
,,,,,,,GitHub API,,False,False,False
,,,,,,,GitHub API,,False,False,False
,,,,,,,GitHub API,,False,False,False
,,,,,,,GitHub API,,False,False,False
,,,,,,,GitHub API,,False,False,False
,,,,,,,GitHub API,,False,False,False
,,,,,,,GitHub API,,False,False,False
,,,,,,,GitHub API,,False,False,False
,,,,,,,GitHub API,,False,False,False
,,,,,,,GitHub API,,False,False,False
,,,,,,,GitHub API,,False,False,False
,,,,,,,GitHub API,,False,False,False
,,,,,,,GitHub API,,False,False,False
,,,,,,,GitHub API,,False,False,False
,,,,,,,GitHub API,,False,False,False
,,,,,,,GitHub API,,False,False,False
,,,,,,,GitHub API,,False,False,False
,,,,,,,GitHub API,,False,False,False
,,,,,,,GitHub API,,False,False,False
,,,,,,,GitHub API,,False,False,False
,,,,,,,GitHub API,,False,False,False
,,,,,,,GitHub API,,False,False,False
,,,,,,,GitHub API,,False,False,False
,,,,,,,GitHub API,,False,False,False
,,,,,,,GitHub API,,False,False,False
,,,,,,,GitHub API,,False,False,False
,,,,,,,GitHub API,,False,False,False
,,,,,,,GitHub API,,False,False,False
,,,,,,,GitHub API,,False,False,False
,,,,,,,GitHub API,,False,False,False
,,,,,,,GitHub API,,False,False,False
,,,,,,,GitHub API,,False,False,False
,,,,,,,GitHub API,,False,False,False
,,,,,,,GitHub API,,False,False,False
,,,,,,,GitHub API,,False,False,False
,,,,,,,GitHub API,,False,False,False
,,,,,,,GitHub API,,False,False,False
,,,,,,,GitHub API,,False,False,False
,,,,,,,GitHub API,,False,False,False
,,,,,,,GitHub API,,False,False,False
,,,,,,,GitHub API,,False,False,False
,,,,,,,GitHub API,,False,False,False
,,,,,,,GitHub API,,False,False,False
,,,,,,,GitHub API,,False,False,False
,,,,,,,GitHub API,,False,False,False
,,,,,,,GitHub API,,False,False,False
,,,,,,,GitHub API,,False,False,False
,,,,,,,GitHub API,,False,False,False
,,,,,,,GitHub API,,False,False,False
,,,,,,,GitHub API,,False,False,False
,,,,,,,GitHub API,,False,False,False
,,,,,,,GitHub API,,False,False,False
,,,,,,,GitHub API,,False,False,False
,,,,,,,GitHub API,,False,False,False
,,,,,,,GitHub API,,False,False,False
,,,,,,,GitHub API,,False,False,False
,,,,,,,GitHub API,,False,False,False
,,,,,,,GitHub API,,False,False,False
,,,,,,,GitHub API,,False,False,False
,,,,,,,GitHub API,,False,False,False
,,,,,,,GitHub API,,False,False,False
,,,,,,,GitHub API,,False,False,False
,,,,,,,GitHub API,,False,False,False
,,,,,,,GitHub API,,False,False,False
,,,,,,,GitHub API,,False,False,False
,,,,,,,GitHub API,,False,False,False
,,,,,,,GitHub API,,False,False,False
,,,,,,,GitHub API,,False,False,False
,,,,,,,GitHub API,,False,False,False
,,,,,,,GitHub API,,False,False,False
,,,,,,,GitHub API,,False,False,False
,,,,,,,GitHub API,,False,False,False
,,,,,,,GitHub API,,False,False,False
,,,,,,,GitHub API,,False,False,False
,,,,,,,GitHub API,,False,False,False
,,,,,,,GitHub API,,False,False,False
,,,,,,,GitHub API,,False,False,False
,,,,,,,GitHub API,,False,False,False
,,,,,,,GitHub API,,False,False,False
,,,,,,,GitHub API,,False,False,False
,,,,,,,GitHub API,,False,False,False
,,,,,,,GitHub API,,False,False,False
,,,,,,,GitHub API,,False,False,False
,,,,,,,GitHub API,,False,False,False
,,,,,,,GitHub API,,False,False,False
,,,,,,,GitHub API,,False,False,False
,,,,,,,GitHub API,,False,False,False
,,,,,,,GitHub API,,False,False,False
,,,,,,,GitHub API,,False,False,False
,,,,,,,GitHub API,,False,False,False
,,,,,,,GitHub API,,False,False,False
,,,,,,,GitHub API,,False,False,False
,,,,,,,GitHub API,,False,False,False
,,,,,,,GitHub API,,False,False,False
,,,,,,,GitHub API,,False,False,False
,,,,,,,GitHub API,,False,False,False
,,,,,,,GitHub API,,False,False,False
,,,,,,,GitHub API,,False,False,False
,,,,,,,GitHub API,,False,False,False
,,,,,,,GitHub API,,False,False,False
,,,,,,,GitHub API,,False,False,False
,,,,,,,GitHub API,,False,False,False
,,,,,,,GitHub API,,False,False,False
,,,,,,,GitHub API,,False,False,False
,,,,,,,GitHub API,,False,False,False
,,,,,,,GitHub API,,False,False,False
,,,,,,,GitHub API,,False,False,False
,,,,,,,GitHub API,,False,False,False
,,,,,,,GitHub API,,False,False,False
,,,,,,,GitHub API,,False,False,False
,,,,,,,GitHub API,,False,False,False
,,,,,,,GitHub API,,False,False,False
,,,,,,,GitHub API,,False,False,False
,,,,,,,GitHub API,,False,False,False
,,,,,,,GitHub API,,False,False,False
,,,,,,,GitHub API,,False,False,False
,,,,,,,GitHub API,,False,False,False
,,,,,,,GitHub API,,False,False,False
,,,,,,,GitHub API,,False,False,False
,,,,,,,GitHub API,,False,False,False
,,,,,,,GitHub API,,False,False,False
,,,,,,,GitHub API,,False,False,False
,,,,,,,GitHub API,,False,False,False
,,,,,,,GitHub API,,False,False,False
,,,,,,,GitHub API,,False,False,False
,,,,,,,GitHub API,,False,False,False
,,,,,,,GitHub API,,False,False,False
,,,,,,,GitHub API,,False,False,False
,,,,,,,GitHub API,,False,False,False
,,,,,,,GitHub API,,False,False,False
,,,,,,,GitHub API,,False,False,False
,,,,,,,GitHub API,,False,False,False
,,,,,,,GitHub API,,False,False,False
,,,,,,,GitHub API,,False,False,False
,,,,,,,GitHub API,,False,False,False
,,,,,,,GitHub API,,False,False,False
,,,,,,,GitHub API,,False,False,False
,,,,,,,GitHub API,,False,False,False
,,,,,,,GitHub API,,False,False,False
,,,,,,,GitHub API,,False,False,False
,,,,,,,GitHub API,,False,False,False
,,,,,,,GitHub API,,False,False,False
,,,,,,,GitHub API,,False,False,False
,,,,,,,GitHub API,,False,False,False
,,,,,,,GitHub API,,False,False,False
,,,,,,,GitHub API,,False,False,False
,,,,,,,GitHub API,,False,False,False
,,,,,,,GitHub API,,False,False,False
,,,,,,,GitHub API,,False,False,False
,,,,,,,GitHub API,,False,False,False
,,,,,,,GitHub API,,False,False,False
,,,,,,,GitHub API,,False,False,False
,,,,,,,GitHub API,,False,False,False
,,,,,,,GitHub API,,False,False,False
,,,,,,,GitHub API,,False,False,False
,,,,,,,GitHub API,,False,False,False
,,,,,,,GitHub API,,False,False,False
,,,,,,,GitHub API,,False,False,False
,,,,,,,GitHub API,,False,False,False
,,,,,,,GitHub API,,False,False,False
,,,,,,,GitHub API,,False,False,False
,,,,,,,GitHub API,,False,False,False
,,,,,,,GitHub API,,False,False,False
,,,,,,,GitHub API,,False,False,False
,,,,,,,GitHub API,,False,False,False
,,,,,,,GitHub API,,False,False,False
,,,,,,,GitHub API,,False,False,False
,,,,,,,GitHub API,,False,False,False
,,,,,,,GitHub API,,False,False,False
,,,,,,,GitHub API,,False,False,False
,,,,,,,GitHub API,,False,False,False
,,,,,,,GitHub API,,False,False,False
,,,,,,,GitHub API,,False,False,False
,,,,,,,GitHub API,,False,False,False
,,,,,,,GitHub API,,False,False,False
,,,,,,,GitHub API,,False,False,False
,,,,,,,GitHub API,,False,False,False
,,,,,,,GitHub API,,False,False,False
,,,,,,,GitHub API,,False,False,False
,,,,,,,GitHub API,,False,False,False
,,,,,,,GitHub API,,False,False,False
,,,,,,,GitHub API,,False,False,False
,,,,,,,GitHub API,,False,False,False
,,,,,,,GitHub API,,False,False,False
,,,,,,,GitHub API,,False,False,False
,,,,,,,GitHub API,,False,False,False
,,,,,,,GitHub API,,False,False,False
,,,,,,,GitHub API,,False,False,False
,,,,,,,GitHub API,,False,False,False
,,,,,,,GitHub API,,False,False,False
,,,,,,,GitHub API,,False,False,False
,,,,,,,GitHub API,,False,False,False
,,,,,,,GitHub API,,False,False,False
,,,,,,,GitHub API,,False,False,False
,,,,,,,GitHub API,,False,False,False
,,,,,,,GitHub API,,False,False,False
,,,,,,,GitHub API,,False,False,False
,,,,,,,GitHub API,,False,False,False
,,,,,,,GitHub API,,False,False,False
,,,,,,,GitHub API,,False,False,False
,,,,,,,GitHub API,,False,False,False
,,,,,,,GitHub API,,False,False,False
,,,,,,,GitHub API,,False,False,False
,,,,,,,GitHub API,,False,False,False
,,,,,,,GitHub API,,False,False,False
,,,,,,,GitHub API,,False,False,False
,,,,,,,GitHub API,,False,False,False
,,,,,,,GitHub API,,False,False,False
,,,,,,,GitHub API,,False,False,False
,,,,,,,GitHub API,,False,False,False
,,,,,,,GitHub API,,False,False,False
,,,,,,,GitHub API,,False,False,False
,,,,,,,GitHub API,,False,False,False
,,,,,,,GitHub API,,False,False,False
,,,,,,,GitHub API,,False,False,False
,,,,,,,GitHub API,,False,False,False
,,,,,,,GitHub API,,False,False,False
,,,,,,,GitHub API,,False,False,False
,,,,,,,GitHub API,,False,False,False
,,,,,,,GitHub API,,False,False,False
,,,,,,,GitHub API,,False,False,False
,,,,,,,GitHub API,,False,False,False
,,,,,,,GitHub API,,False,False,False
,,,,,,,GitHub API,,False,False,False
,,,,,,,GitHub API,,False,False,False
,,,,,,,GitHub API,,False,False,False
,,,,,,,GitHub API,,False,False,False
,,,,,,,GitHub API,,False,False,False
,,,,,,,GitHub API,,False,False,False
,,,,,,,GitHub API,,False,False,False
,,,,,,,GitHub API,,False,False,False
,,,,,,,GitHub API,,False,False,False
,,,,,,,GitHub API,,False,False,False
,,,,,,,GitHub API,,False,False,False
,,,,,,,GitHub API,,False,False,False
,,,,,,,GitHub API,,False,False,False
,,,,,,,GitHub API,,False,False,False
,,,,,,,GitHub API,,False,False,False
,,,,,,,GitHub API,,False,False,False
,,,,,,,GitHub API,,False,False,False
,,,,,,,GitHub API,,False,False,False
,,,,,,,GitHub API,,False,False,False
,,,,,,,GitHub API,,False,False,False
,,,,,,,GitHub API,,False,False,False
,,,,,,,GitHub API,,False,False,False
,,,,,,,GitHub API,,False,False,False
,,,,,,,GitHub API,,False,False,False
,,,,,,,GitHub API,,False,False,False
,,,,,,,GitHub API,,False,False,False
,,,,,,,GitHub API,,False,False,False
,,,,,,,GitHub API,,False,False,False
,,,,,,,GitHub API,,False,False,False
,,,,,,,GitHub API,,False,False,False
,,,,,,,GitHub API,,False,False,False
,,,,,,,GitHub API,,False,False,False
,,,,,,,GitHub API,,False,False,False
,,,,,,,GitHub API,,False,False,False
,,,,,,,GitHub API,,False,False,False
,,,,,,,GitHub API,,False,False,False
,,,,,,,GitHub API,,False,False,False
,,,,,,,GitHub API,,False,False,False
,,,,,,,GitHub API,,False,False,False
,,,,,,,GitHub API,,False,False,False
,,,,,,,GitHub API,,False,False,False
,,,,,,,GitHub API,,False,False,False
,,,,,,,GitHub API,,False,False,False
,,,,,,,GitHub API,,False,False,False
,,,,,,,GitHub API,,False,False,False
,,,,,,,GitHub API,,False,False,False
,,,,,,,GitHub API,,False,False,False
,,,,,,,GitHub API,,False,False,False
,,,,,,,GitHub API,,False,False,False
,,,,,,,GitHub API,,False,False,False
,,,,,,,GitHub API,,False,False,False
,,,,,,,GitHub API,,False,False,False
,,,,,,,GitHub API,,False,False,False
,,,,,,,GitHub API,,False,False,False
,,,,,,,GitHub API,,False,False,False
,,,,,,,GitHub API,,False,False,False
,,,,,,,GitHub API,,False,False,False
,,,,,,,GitHub API,,False,False,False
,,,,,,,GitHub API,,False,False,False
,,,,,,,GitHub API,,False,False,False
,,,,,,,GitHub API,,False,False,False
,,,,,,,GitHub API,,False,False,False
,,,,,,,GitHub API,,False,False,False
,,,,,,,GitHub API,,False,False,False
,,,,,,,GitHub API,,False,False,False
,,,,,,,GitHub API,,False,False,False
,,,,,,,GitHub API,,False,False,False
,,,,,,,GitHub API,,False,False,False
,,,,,,,GitHub API,,False,False,False
,,,,,,,GitHub API,,False,False,False
,,,,,,,GitHub API,,False,False,False
,,,,,,,GitHub API,,False,False,False
,,,,,,,GitHub API,,False,False,False
,,,,,,,GitHub API,,False,False,False
,,,,,,,GitHub API,,False,False,False
,,,,,,,GitHub API,,False,False,False
,,,,,,,GitHub API,,False,False,False
,,,,,,,GitHub API,,False,False,False
,,,,,,,GitHub API,,False,False,False
,,,,,,,GitHub API,,False,False,False
,,,,,,,GitHub API,,False,False,False
,,,,,,,GitHub API,,False,False,False
,,,,,,,GitHub API,,False,False,False
,,,,,,,GitHub API,,False,False,False
,,,,,,,GitHub API,,False,False,False
,,,,,,,GitHub API,,False,False,False
,,,,,,,GitHub API,,False,False,False
,,,,,,,GitHub API,,False,False,False
,,,,,,,GitHub API,,False,False,False
,,,,,,,GitHub API,,False,False,False
,,,,,,,GitHub API,,False,False,False
,,,,,,,GitHub API,,False,False,False
,,,,,,,GitHub API,,False,False,False
,,,,,,,GitHub API,,False,False,False
,,,,,,,GitHub API,,False,False,False
,,,,,,,GitHub API,,False,False,False
,,,,,,,GitHub API,,False,False,False
,,,,,,,GitHub API,,False,False,False
,,,,,,,GitHub API,,False,False,False
,,,,,,,GitHub API,,False,False,False
,,,,,,,GitHub API,,False,False,False
,,,,,,,GitHub API,,False,False,False
,,,,,,,GitHub API,,False,False,False
,,,,,,,GitHub API,,False,False,False
,,,,,,,GitHub API,,False,False,False
,,,,,,,GitHub API,,False,False,False
,,,,,,,GitHub API,,False,False,False
,,,,,,,GitHub API,,False,False,False
,,,,,,,GitHub API,,False,False,False
,,,,,,,GitHub API,,False,False,False
,,,,,,,GitHub API,,False,False,False
,,,,,,,GitHub API,,False,False,False
,,,,,,,GitHub API,,False,False,False
,,,,,,,GitHub API,,False,False,False
,,,,,,,GitHub API,,False,False,False
,,,,,,,GitHub API,,False,False,False
,,,,,,,GitHub API,,False,False,False
,,,,,,,GitHub API,,False,False,False
,,,,,,,GitHub API,,False,False,False
,,,,,,,GitHub API,,False,False,False
,,,,,,,GitHub API,,False,False,False
,,,,,,,GitHub API,,False,False,False
,,,,,,,GitHub API,,False,False,False
,,,,,,,GitHub API,,False,False,False
,,,,,,,GitHub API,,False,False,False
,,,,,,,GitHub API,,False,False,False
,,,,,,,GitHub API,,False,False,False
,,,,,,,GitHub API,,False,False,False
,,,,,,,GitHub API,,False,False,False
,,,,,,,GitHub API,,False,False,False
,,,,,,,GitHub API,,False,False,False
tool_3368f4466cd5669e,manifold,Manifold is an experimental platform for enabling long horizon workflow automation using teams of AI assistants.,https://intelligence.dev,,https://github.com/intelligencedev/manifold,,GitHub API,https://github.com/intelligencedev/manifold,False,False,False
tool_e8c1522d06479cb5,chart-visualization-skills,⛏️ Turning data into a visual language for better thinking with Skills.,https://github.com/antvis/chart-visualization-skills,,https://github.com/antvis/chart-visualization-skills,,GitHub API,https://github.com/antvis/chart-visualization-skills,False,False,False
tool_fbc08a6bb4d9de79,KKTerm,"Super-tool for vibe coders & system admins — terminals, SSH, SFTP, RDP/VNC, dashboards, install helpers, and a built-in AI assistant.",https://kkterm.ryantsai.com,,https://github.com/ryantsai/KKTerm,,GitHub API,https://github.com/ryantsai/KKTerm,False,False,False
tool_bf3ff6752453d906,memory-forge-rs,"Stop resetting satisfying AI chats — edit the memory instead. Local session manager for Claude Code, Codex & OpenCode & Gemini CLI &  Kiro CLI & pi &Cursor . Tauri + Rust, 100% offline - 记忆操控，可视化随意改写AI记忆",https://github.com/voidcraft-dev/memory-forge-rs,,https://github.com/voidcraft-dev/memory-forge-rs,,GitHub API,https://github.com/voidcraft-dev/memory-forge-rs,False,False,False
tool_1c8cbc72254a60f0,claude-code-statusline,"Transform your Claude Code terminal with atomic precision statusline. Features flexible layouts, real-time cost tracking, MCP monitoring, prayer times, and beautiful themes.",https://github.com/rz1989s/claude-code-statusline,,https://github.com/rz1989s/claude-code-statusline,,GitHub API,https://github.com/rz1989s/claude-code-statusline,False,False,False
tool_f4ff245c4fef1971,better-deepseek,"A powerful browser extension that supercharges DeepSeek Chat with custom tooling, persistent memory, and seamless project scaffolding. Generate and download files, run Python in-browser, create PowerPoint and Excel documents, build multi-file projects as ZIP archives, and manage custom skills and characters.",https://chromewebstore.google.com/detail/better-deepseek/aabiopennjmopfippagcalmkdjlepdhh,,https://github.com/EdgeTypE/better-deepseek,,GitHub API,https://github.com/EdgeTypE/better-deepseek,False,False,False
tool_d9d97ae71c326b29,graymatter,30 sec to give your AI agents persistent memory. Reduce 90% token consumption while also maintaining quality.,https://graymatter.nickcerutti.workers.dev,,https://github.com/angelnicolasc/graymatter,,GitHub API,https://github.com/angelnicolasc/graymatter,False,False,False
tool_69dd9640e5714e01,thinkrail,"Vibe code with pi in a lightweight, real IDE - The Vibe You Need",https://thinkrail.ai,,https://github.com/JetBrains/thinkrail,,GitHub API,https://github.com/JetBrains/thinkrail,False,False,False
tool_f2c8e4c4fa788bf7,thoughtdag,Your thinking deserves a map: an infinite canvas where LLM conversations grow into an editable thought graph. Wires are the context.,https://chenxiachan.github.io/thoughtdag,,https://github.com/chenxiachan/thoughtdag,,GitHub API,https://github.com/chenxiachan/thoughtdag,False,False,False
tool_898316f89c5bd5f5,51mazi,我要码字，这可能会是最好用的小说写作软件。51mazi是一款专为小说创作开发的桌面端写作软件，它不仅集成了随机取名，小说地图设计、关系图谱、人物档案，时间线等创作辅助工具，还集成了AI写作、AI生成封面，AI生成人物图等AI辅助功能，此外，还支持网文小说下载，让小说创作变得更加高效和有趣。,https://51mazi.com,,https://github.com/xiaoshengxianjun/51mazi,,GitHub API,https://github.com/xiaoshengxianjun/51mazi,False,False,False
tool_0c415512cf40cd24,claudeblattman,"Claude Code for academics — skills, agents, and setup guides",https://github.com/chrisblattman/claudeblattman,,https://github.com/chrisblattman/claudeblattman,,GitHub API,https://github.com/chrisblattman/claudeblattman,False,False,False
tool_62b623d779938a1e,codux,⬛  A native connected terminal for AI agent development. 为 AI Agent 开发而生的原生互联终端。,https://codux.work,,https://github.com/duxweb/codux,,GitHub API,https://github.com/duxweb/codux,False,False,False
tool_bc35c8a79f53a960,snip,"CLI proxy that reduces LLM token usage by 60-90%. Declarative YAML filters for Claude Code, Cursor, Copilot, Gemini. rtk alternative in Go.",https://edouard-claude.github.io/snip,,https://github.com/edouard-claude/snip,,GitHub API,https://github.com/edouard-claude/snip,False,False,False
tool_32459a8619c71488,claude-legal-skill,"AI-powered contract review skill with CUAD risk detection, market benchmarks, and lawyer-ready redlines. Works with Claude Code, Codex, Cursor, and 26+ tools.",https://ctsheehan.com,,https://github.com/evolsb/claude-legal-skill,,GitHub API,https://github.com/evolsb/claude-legal-skill,False,False,False
tool_7e5c87f44a30be8d,paper2anything,"An agent skills pack that turns an academic paper PDF into slides, a poster, a webpage, a Xiaohongshu post, or a WeChat article (paper2slides/poster/html/xhs/wechat)",https://quzhan51496.github.io/paper2anything,,https://github.com/QuZhan51496/paper2anything,,GitHub API,https://github.com/QuZhan51496/paper2anything,False,False,False
tool_5551ae6836e6bb58,xhs_matrix_system,小红书自动化运营系统，支持多账号管理、定时批量智能发文、素材二创等功能。,https://github.com/Admin6016/xhs_matrix_system,,https://github.com/Admin6016/xhs_matrix_system,,GitHub API,https://github.com/Admin6016/xhs_matrix_system,False,False,False
tool_fa700d362e9e8d1f,Interceptor,Agent-driven Chrome extension for full browser control via CLI,https://github.com/Hacker-Valley-Media/Interceptor,,https://github.com/Hacker-Valley-Media/Interceptor,,GitHub API,https://github.com/Hacker-Valley-Media/Interceptor,False,False,False
tool_93dc23b4fb4758aa,clawdcursor,"clawdcursor compiles whatever's on screen into one UI map — accessibility tree and OCR fused into stable, addressable elements, with a screenshot only when needed — then drives apps through reusable scripts, verifying every action and routing it through a single safety gate.",https://clawdcursor.com,,https://github.com/AmrDab/clawdcursor,,GitHub API,https://github.com/AmrDab/clawdcursor,False,False,False
tool_8ca2d887af013cf9,openabcode,OpenABCode is an coding agent that dynamically routes development tasks to the best-suited models,https://openabcode.com,,https://github.com/matrixmapai/openabcode,,GitHub API,https://github.com/matrixmapai/openabcode,False,False,False
tool_8ae878774b24f61b,promptscript,"Prompt-as-Code for Enterprise AI. Standardize, audit, and deploy instructions across any AI coding assistant.",https://getpromptscript.dev,,https://github.com/mrwogu/promptscript,,GitHub API,https://github.com/mrwogu/promptscript,False,False,False
tool_5ec329f411774298,homunculus,"A Claude Code plugin that watches how you work, learns your patterns, and evolves itself to help you better.",https://humanplane.com/homunculus,,https://github.com/humanplane/homunculus,,GitHub API,https://github.com/humanplane/homunculus,False,False,False
tool_f7558c7767a60de1,kindly-web-search-mcp-server,"Kindly Web Search MCP Server: Web search + robust content retrieval for AI coding tools (Claude Code, Codex, Cursor, GitHub Copilot, Gemini, etc.) and AI agents (Claude Desktop, OpenClaw, Hermes, etc.). Supports Serper, Tavily, and SearXNG.",https://shelpuk.com,,https://github.com/Shelpuk-AI-Technology-Consulting/kindly-web-search-mcp-server,,GitHub API,https://github.com/Shelpuk-AI-Technology-Consulting/kindly-web-search-mcp-server,False,False,False
tool_d3f07d5be350e396,convertigo,Convertigo is an Ai powered open source Enterprise Low Code platform including a No Code  Application builder for full-stack mobile and web application development,https://convertigo.com,,https://github.com/convertigo/convertigo,,GitHub API,https://github.com/convertigo/convertigo,False,False,False
tool_6e8927cdb2d1713b,cross-code-organizer,"Cross-Code Organizer (formerly Claude Code Organizer): cross-harness config dashboard for Claude Code, Codex CLI, MCP servers, skills, memories, agents, sessions, security scanning, context budget, and backups.",https://npmjs.com/package/@mcpware/cross-code-organizer,,https://github.com/mcpware/cross-code-organizer,,GitHub API,https://github.com/mcpware/cross-code-organizer,False,False,False
tool_23d50df0c1a8058e,codai,AI coding agent for your terminal.,https://github.com/meysamhadeli/codai,,https://github.com/meysamhadeli/codai,,GitHub API,https://github.com/meysamhadeli/codai,False,False,False
tool_d4b3e7b9762b51bc,spacecake,the best interface for Claude Code,https://spacecake.ai,,https://github.com/spacecake-labs/spacecake,,GitHub API,https://github.com/spacecake-labs/spacecake,False,False,False
tool_b61f9d4130829b72,claude-code-usage-bar,"Lightweight Claude Code statusLine: 5h/7d rate-limit usage, reset countdowns, model + context window, prompt-cache age — one line, 3 styles × 9 themes, daemon fast-mode",https://pypi.org/project/claude-statusbar,,https://github.com/leeguooooo/claude-code-usage-bar,,GitHub API,https://github.com/leeguooooo/claude-code-usage-bar,False,False,False
tool_5a03fc9cb1e16763,claude-code-trace,"Claude Code session log viewer for JSONL files in ~/.claude/projects. Browse conversations, tool calls, tokens, and live tail sessions on desktop, web, and TUI.",https://github.com/delexw/claude-code-trace,,https://github.com/delexw/claude-code-trace,,GitHub API,https://github.com/delexw/claude-code-trace,False,False,False
tool_eba062370687e728,klaatcode,"Open-source AI coding agent for the terminal. Claude Code-grade accuracy with smart model routing — uses the right AI model for each task, cutting costs 10x. Supports Claude, GPT, Gemini, DeepSeek & more.",https://klaatai.com,,https://github.com/KlaatAI/klaatcode,,GitHub API,https://github.com/KlaatAI/klaatcode,False,False,False
tool_1f8b66d4725ecc63,chainlink,A CLI issue tracker for AI Agents,https://github.com/dollspace-gay/chainlink,,https://github.com/dollspace-gay/chainlink,,GitHub API,https://github.com/dollspace-gay/chainlink,False,False,False
tool_3aa3c8e24334d8f0,Ataru,"High-performance AI memory retrieval for local agent history — a Rust search core (SDK / API / JSON CLI) plus a desktop GUI. Tantivy + Jieba keyword search, optional semantic recall, stable Turn/Run/Session/Project IDs.",https://lovstudio.ai/app/ataru,,https://github.com/lovstudio/Ataru,,GitHub API,https://github.com/lovstudio/Ataru,False,False,False
tool_2ab8426d525c744c,skills-for-architects,"Claude Code skills for architecture, real estate, and workplace strategy. Type /skill-name and go.",https://alpa.llc/skills,,https://github.com/AlpacaLabsLLC/skills-for-architects,,GitHub API,https://github.com/AlpacaLabsLLC/skills-for-architects,False,False,False
tool_808603bf11a72169,gemini-desktop,"⚠️ On hiatus / not actively maintained — Native desktop client for Google Gemini on Windows, macOS, and Linux. Global hotkeys, Spotlight-style Quick Chat, zero data collection.",https://bwendell.github.io/gemini-desktop,,https://github.com/bwendell/gemini-desktop,,GitHub API,https://github.com/bwendell/gemini-desktop,False,False,False
tool_8649ecb6acef4e13,openagentskill,The skill layer for AI agents: npm for AI Agent Skills.,https://openagentskill.com,,https://github.com/Leon-Drq/openagentskill,,GitHub API,https://github.com/Leon-Drq/openagentskill,False,False,False
tool_98ba73c3de65a993,LocalText2Voice,"A complete local production workflow for clean narration, structured learning content, and podcast-ready audio",https://andromedanova.com/localtext2voice.html,,https://github.com/estebanstifli/LocalText2Voice,,GitHub API,https://github.com/estebanstifli/LocalText2Voice,False,False,False
tool_4e4c69f885dd5f35,codexmate,"One dashboard for all your local AI coding agents. Switch providers, manage sessions, and orchestrate tasks across Codex, Claude Code, Gemini CLI, CodeBuddy Code, Pi, OpenCode, KiloCode, and OpenClaw. Zero cloud, local-first control plane.",https://sakurabytecore.github.io/codexmate,,https://github.com/SakuraByteCore/codexmate,,GitHub API,https://github.com/SakuraByteCore/codexmate,False,False,False
tool_765b997c8abc2421,ccproxy,"Build mods for Claude Code: Hook any request, modify any response, /model ""with-your-custom-model"", intelligent model routing using your logic or ours",https://github.com/starbaser/ccproxy,,https://github.com/starbaser/ccproxy,,GitHub API,https://github.com/starbaser/ccproxy,False,False,False
tool_bb20984432f37588,Dorothy,"Dorothy, the wife your AI agents needs.",https://dorothyai.app,,https://github.com/Charlie85270/Dorothy,,GitHub API,https://github.com/Charlie85270/Dorothy,False,False,False
tool_7d14b2c433c98768,Kooboo,"High-performance platform for building websites, e-commerce, and web applications—with Native AI, JavaScript development, and a marketplace for portable sites and apps.",http://kooboo.com,,https://github.com/Kooboo/Kooboo,,GitHub API,https://github.com/Kooboo/Kooboo,False,False,False
tool_d69c57135aade54a,noodle,A delicious REST client for your terminal,https://noodlerest.dev,,https://github.com/wilfredinni/noodle,,GitHub API,https://github.com/wilfredinni/noodle,False,False,False
tool_8971d5396dce8332,notebook-intelligence,"A JupyterLab extension supporting Claude Code, Copilot, Ollama, and OpenAI-compatible LLMs, with MCP, skills, plugins, and notebook agents.",https://nbi.plmbr.dev,,https://github.com/plmbr/notebook-intelligence,,GitHub API,https://github.com/plmbr/notebook-intelligence,False,False,False
tool_b529887277ab7437,mulch,"Growing Expertise for Coding Agents — structured expertise files that accumulate over time, live in git, work with any agent",https://github.com/jayminwest/mulch,,https://github.com/jayminwest/mulch,,GitHub API,https://github.com/jayminwest/mulch,False,False,False
tool_c9b4e0de7fea3fd6,launchdock,Use Claude and GPT through one local gateway with OpenAI-compatible and Claude-native APIs.,https://github.com/nghyane/launchdock,,https://github.com/nghyane/launchdock,,GitHub API,https://github.com/nghyane/launchdock,False,False,False
tool_c31ba66231b75396,getIPIntel,"IP Intelligence is a free Proxy VPN TOR and Bad IP detection tool to prevent Fraud, stolen content, and malicious users. Block proxies, VPN connections, web host IPs, TOR IPs, and compromised systems with a simple API. GeoIP lookup available.",http://getipintel.net,,https://github.com/blackdotsh/getIPIntel,,GitHub API,https://github.com/blackdotsh/getIPIntel,False,False,False
tool_155507aeefb531ad,WrongStack,"An AI coding agent that reads your code, edits files, runs commands, and reasons through bugs — across a terminal REPL, a full-screen TUI, and a browser UI, while you keep your hand on every permission.",https://wrongstack.com,,https://github.com/WrongStack/WrongStack,,GitHub API,https://github.com/WrongStack/WrongStack,False,False,False
tool_04df8bee414ece40,rushdb,"RushDB is a graph + vector database and memory layer for AI agents. Push any JSON, get typed, searchable, relationship-aware records back — no schema, no migrations. Built on Neo4j.",https://rushdb.com,,https://github.com/rush-db/rushdb,,GitHub API,https://github.com/rush-db/rushdb,False,False,False
tool_95c9ecfabc84f99f,usage,"macOS menu bar & Windows tray app pinning Claude Code, Codex & Antigravity quota, burn rate, and cost to your screen. Local-first, no LLM API calls. HTML reports, 10 themes.",https://aqua5230.github.io/usage,,https://github.com/aqua5230/usage,,GitHub API,https://github.com/aqua5230/usage,False,False,False
tool_509c12397d2a6ce3,AI-Influencer-Generator,Create and customize your AI influencer open-source,https://vadoo.tv/ai-influencer-generator,,https://github.com/SamurAIGPT/AI-Influencer-Generator,,GitHub API,https://github.com/SamurAIGPT/AI-Influencer-Generator,False,False,False
tool_2e2d7ee16499488c,OneBox,"A free AI-agent toolbox for Android,  一站式安卓AI Agent工具箱",https://oneboxable.com,,https://github.com/wangzhishou/OneBox,,GitHub API,https://github.com/wangzhishou/OneBox,False,False,False
tool_9507a38668f97d7a,unity-cli,"Control Unity Editor from the command line. No MCP, no Python, no dependencies — just a single binary.",https://github.com/youngwoocho02/unity-cli,,https://github.com/youngwoocho02/unity-cli,,GitHub API,https://github.com/youngwoocho02/unity-cli,False,False,False
tool_59a5597744907541,jina-cli,"A lightweight CLI tool wrapping Jina AI Reader API for AI Agents. Fetch and parse any URL into LLM-friendly   formats (Markdown/Text/HTML). Perfect for reading X(Twitter), blogs, and news sites.",https://github.com/geekjourneyx/jina-cli,,https://github.com/geekjourneyx/jina-cli,,GitHub API,https://github.com/geekjourneyx/jina-cli,False,False,False
tool_593eb79d8b5d6580,monolith,"MCP plugin for Unreal Engine 5.7 & 5.8 — gives AI assistants full read/write access to Blueprints, Materials, Niagara, Animation, Mesh, AI, GAS, Logic Driver, ComboGraph, UI, Audio, plus Reflection Intelligence (decision / risk / C++ reflection / replication queries). 1,400+ actions across 25+ namespaces. Native C++, zero Python dependency.",https://github.com/tumourlove/monolith,,https://github.com/tumourlove/monolith,,GitHub API,https://github.com/tumourlove/monolith,False,False,False
tool_294933713d3082e7,pi-annotate,"Visual feedback from browser to AI. Click elements, add comments, fix code.",https://github.com/nicobailon/pi-annotate,,https://github.com/nicobailon/pi-annotate,,GitHub API,https://github.com/nicobailon/pi-annotate,False,False,False
tool_983717b2e0920587,Canopy,"A local-first, encrypted Slack/Discord alternative built for the agentic era. AI agents, such as openclaw, join channels, receive tasks, and coordinate on equal footing with humans — over a serverless P2P mesh.",https://opencanopy.ai,,https://github.com/kwalus/Canopy,,GitHub API,https://github.com/kwalus/Canopy,False,False,False
tool_9f0e15f57730764b,moai-cowork,비개발자를 위한 한국 실무 AI 코워커 패밀리 — Claude Cowork·ChatGPT Work에서 /project 한 번으로 시작,https://cowork.mo.ai.kr,,https://github.com/modu-ai/moai-cowork,,GitHub API,https://github.com/modu-ai/moai-cowork,False,False,False
tool_af0b46a2ac82e14a,prompt-architect,"Agent skill for analyzing and improving prompts using 31 frameworks across 7 intent categories. Works with Claude Code, Gemini CLI, Cursor, Copilot, and 30+ Agent Skills compatible tools.",https://github.com/ckelsoe/prompt-architect,,https://github.com/ckelsoe/prompt-architect,,GitHub API,https://github.com/ckelsoe/prompt-architect,False,False,False
tool_434204fc78805c4d,beamer-academic,一键从论文生成高质量学术答辩PPT | AI-powered thesis defense slides generator | Claude Code & Codex Skill,https://github.com/Faust-Donf/beamer-academic,,https://github.com/Faust-Donf/beamer-academic,,GitHub API,https://github.com/Faust-Donf/beamer-academic,False,False,False
tool_9c607257b1e62a7f,yapsnap,Snap any video URL or audio file into plaintext. No GPU. No cloud. One command.,https://github.com/kouhxp/yapsnap,,https://github.com/kouhxp/yapsnap,,GitHub API,https://github.com/kouhxp/yapsnap,False,False,False
tool_420cd0b8e8627377,vizra-adk,"Build, test, and deploy intelligent AI agents the Laravel way",https://github.com/vizra-ai/vizra-adk,,https://github.com/vizra-ai/vizra-adk,,GitHub API,https://github.com/vizra-ai/vizra-adk,False,False,False
tool_e9d0cfe45466a320,funzzy,Gives developers and coding agents one reliable edit loop,https://github.com/cristianoliveira/funzzy,,https://github.com/cristianoliveira/funzzy,,GitHub API,https://github.com/cristianoliveira/funzzy,False,False,False
tool_6fd576a246b6fccd,ai-prd-workflow,A structured prompt pipeline that turns vague ideas into implementable RFCs — works with any AI assistant.,https://github.com/nurettincoban/ai-prd-workflow,,https://github.com/nurettincoban/ai-prd-workflow,,GitHub API,https://github.com/nurettincoban/ai-prd-workflow,False,False,False
tool_396fbf7e4c0fe754,Deepseek-API,Reverse engineered Deepseek chat into an OpenAI compatible API. Access V4 and R1 models through a simple REST interface without API keys or billing.,https://github.com/sums001/Deepseek-API,,https://github.com/sums001/Deepseek-API,,GitHub API,https://github.com/sums001/Deepseek-API,False,False,False
tool_f32995986a1fee91,DiscovAI-search,"🔍 DiscovAI-Search: An AI-powered search engine for AI tools and custom data. Built with Next.js, OpenAI, Supabase, and more. Features vector-based search, Redis caching, and LLM-powered responses.",https://discovai.io,,https://github.com/DiscovAI/DiscovAI-search,,GitHub API,https://github.com/DiscovAI/DiscovAI-search,False,False,False
tool_f3406b803cb7e10b,infinitum,基于RSS的资讯聚合工作台,https://infinitum.shawnxie.top,,https://github.com/shawnxie94/infinitum,,GitHub API,https://github.com/shawnxie94/infinitum,False,False,False
tool_768d4cc324b54711,opencode-tokenscope,Comprehensive token usage analysis and cost tracking for opencode sessions,https://github.com/ramtinJ95/opencode-tokenscope,,https://github.com/ramtinJ95/opencode-tokenscope,,GitHub API,https://github.com/ramtinJ95/opencode-tokenscope,False,False,False
tool_e4c21d12e33c60d6,safestclaw,"Safestclaw is the alternative to openclaw.. You can naturally chat with it via text and voice, and you can choose not to use a language model., By default it picks up on intent and semantics..  No prompt injection while you get over ninety percent of what openclaw does plus tts and voice to text",https://github.com/princezuda/safestclaw,,https://github.com/princezuda/safestclaw,,GitHub API,https://github.com/princezuda/safestclaw,False,False,False
tool_2482f4cd66bc6e12,mikrotik-mcp,MCP server for Mikrotik,https://mikrotik-mcp.com,,https://github.com/jeff-nasseri/mikrotik-mcp,,GitHub API,https://github.com/jeff-nasseri/mikrotik-mcp,False,False,False
tool_66ab00f2ebd6c808,Java-Android-Magisk-Burp-Objection-Root-Emulator-Easy,Java Android Magisk Burp Objection Root Emulator Easy (JAMBOREE),http://jamboree.rmccurdy.com,,https://github.com/freeload101/Java-Android-Magisk-Burp-Objection-Root-Emulator-Easy,,GitHub API,https://github.com/freeload101/Java-Android-Magisk-Burp-Objection-Root-Emulator-Easy,False,False,False
tool_ec2464e4e263c1e4,OverleafMCP,"Model Context Protocol (MCP) server that lets AI assistants read Overleaf projects, parse LaTeX document structure, and push          section-level edits back via Git. Compatible with Claude Desktop, Cursor, Windsurf, and any MCP client.",https://github.com/mjyoo2/OverleafMCP,,https://github.com/mjyoo2/OverleafMCP,,GitHub API,https://github.com/mjyoo2/OverleafMCP,False,False,False
tool_12d4d5f7b7b3070b,servicenow-mcp,"ServiceNow MCP server: 500+ tools and 26 AI capabilities for any AI (Claude, ChatGPT, Gemini, Cursor, Copilot). Multi-transport (stdio, SSE, HTTP), A2A, dynamic schema discovery, read-only by default. Free and source available. Part of the NowAIKit suite.",https://servicenow-mcp.com,,https://github.com/aartiq/servicenow-mcp,,GitHub API,https://github.com/aartiq/servicenow-mcp,False,False,False
tool_4758720e0de12a01,mobilecli,"Universal command-line tool for managing iOS and Android devices, simulators, emulators and apps",https://mobilenext.ai,,https://github.com/mobile-next/mobilecli,,GitHub API,https://github.com/mobile-next/mobilecli,False,False,False
tool_bfc7fa2b48267c7a,Uni-CLI,"One command for every interface—search, run, and inspect real software across APIs, browsers, desktops, local tools, and MCP.",https://olo-dot-io.github.io/Uni-CLI,,https://github.com/olo-dot-io/Uni-CLI,,GitHub API,https://github.com/olo-dot-io/Uni-CLI,False,False,False
tool_c3a71c9a9e9c7874,tui-test,"💻 control, record, & test any tui app / cli with popular terminals - makes the terminal fully accessible to AI",https://github.com/microsoft/tui-test,,https://github.com/microsoft/tui-test,,GitHub API,https://github.com/microsoft/tui-test,False,False,False
tool_165dc4b9a8a34905,qveris-agent-toolkit,"Bring professional data and tools to the AI you already use: open-source MCP, CLI, SDKs, skills, and docs to find services, call them, and audit usage.",https://qveris.ai,,https://github.com/QVerisAI/qveris-agent-toolkit,,GitHub API,https://github.com/QVerisAI/qveris-agent-toolkit,False,False,False
tool_53770f9860c4cca2,recursive-improve,🪞 Make your agents recursively self-improve,https://kayba.ai,,https://github.com/kayba-ai/recursive-improve,,GitHub API,https://github.com/kayba-ai/recursive-improve,False,False,False
tool_ceba20385ee4459a,MCP-Defender,"Desktop app that automatically scans and blocks malicious MCP traffic in AI apps like Cursor, Claude, VS Code and Windsurf.",https://mcpdefender.com,,https://github.com/MCP-Defender/MCP-Defender,,GitHub API,https://github.com/MCP-Defender/MCP-Defender,False,False,False
tool_f08d567f692f5904,Doyunha-Gopeak,"GoPeak — The most comprehensive MCP server for Godot Engine. 95+ tools: scene management, GDScript LSP, DAP debugger, screenshot capture, input injection, ClassDB introspection, CC0 asset library. npx gopeak",https://had0yun.github.io/Doyunha-Gopeak,,https://github.com/HaD0Yun/Doyunha-Gopeak,,GitHub API,https://github.com/HaD0Yun/Doyunha-Gopeak,False,False,False
tool_ab55fa3e4d9fc06f,rigorous,"A comprehensive suite of tools, built to liberate science by making the creation, evaluation, and dissemination of research more transparent, affordable, and efficient.",https://rigorous.review,,https://github.com/Agentic-Systems-Lab/rigorous,,GitHub API,https://github.com/Agentic-Systems-Lab/rigorous,False,False,False
tool_5eaba5d8276ac433,claude-pulse,"Local, zero-dependency dashboard for Claude Code: live token usage and context, lost-session recovery, full-text search, and approve tool calls from your phone.",https://github.com/nikitadoudikov/claude-pulse,,https://github.com/nikitadoudikov/claude-pulse,,GitHub API,https://github.com/nikitadoudikov/claude-pulse,False,False,False
tool_ed51d7bd9fd79529,funplay-unity-mcp,"The Most Advanced MCP Server for Unity Editor with execute_code, prompts/resources, input simulation, screenshots, and play mode automation.",https://github.com/FunplayAI/funplay-unity-mcp,,https://github.com/FunplayAI/funplay-unity-mcp,,GitHub API,https://github.com/FunplayAI/funplay-unity-mcp,False,False,False
tool_be406eb70b15a23d,lazyskills,mission control for agent skills,https://lazyskills.sh,,https://github.com/alvinunreal/lazyskills,,GitHub API,https://github.com/alvinunreal/lazyskills,False,False,False
tool_813726dbf8868952,Godot-MCP,"Godot-MCP — Model Context Protocol (MCP) integration for the Godot Engine. AI tools for the Godot Editor in C#, with cloud connection to ai-game.dev. Apache-2.0.",https://ai-game.dev,,https://github.com/IvanMurzak/Godot-MCP,,GitHub API,https://github.com/IvanMurzak/Godot-MCP,False,False,False
tool_da015c2b63d801d5,reddit-research-mcp,"Turn Reddit's chaos into structured insights with full citations. MCP server for competitive analysis, customer discovery, and market research. Zero-setup hosted solution with semantic search across 20,000+ subreddits.",https://dialog.tools,,https://github.com/dialog-tools/reddit-research-mcp,,GitHub API,https://github.com/dialog-tools/reddit-research-mcp,False,False,False
tool_22ccee878bf4cb5a,testdriverai,Computer-Use SDK for E2E QA Testing,https://testdriver.ai,,https://github.com/testdriverai/testdriverai,,GitHub API,https://github.com/testdriverai/testdriverai,False,False,False
tool_835636a114288c8d,aicheck,"Detect AI-generated images, video, and audio by analyzing metadata and invisible watermarks. Offline. No API keys.",https://bilibili.com/video/BV16Mc6zAE1s,,https://github.com/MatrixA/aicheck,,GitHub API,https://github.com/MatrixA/aicheck,False,False,False
tool_8ead4fe8d81ecf76,bitloops,Give AI coding agents the context they need to ship production-quality software.,https://bitloops.com,,https://github.com/bitloops/bitloops,,GitHub API,https://github.com/bitloops/bitloops,False,False,False
tool_eb3764bc4e0d7da3,sentio,"Email inbox API for AI agents. Give every agent its own real email address, receive mail as structured webhooks, and reply in-thread over REST. A complete multi-tenant mail server in Rust: inbound and outbound, DKIM/SPF/DMARC/ARC, MTA-STS, DANE, three-tier anti-spam.",https://truespar.com/sentio,,https://github.com/truespar/sentio,,GitHub API,https://github.com/truespar/sentio,False,False,False
tool_683124e077ea9abb,acryl,"ACRYL - Agent Context Relay Yielding Lifecycles. One persistent workspace, one canonical context, any coding agent.",https://acryl.dev,,https://github.com/acryldev/acryl,,GitHub API,https://github.com/acryldev/acryl,False,False,False
tool_869fb24c879f97a4,figma-ui-mcp,"AI can draw UI directly on the Figma canvas via JavaScript, and read existing designs back as structured data. Works with Claude Code, Cursor, VS Code, and Windsurf. No API KEY required.",https://github.com/TranHoaiHung/figma-ui-mcp,,https://github.com/TranHoaiHung/figma-ui-mcp,,GitHub API,https://github.com/TranHoaiHung/figma-ui-mcp,False,False,False
tool_720b508bb366c871,humanize-text-skill,Free AI Humanizer: Humanize AI Text Online,https://lynote.ai/ai-humanizer,,https://github.com/lynote-ai/humanize-text-skill,,GitHub API,https://github.com/lynote-ai/humanize-text-skill,False,False,False
tool_a22c867d5135ee52,mobilecode,mobilecode is a fork of opencode that builds and previews iOS and Android projects,https://github.com/hsandhu/mobilecode,,https://github.com/hsandhu/mobilecode,,GitHub API,https://github.com/hsandhu/mobilecode,False,False,False
tool_6da19a3d68b18732,bloom,"An open source, agentic Loom alternative. Record locally, make recordings AI-ready, and run workflows on top",https://github.com/video-db/bloom,,https://github.com/video-db/bloom,,GitHub API,https://github.com/video-db/bloom,False,False,False
tool_5a08b66314e56113,navigator,Finish What You Start — Context engineering for Claude Code.         Sessions last 20+ exchanges instead of crashing at 7.,https://alekspetrov.com,,https://github.com/qf-studio/navigator,,GitHub API,https://github.com/qf-studio/navigator,False,False,False
tool_c9f159791299ed4b,mcp-n8n-workflow-builder,"AI-powered n8n workflow automation through natural language. MCP server enabling Claude AI & Cursor IDE to create, manage, and monitor workflows via Model Context Protocol. Multi-instance support, 17 tools, comprehensive docs. Build workflows conversationally without manual JSON editing.",https://salacoste.github.io/mcp-n8n-workflow-builder,,https://github.com/salacoste/mcp-n8n-workflow-builder,,GitHub API,https://github.com/salacoste/mcp-n8n-workflow-builder,False,False,False
tool_164bc1d375150b56,zettelrobbe,"Next-generation fork of Paperless-AI for Paperless-ngx: reliable AI tagging plus an OCR rescue queue (Mistral or local vision models, multi-page PDFs), failed/ignored document queues, one-click rescan history, MFA, guided setup, and richer custom fields.",https://zettelrob.be,,https://github.com/admonstrator/zettelrobbe,,GitHub API,https://github.com/admonstrator/zettelrobbe,False,False,False
tool_0be7b1ba815b881b,Hermes-Agent-On-Android,Run Hermes Agent - a self-evolving AI assistant - on any Android device using Termux. One-line installation.,https://github.com/AbuZar-Ansarii/Hermes-Agent-On-Android,,https://github.com/AbuZar-Ansarii/Hermes-Agent-On-Android,,GitHub API,https://github.com/AbuZar-Ansarii/Hermes-Agent-On-Android,False,False,False
tool_1b6a7b6420549b8e,claude-wordpress-skills,"Professional WordPress engineering skills for Claude Code - performance optimization, security auditing, Gutenberg block development, and theme/plugin best practices.",https://github.com/elvismdev/claude-wordpress-skills,,https://github.com/elvismdev/claude-wordpress-skills,,GitHub API,https://github.com/elvismdev/claude-wordpress-skills,False,False,False
tool_3682591a4ca07ab3,share-as-link-skill,"Claude Code & Codex skill: say ""share this as a link"" and any AI output — chat, artifact, or markdown — becomes a live public URL in ~10 seconds, with document tracking (aggregate view counts). A lightweight DocSend alternative for the simple case. Publishes via the ReportRoom MCP.",https://github.com/dashaworks/share-as-link-skill,,https://github.com/dashaworks/share-as-link-skill,,GitHub API,https://github.com/dashaworks/share-as-link-skill,False,False,False
tool_f2ab30d9e44d7da9,content-pipeline,AI-powered content production pipeline for creators. One prompt → multi-platform publishing. Claude Code Skill.,https://github.com/OrangeViolin/content-pipeline,,https://github.com/OrangeViolin/content-pipeline,,GitHub API,https://github.com/OrangeViolin/content-pipeline,False,False,False
tool_616ed2e4ce15ac1b,glade-mcp,"Connect any MCP-compatible AI client (Claude Code, Cursor, Windsurf) to Unity or Godot. 275+ granular tools, an editor aware system prompt, game design document project context, script semantic search, and skill calibration.",https://gladekit.com,,https://github.com/Glade-tool/glade-mcp,,GitHub API,https://github.com/Glade-tool/glade-mcp,False,False,False
tool_12456d01e3bd3964,cairn,"A background agent system for automating end-to-end software engineering tasks, direct from your github repos.",https://try-cairn.com,,https://github.com/cairn-dev/cairn,,GitHub API,https://github.com/cairn-dev/cairn,False,False,False
tool_471211174651d9a2,aimirror,🚀 200倍速！AI时代的下载神器 | Docker/PyPI/HuggingFace/CRAN 全加速 | 并行分片+智能缓存，让下载飞起来,https://github.com/livehl/aimirror,,https://github.com/livehl/aimirror,,GitHub API,https://github.com/livehl/aimirror,False,False,False
tool_99bb1bed44af38bd,PyMemoryEditor,"A pure-Python library that lets you inspect, modify and search the memory of any running process in a few lines of Python :snake: .",https://pymemoryeditor.readthedocs.io,,https://github.com/JeanExtreme002/PyMemoryEditor,,GitHub API,https://github.com/JeanExtreme002/PyMemoryEditor,False,False,False
tool_0b90739fea73aa4d,antigravity-link-extension,"Mobile companion for Google's Antigravity IDE. Mirror AI sessions on your phone, send messages, stop generation, automate via 9 MCP tools or OpenAPI.",https://github.com/cafeTechne/antigravity-link-extension,,https://github.com/cafeTechne/antigravity-link-extension,,GitHub API,https://github.com/cafeTechne/antigravity-link-extension,False,False,False
tool_01751af91bc2fb54,interior-designer-ai,Upload a sample room photo and get a design back in seconds.,https://interior-designer-ai.vercel.app,,https://github.com/siegblink/interior-designer-ai,,GitHub API,https://github.com/siegblink/interior-designer-ai,False,False,False
tool_e76777314676d165,chiasmus,Chiasmus is an MCP server that gives language models access to formal verification,https://github.com/yogthos/chiasmus,,https://github.com/yogthos/chiasmus,,GitHub API,https://github.com/yogthos/chiasmus,False,False,False
tool_8ff242458960a8be,claudetop,"htop for your Claude Code sessions — real-time cost, cache efficiency, model comparison, and smart alerts",https://github.com/liorwn/claudetop,,https://github.com/liorwn/claudetop,,GitHub API,https://github.com/liorwn/claudetop,False,False,False
tool_3ac091b45a118024,OpenQuota,"Open-source, cross-platform tracker for AI coding usage, limits, reset times, and spend.",https://github.com/deviffyy/OpenQuota,,https://github.com/deviffyy/OpenQuota,,GitHub API,https://github.com/deviffyy/OpenQuota,False,False,False
tool_cfcd371593732611,soft-ue-cli,"Python CLI + UE plugin that lets Claude Code (AI coding agent) control Unreal Engine in real time. Spawn actors, edit blueprints, call functions, capture screenshots, manage PIE sessions, and more -- all from the terminal. Works with UE5 editor and packaged builds via an in-process HTTP bridge.",https://github.com/softdaddy-o/soft-ue-cli,,https://github.com/softdaddy-o/soft-ue-cli,,GitHub API,https://github.com/softdaddy-o/soft-ue-cli,False,False,False
tool_a7244a45b9083d6c,agentor,"Open source version of Claude Managed Agents. Fastest way to build and deploy reliable AI agents, MCP tools and  agent-to-agent.",https://docs.celesto.ai/agentor,,https://github.com/CelestoAI/agentor,,GitHub API,https://github.com/CelestoAI/agentor,False,False,False
tool_e8e22017d241d6b7,goai,"Go AI SDK, the Go way.  One unified API across 21+ providers. Streaming, structured output, MCP support, stdlib only. Go AI SDK for AI applications inspired by Vercel AI SDK.",https://goai.sh,,https://github.com/zendev-sh/goai,,GitHub API,https://github.com/zendev-sh/goai,False,False,False
tool_5ba4f400c58d92dc,task-orchestrator,"Server-enforced workflow discipline for AI agents. An MCP server providing persistent work items, dependency graphs, quality gates, and actor attribution. Schemas define what agents must produce — the server blocks the call if they don't. Works with any MCP-compatible client.",https://github.com/jpicklyk/task-orchestrator,,https://github.com/jpicklyk/task-orchestrator,,GitHub API,https://github.com/jpicklyk/task-orchestrator,False,False,False
tool_6f4b24d6b6e7402c,ClaudeViewer,"Offline Claude export viewer. Search, analyze, and export your Claude.ai data locally.",https://claudeviewersite.crownleo.cn,,https://github.com/crownleo/ClaudeViewer,,GitHub API,https://github.com/crownleo/ClaudeViewer,False,False,False
tool_ae7fd3c6ad9daf22,agentuse,"🤖 AI agents on autopilot. Any model. Runs local, cron, CI/CD, or Docker.",https://docs.agentuse.io,,https://github.com/agentuse/agentuse,,GitHub API,https://github.com/agentuse/agentuse,False,False,False
tool_d22bc79e8c0a4498,Clausura,CI-native agent CLI tool for deterministic pipeline gating.,https://github.com/liuyanghejerry/Clausura,,https://github.com/liuyanghejerry/Clausura,,GitHub API,https://github.com/liuyanghejerry/Clausura,False,False,False
tool_6da9b420a3d0d683,safari-mcp,"Native Safari browser automation for AI agents. 98 tools via AppleScript — zero overhead, keeps logins, runs silently in background. Drop-in alternative to Chrome DevTools MCP with 40-60% less CPU/heat on Apple Silicon.",https://achiya-automation.com,,https://github.com/achiya-automation/safari-mcp,,GitHub API,https://github.com/achiya-automation/safari-mcp,False,False,False
tool_3c80acbebec182b8,mcptoon,"MCP tool discovery burns 71,929 tokens. mcptoon drops it to 581 (−99.2%, measured). Zero dependencies.",https://pypi.org/project/mcptoon,,https://github.com/activeing123/mcptoon,,GitHub API,https://github.com/activeing123/mcptoon,False,False,False
tool_528d8cde52c22228,zabbix-mcp-server,"MCP server for the complete Zabbix API - 237 tools, multi-server, OAuth 2.1 + bearer auth, PDF reports, systemd ready. Works with ChatGPT, Claude, VS Code, Codex, JetBrains and any MCP client.",https://initmax.com,,https://github.com/initMAX/zabbix-mcp-server,,GitHub API,https://github.com/initMAX/zabbix-mcp-server,False,False,False
tool_f024610ae0b29d3d,HiCAD,"HiCAD,一款AI驱动的CAD建模平台",https://hicad.mvtable.com,,https://github.com/MrXujiang/HiCAD,,GitHub API,https://github.com/MrXujiang/HiCAD,False,False,False
tool_0d40633076708db2,tokf,Config-driven CLI tool that compresses command output before it reaches an LLM context,https://tokf.net,,https://github.com/mpecan/tokf,,GitHub API,https://github.com/mpecan/tokf,False,False,False
tool_82e972c0f0380a1f,drunk-claude,"Intensity slider from tipsy (0.1) to blackout (1.0). 5 moods, 8 creative techniques. Lowers inhibition, not intelligence. Unfiltered genius for Claude Code.",https://github.com/KorroAi/drunk-claude,,https://github.com/KorroAi/drunk-claude,,GitHub API,https://github.com/KorroAi/drunk-claude,False,False,False
tool_76b1239c823e0d40,nestjs-llm-tools,A NestJS module that provides decorators and utilities for defining LLM function calling tools using TypeScript decorators.,https://github.com/kellyiscute/nestjs-llm-tools,,https://github.com/kellyiscute/nestjs-llm-tools,,GitHub API,https://github.com/kellyiscute/nestjs-llm-tools,False,False,False
tool_553cb2bc7aec9ca9,vomit,"Clean up Claude's token vomit with a separate LLM. Save your tokens, Opus is hopeless",https://github.com/zachahn/vomit,,https://github.com/zachahn/vomit,,GitHub API,https://github.com/zachahn/vomit,False,False,False
tool_0b7fa623a29cef50,skills-link,Sync your local skills across 41+ AI coding agents with a single command.,https://github.com/shanliuling/skills-link,,https://github.com/shanliuling/skills-link,,GitHub API,https://github.com/shanliuling/skills-link,False,False,False
tool_63cb345cecfc2d43,cortex,CortexPrism — open-source AI agent operating system,https://cortexprism.io,,https://github.com/CortexPrism/cortex,,GitHub API,https://github.com/CortexPrism/cortex,False,False,False
tool_923661e38b8b7a32,toktrack,Ultra-fast token & cost tracker for LLM Token Usage (e.g. Claude Code),https://npmjs.com/package/toktrack,,https://github.com/mag123c/toktrack,,GitHub API,https://github.com/mag123c/toktrack,False,False,False
tool_f096448efe8556f9,pawwork,"PawWork — free, open-source desktop AI agent for macOS and Windows, built on DeepSeek Harness (DSH). Free models included, no API key or terminal. Office files, web search, and scheduled automations out of the box. An open alternative to Codex App and Claude Cowork.",https://pawwork.ai,,https://github.com/Astro-Han/pawwork,,GitHub API,https://github.com/Astro-Han/pawwork,False,False,False
tool_bdbad9d867a1b228,AlcedoStudio,Open-source RAW photo processing and digital asset management software.,https://aoraw.org,,https://github.com/zidage/AlcedoStudio,,GitHub API,https://github.com/zidage/AlcedoStudio,False,False,False
tool_c833135f657c2702,agentsmith,"Universal, model-agnostic operating harness for AI agents (Claude, Codex, Gemini, …) — a lean core + work-type profiles assembled by one setup script.",https://promptpartner.ai,,https://github.com/PromptPartner/agentsmith,,GitHub API,https://github.com/PromptPartner/agentsmith,False,False,False
tool_0120705a19f80e7e,ultracode-skill,Codex-first Ultracode skill for dynamic coding workflows,https://github.com/PabloNAX/ultracode-skill,,https://github.com/PabloNAX/ultracode-skill,,GitHub API,https://github.com/PabloNAX/ultracode-skill,False,False,False
tool_dcc7d7f11bf6371e,ImageLens,一个可以帮你快速反推出网页上图片的提示词，并快速生图测试提示词效果的插件。A Chrome extension to reverse-engineer prompts from web images and instantly validate them via live generation.,https://github.com/kevinchin12/ImageLens,,https://github.com/kevinchin12/ImageLens,,GitHub API,https://github.com/kevinchin12/ImageLens,False,False,False
tool_1c6ca759263a6b59,prompt-shelf,Prompt Shelf is a lightweight prompt management system designed for developers and AI engineers.,https://github.com/newdee/prompt-shelf,,https://github.com/newdee/prompt-shelf,,GitHub API,https://github.com/newdee/prompt-shelf,False,False,False
tool_e34efd9686fd58ec,claude-historian-mcp,📜 An MCP server for conversation history search and retrieval in Claude Code,https://npmjs.com/package/claude-historian-mcp,,https://github.com/Vvkmnn/claude-historian-mcp,,GitHub API,https://github.com/Vvkmnn/claude-historian-mcp,False,False,False
tool_6f16bf09337cfda7,TokenBurner,"A Claude Code skill that burns tokens on demand. Stress test, inflate metrics, or just set money on fire.",https://github.com/Lomnus-ai/TokenBurner,,https://github.com/Lomnus-ai/TokenBurner,,GitHub API,https://github.com/Lomnus-ai/TokenBurner,False,False,False
tool_5d661f6cdea19fdf,mcp-shark,"Wireshark-like forensic analysis for Model Context Protocol communications  Capture, inspect, and investigate all HTTP requests and responses between your IDE and MCP servers",https://mcpshark.sh,,https://github.com/mcp-shark/mcp-shark,,GitHub API,https://github.com/mcp-shark/mcp-shark,False,False,False
tool_e971e5dac19bc75e,pi-dispatch,"Run the pi coding agent as a service — triggered on demand, on a cron schedule, or by a GitHub or GitLab issue, comment or pull/merge request — in a container you control, with a durable queue, a spend cap, and a live admin panel.",https://github.com/edgehero/pi-dispatch,,https://github.com/edgehero/pi-dispatch,,GitHub API,https://github.com/edgehero/pi-dispatch,False,False,False
tool_219f5c6ca7d2ffab,shuttleslide,"Python toolkit for PowerPoint ↔ HTML, built for AI. Round-trip fidelity preserves formatting across every edit loop — ideal for RAG ingestion, LLM agents, and AI-assisted slide editing.",https://github.com/solid-shuwen/shuttleslide,,https://github.com/solid-shuwen/shuttleslide,,GitHub API,https://github.com/solid-shuwen/shuttleslide,False,False,False
tool_244e3e02080893f4,student-llm-wiki,"📚 Student LLM Wiki — AI-compiled knowledge base for university students. Drop course slides, get a persistent interlinked wiki. Feynman review, exam prep, confidence decay, cross-course connections. Based on Karpathy's LLM Wiki pattern. Works with Claude Cowork / Claude Code / Claudian + Obsidian.学生大语言模型维基百科——专为大学生打造的AI编译知识库。",https://github.com/IssacW228/student-llm-wiki,,https://github.com/IssacW228/student-llm-wiki,,GitHub API,https://github.com/IssacW228/student-llm-wiki,False,False,False
tool_16bc5a810a1891c9,turbo-flow,SUPERSEDED by Turbo Rig (marcuspat/rig) — retained as the DevPod/Codespaces devcontainer seed. Was: one-command agentic dev environment w/ Ruflo orchestration.,https://adventureonthewave.com,,https://github.com/marcuspat/turbo-flow,,GitHub API,https://github.com/marcuspat/turbo-flow,False,False,False
tool_e606269d11964b71,Glyph,"📝 Glyph is a private desktop workspace for notes, documents, and ideas, with Markdown editing and built-in AI tools.",https://glyphformac.com,,https://github.com/SidhuK/Glyph,,GitHub API,https://github.com/SidhuK/Glyph,False,False,False
tool_8e066da3ecc94fbb,In-Memoria,Persistent Intelligence Infrastructure for AI Agents,https://github.com/pi22by7/In-Memoria,,https://github.com/pi22by7/In-Memoria,,GitHub API,https://github.com/pi22by7/In-Memoria,False,False,False
tool_32f370c26ac70189,gerillass,Gerillass is a Sass mixin library containing a set of Sass mixins and functions to help front-end developers generate scalable CSS outputs.,https://gerillass.com,,https://github.com/selfishprimate/gerillass,,GitHub API,https://github.com/selfishprimate/gerillass,False,False,False
tool_ba89e5e51c4a9619,mcp-shodan,"MCP server for Shodan — search internet-connected devices, IP reconnaissance, DNS lookups, and CVE/CPE vulnerability intelligence. Works with Claude Code, Codex, Gemini CLI, and Claude Desktop.",https://registry.modelcontextprotocol.io,,https://github.com/w0h1v/mcp-shodan,,GitHub API,https://github.com/w0h1v/mcp-shodan,False,False,False
tool_ae4e004ee7c38523,skillfile,"One-stop shop for AI skills and agents. Search 110K+ community skills, install and track them declaratively, and deploy across all major AI coding tools (Claude Code, Codex, Cursor, Antigravity and more)",https://github.com/eljulians/skillfile,,https://github.com/eljulians/skillfile,,GitHub API,https://github.com/eljulians/skillfile,False,False,False
tool_ec5c928a68d99490,OpenGuider,"An AI companion that lives on your desktop - OpenGuider watches your screen, listens to your voice, and guides every step with clear actions.",https://mo-tunn.github.io/OpenGuider,,https://github.com/mo-tunn/OpenGuider,,GitHub API,https://github.com/mo-tunn/OpenGuider,False,False,False
tool_176276babad8f61d,OneDocs,"A Single Text, All is Known.",https://onedocs.ijune.cn,,https://github.com/LYOfficial/OneDocs,,GitHub API,https://github.com/LYOfficial/OneDocs,False,False,False
tool_cbf637ae5a95dc60,deepseek-translation-studio,"Windows Python/PySide6 translation studio for DeepSeek Web/API workflows, SRT continuation, capture, and packaging.",https://nextweb4.github.io,,https://github.com/NextWeb4/deepseek-translation-studio,,GitHub API,https://github.com/NextWeb4/deepseek-translation-studio,False,False,False
tool_27884f36c5c1ab0f,lnwjud,lnwjud — local AI-agent runtime & MCP gateway,https://github.com/engasnm111/lnwjud,,https://github.com/engasnm111/lnwjud,,GitHub API,https://github.com/engasnm111/lnwjud,False,False,False
tool_96286d9c94b4d2a5,claude-unlimited,"Rotate Claude and GPT subscriptions and API keys seamlessly inside the Claude Code CLI — switch on usage limits without interrupting your session, all from a local dashboard. 100% local.",https://github.com/DevDock-AI/claude-unlimited,,https://github.com/DevDock-AI/claude-unlimited,,GitHub API,https://github.com/DevDock-AI/claude-unlimited,False,False,False
tool_4c52e6aac97c58c1,opencode-visualiser,Turning raw AI terminal logs into cozy 2D pixel office chaos. The definitive visualizer for OpenCode agents.,https://github.com/psinetron/opencode-visualiser,,https://github.com/psinetron/opencode-visualiser,,GitHub API,https://github.com/psinetron/opencode-visualiser,False,False,False
tool_696531dee06a442c,bitbucket-mcp,Bitbucket MCP - A Model Context Protocol (MCP) server for integrating with Bitbucket Cloud and Server APIs,https://github.com/MatanYemini/bitbucket-mcp,,https://github.com/MatanYemini/bitbucket-mcp,,GitHub API,https://github.com/MatanYemini/bitbucket-mcp,False,False,False
tool_f88428da0561b789,mcp-image,"MCP server for AI image generation and editing with automatic prompt optimization and quality presets. Supports Nano Banana (Gemini), OpenAI GPT Image, and BytePlus Seedream.",https://github.com/shinpr/mcp-image,,https://github.com/shinpr/mcp-image,,GitHub API,https://github.com/shinpr/mcp-image,False,False,False
tool_5bd18792067afc17,docker,"Govern consequential AI agent actions in Docker with deterministic policy, human approval, and signed Decision Dossiers.",https://decionis.com,,https://github.com/decionis/docker,,GitHub API,https://github.com/decionis/docker,False,False,False
tool_47c9469d85ed1511,ai-git-bot,The self-hosted AI workflow automation platform for Git repositories.,https://gitbot.eu,,https://github.com/tmseidel/ai-git-bot,,GitHub API,https://github.com/tmseidel/ai-git-bot,False,False,False
tool_06b1790185bd029c,cuckoo-code,DeepSeek 桌面应用——内嵌浏览器，自动识别 AI 回复中的命令和工具调用并执行,https://github.com/wangyongpeng90/cuckoo-code,,https://github.com/wangyongpeng90/cuckoo-code,,GitHub API,https://github.com/wangyongpeng90/cuckoo-code,False,False,False
tool_520fe20808a783f7,Nexus-skills,"AI-native codebase intelligence skills — generate persistent .nexus-map/ knowledge bases and instantly query file structure, dependency graphs, and change impact. Built for Copilot, Cursor, and any tool-calling LLM. 面向 AI 编程助手的代码库感知技能——生成持久化知识图谱，精准查询文件结构、依赖关系与改动影响半径。",https://github.com/Haaaiawd/Nexus-skills,,https://github.com/Haaaiawd/Nexus-skills,,GitHub API,https://github.com/Haaaiawd/Nexus-skills,False,False,False
tool_8c733758ffe2b6c8,antigravity-nix,Auto-updating Nix package for Google Antigravity agentic IDE. Updates 3x/week. FHS environment with overlay support for NixOS/Home Manager.,https://antigravity.google,,https://github.com/jacopone/antigravity-nix,,GitHub API,https://github.com/jacopone/antigravity-nix,False,False,False
tool_c22a56f9081fe209,Moonshine-Image,本地运行的图片/视频去水印与擦除工具，支持 Lama 蒙版修复、SLBR 半透明水印处理，能够批量处理蒙版位置相同的图片与视频中的移动水印,https://cuimuxuan.github.io/Moonshine-Image,,https://github.com/CuiMuxuan/Moonshine-Image,,GitHub API,https://github.com/CuiMuxuan/Moonshine-Image,False,False,False
tool_95b45d4e09db7b78,Antigravity-zh-CN,Antigravity desktop Chinese localization patch | Google Antigravity 中文化补丁,https://github.com/MIMICTE/Antigravity-zh-CN,,https://github.com/MIMICTE/Antigravity-zh-CN,,GitHub API,https://github.com/MIMICTE/Antigravity-zh-CN,False,False,False
tool_eca4919e9602619b,vibe-annotations,AI-powered annotations for localhost development. Create visual feedback on your apps and let AI coding agents automatically implement fixes via MCP integration.,https://vibe-annotations.com,,https://github.com/RaphaelRegnier/vibe-annotations,,GitHub API,https://github.com/RaphaelRegnier/vibe-annotations,False,False,False
tool_ae55f32650a3a2ab,LocalLens,"Local Lens is a privacy-first, AI-powered photo organizer for your PC. Sort and group photos by faces, dates, and locations ...all locally, with no cloud upload and no Internet. ... 🫪 Now on CLAUDE ☼ check below🔽",https://locallensmcp.vercel.app,,https://github.com/ashesbloom/LocalLens,,GitHub API,https://github.com/ashesbloom/LocalLens,False,False,False
tool_d8174ed86a363fb0,slackcli,"Slack CLI for humans and AI agents. Read, send, search and reply across one or many Slack workspaces from the terminal. No Slack app needed.",https://slackcli.dev,,https://github.com/shaharia-lab/slackcli,,GitHub API,https://github.com/shaharia-lab/slackcli,False,False,False
tool_f2d9eea76f556f95,pneuma-skills,"Co-creation infrastructure for humans and code agents — visual environment, skills, continuous learning, and distribution.",https://github.com/pandazki/pneuma-skills,,https://github.com/pandazki/pneuma-skills,,GitHub API,https://github.com/pandazki/pneuma-skills,False,False,False
tool_67acf47d48ccd08f,lucid-memory,"Memory for AI that works like yours—local, instant, persistent. 13x faster than Pinecone, 5x leaner than RAG. Finds what RAG misses. Zero cloud, zero cost.",https://github.com/JasonDocton/lucid-memory,,https://github.com/JasonDocton/lucid-memory,,GitHub API,https://github.com/JasonDocton/lucid-memory,False,False,False
tool_6d47451a270665e0,compass,"Native, local-first knowledge graph engine for code and project artifacts—inspired by Graphify, built in Rust, and evolving beyond it.",https://compass.crab.build,,https://github.com/crabbuild/compass,,GitHub API,https://github.com/crabbuild/compass,False,False,False
tool_01b4f00c3f580256,arbor,Graph-native code intelligence that replaces embedding-based RAG with deterministic program understanding.,https://getarbor.dev,,https://github.com/getArbor-dev/arbor,,GitHub API,https://github.com/getArbor-dev/arbor,False,False,False
tool_bf1e5464fc88ac3a,codex-profiles,"Named CODEX_HOME profiles and ChatGPT Desktop windows with separate local state, without copying tokens",https://ducksss.github.io/codex-profiles,,https://github.com/Ducksss/codex-profiles,,GitHub API,https://github.com/Ducksss/codex-profiles,False,False,False
tool_8e7653beb08c48e6,readingspace-mn,Reading Space MN — a reading workflow plugin for MarginNote 4.,https://github.com/Awaker-OTE/readingspace-mn,,https://github.com/Awaker-OTE/readingspace-mn,,GitHub API,https://github.com/Awaker-OTE/readingspace-mn,False,False,False
tool_6dd256cf5b1129c0,pm-claude-code-setup,Ready-to-use CLAUDE.md and starter skill for product managers using Claude Code.,https://news.aakashg.com/p/pm-os,,https://github.com/aakashg/pm-claude-code-setup,,GitHub API,https://github.com/aakashg/pm-claude-code-setup,False,False,False
tool_ca90e864e9910ec8,decodo-openclaw-skill,OpenClaw skill for scraping any URL using the Decodo Web Scraping API.,https://decodo.com,,https://github.com/Decodo/decodo-openclaw-skill,,GitHub API,https://github.com/Decodo/decodo-openclaw-skill,False,False,False
tool_992de460bc59e4cf,forgemax,"Code Mode inspired local sandboxed MCP Gateway - collapses N servers x M tools into 2 tools (~1,000 tokens)",https://github.com/postrv/forgemax,,https://github.com/postrv/forgemax,,GitHub API,https://github.com/postrv/forgemax,False,False,False
tool_740ea24d8bf2f85a,SLR-FC,Systematic Literature Review (SLR) using AI involves leveraging artificial intelligence techniques to automate and expedite the process of reviewing and synthesizing large volumes of scholarly literature.,https://github.com/drshahizan/SLR-FC,,https://github.com/drshahizan/SLR-FC,,GitHub API,https://github.com/drshahizan/SLR-FC,False,False,False
tool_b593991bce945866,CoDriver,´Blazingly´ fast file explorer.,https://github.com/RickyDane/CoDriver,,https://github.com/RickyDane/CoDriver,,GitHub API,https://github.com/RickyDane/CoDriver,False,False,False
tool_4754c86101fc20c1,xyne-spaces,The AI Org-OS — a collaborative platform for humans and agents. Explore: https://spaces.xyne.ai,https://xyne.ai,,https://github.com/juspay/xyne-spaces,,GitHub API,https://github.com/juspay/xyne-spaces,False,False,False
tool_770e3a06c29703ce,zhijuan-prompt-card,Local-first Chrome extension that turns images into generator-ready prompts.,https://github.com/papperrollinggery/zhijuan-prompt-card,,https://github.com/papperrollinggery/zhijuan-prompt-card,,GitHub API,https://github.com/papperrollinggery/zhijuan-prompt-card,False,False,False
tool_5d5eb92e3b4a86ab,ai-terminal,Your AI mate into your favourite terminal,https://ai-terminal.dev,,https://github.com/AiTerminalFoundation/ai-terminal,,GitHub API,https://github.com/AiTerminalFoundation/ai-terminal,False,False,False
tool_c61c910eb90cdff5,aws-architecture-diagram-skill,Reusable skill for generating AWS architecture diagrams in draw.io format. Works with Kiro CLI and Claude Code.,https://github.com/vidanov/aws-architecture-diagram-skill,,https://github.com/vidanov/aws-architecture-diagram-skill,,GitHub API,https://github.com/vidanov/aws-architecture-diagram-skill,False,False,False
tool_076924008a08e45e,browser-debugger-cli,"CLI tool for agents to quickly access browser telemetry (DOM, network, console) via Chrome DevTools Protocol.",https://npmjs.com/package/browser-debugger-cli,,https://github.com/szymdzum/browser-debugger-cli,,GitHub API,https://github.com/szymdzum/browser-debugger-cli,False,False,False
tool_9a936fa2789c931a,flompt,"flow + prompt = flompt - Visual AI Prompt Builder. Decompose, edit as flowchart, recompile into optimized machine-readable prompts",https://flompt.dev,,https://github.com/Nyrok/flompt,,GitHub API,https://github.com/Nyrok/flompt,False,False,False
tool_35fbe6cb3039c69e,mcp-virustotal,"MCP server for VirusTotal API — analyze URLs, files, IPs, and domains with comprehensive security reports, relationship analysis, and pagination support.",https://registry.modelcontextprotocol.io,,https://github.com/w0h1v/mcp-virustotal,,GitHub API,https://github.com/w0h1v/mcp-virustotal,False,False,False
tool_41d7def3293e42f6,pubmed-mcp-server,"Search PubMed/Europe PMC, fetch articles and full text (PMC/EPMC/Unpaywall), citations, MeSH terms via MCP. STDIO or Streamable HTTP.",https://npmjs.com/package/@cyanheads/pubmed-mcp-server,,https://github.com/cyanheads/pubmed-mcp-server,,GitHub API,https://github.com/cyanheads/pubmed-mcp-server,False,False,False
tool_48febc995b76b8b7,agi-in-md,"Cognitive prisms for structural analysis — any domain, any model. 1000+ experiments, 58 prisms, 27 scan modes. The cheapest model + right prism beats the most expensive without one. Cross-architecture validated: Claude + Gemini converge on the same structural laws.",https://github.com/Cranot/agi-in-md,,https://github.com/Cranot/agi-in-md,,GitHub API,https://github.com/Cranot/agi-in-md,False,False,False
tool_a7baf5e4186e29ef,gopher-mcp,"C++ MCP SDK - build Model Context Protocol (MCP) servers and clients in C++ / CPP. Enterprise-grade security, observability, connectivity. Stdio, HTTP+SSE, Streamable HTTP, WebSocket, TCP transports. Bindings for Python, TypeScript, Go, Rust, Java, C#.",https://gopher.security,,https://github.com/GopherSecurity/gopher-mcp,,GitHub API,https://github.com/GopherSecurity/gopher-mcp,False,False,False
tool_a39110ca397a1874,Lim-Code,一个强大的 VS Code AI 编程助手,https://github.com/Lianues/Lim-Code,,https://github.com/Lianues/Lim-Code,,GitHub API,https://github.com/Lianues/Lim-Code,False,False,False
tool_f8588df087f908fd,raytsystem-public-os,"Local-first agent workspace for knowledge, tasks, documents and verifiable workflows · Локальная агентная система для знаний, задач и проверяемых процессов · t.me/romarayt",https://romarayt.github.io/raytsystem-public-os,,https://github.com/romarayt/raytsystem-public-os,,GitHub API,https://github.com/romarayt/raytsystem-public-os,False,False,False
tool_0a49b7a77adbe100,skill,"Bộ công cụ và tập hợp skill hỗ trợ phân tích phần mềm, khôi phục cấu trúc nguồn ở mức cần thiết, rà soát bảo mật, kiểm tra phụ thuộc và xây dựng kế hoạch khắc phục cho các hệ thống mà bạn sở hữu hoặc được phép đánh giá.",https://ptn1411.github.io/skill/skill_playbook.html,,https://github.com/ptn1411/skill,,GitHub API,https://github.com/ptn1411/skill,False,False,False
tool_cf411aa3dc5a3c9f,codeArbiter,"When you can't trust yourself with your code base, trust Arbiter.",https://codearbiter.dev,,https://github.com/arbiterForge/codeArbiter,,GitHub API,https://github.com/arbiterForge/codeArbiter,False,False,False
tool_57fc4cda129bfa8e,aio-hub,个人AI平台应用，提供超强高可控性的LLM交互，和多种实用的开发和日常工具，VCP分布式联动。,http://aiohub-app.com,,https://github.com/miaotouy/aio-hub,,GitHub API,https://github.com/miaotouy/aio-hub,False,False,False
tool_3c6b1b02f900ca03,OpenWebui-Tools,Custom tools to enhance your Open-Webui Experience! 🚀,https://openwebui.com/u/ichrist,,https://github.com/iChristGit/OpenWebui-Tools,,GitHub API,https://github.com/iChristGit/OpenWebui-Tools,False,False,False
tool_8c7649452f845b10,html-tools,"🛠️ 1088+ 纯前端在线工具集 | 单文件·零构建·可离线·隐私优先 | Pure HTML Tools - Single file, Zero build, Offline-ready, Privacy-first",https://tools.realtime-ai.chat,,https://github.com/chicogong/html-tools,,GitHub API,https://github.com/chicogong/html-tools,False,False,False
tool_83b03c81fee0edbd,CTX,CTX - Context Runtime Engine for Coding Agents,https://github.com/Alegau03/CTX,,https://github.com/Alegau03/CTX,,GitHub API,https://github.com/Alegau03/CTX,False,False,False
tool_2ba4cf6fb9c8cf26,relay-radar,AI中转站质量监控 · 模型验真 · Token成本优化 — RelayRadar 中转雷达,https://aethercore-dev.github.io/relay-radar,,https://github.com/AetherCore-Dev/relay-radar,,GitHub API,https://github.com/AetherCore-Dev/relay-radar,False,False,False
tool_a4a32f164340c177,Ultimate-TypeScript-Real-World-AI-Projects,"250+ real-world TypeScript AI projects: workflows, agents, and multi-agent systems with production-ready architecture, not chatbot demos.",https://github.com/rajudandigam/Ultimate-TypeScript-Real-World-AI-Projects,,https://github.com/rajudandigam/Ultimate-TypeScript-Real-World-AI-Projects,,GitHub API,https://github.com/rajudandigam/Ultimate-TypeScript-Real-World-AI-Projects,False,False,False
tool_736a5507c46bae76,CSNative,Claude Science 支持模型供应商路由 自定义模型,https://eust-w.github.io/CSNative,,https://github.com/eust-w/CSNative,,GitHub API,https://github.com/eust-w/CSNative,False,False,False
tool_1dd79ed19b867855,Pare,"Dev tools, optimized for agents. Structured, token-efficient MCP servers for git, test runners, npm, Docker, and more.",https://github.com/Dave-London/Pare,,https://github.com/Dave-London/Pare,,GitHub API,https://github.com/Dave-London/Pare,False,False,False
tool_4e535dbdc7393274,warpdrv,Local LLM Server Manager + LlaMA.cpp + Chat,https://github.com/mikjee/warpdrv,,https://github.com/mikjee/warpdrv,,GitHub API,https://github.com/mikjee/warpdrv,False,False,False
tool_537987baa11cd18f,bifrost,Bifrost 是一个用 Rust 编写的高性能、AI 友好的代理服务器，它提供强大的请求拦截、修改和规则配置能力，支持 TLS 解密、脚本扩展等高级功能，支持强大的模糊搜索，支持导入导出分享，支持一键重放请求，支持Coding Agent 自主管理。提供类似 postman 的请求管理和验证能力，无缝和代理能力集成。,https://bifrost-proxy.github.io,,https://github.com/bifrost-proxy/bifrost,,GitHub API,https://github.com/bifrost-proxy/bifrost,False,False,False
tool_0987b427a4de3cb3,flonat-research,"Shareable Claude Code + Codex infrastructure for PhD researchers — skills, agents, hooks, and rules for academic workflows",https://github.com/flonat/flonat-research,,https://github.com/flonat/flonat-research,,GitHub API,https://github.com/flonat/flonat-research,False,False,False
tool_a09199d1e020419c,LoongPort,cc-switch 中转站的专用增强版（cc-switch for API relay providers），免去配置各种 密钥 endpoint 的烦恼。,https://loongport.dev,,https://github.com/SailingLoong/LoongPort,,GitHub API,https://github.com/SailingLoong/LoongPort,False,False,False
tool_98b2592a5372692b,thesis-figure-skill,"🎓 Claude Skill: Paste your paper text, auto-generate publication-ready LaTeX/TikZ diagrams. 粘贴论文文案，自动生成学术级配图。",https://github.com/0xE1337/thesis-figure-skill,,https://github.com/0xE1337/thesis-figure-skill,,GitHub API,https://github.com/0xE1337/thesis-figure-skill,False,False,False
tool_27301a2b0a2251be,flowforge-skill,Generate professional draw.io diagrams from natural language — a Claude Code skill,https://github.com/wentong2022-arch/flowforge-skill,,https://github.com/wentong2022-arch/flowforge-skill,,GitHub API,https://github.com/wentong2022-arch/flowforge-skill,False,False,False
tool_e7025a322e7e1782,claude-memory-engine,Claude Code 的記憶系統 | A memory system built with hooks + markdown. Zero dependencies.,https://github.com/HelloRuru/claude-memory-engine,,https://github.com/HelloRuru/claude-memory-engine,,GitHub API,https://github.com/HelloRuru/claude-memory-engine,False,False,False
tool_b19cfff847d96918,app-controller,App-Controller: Allow users to manipulate your App with natural language,https://alibaba.github.io/app-controller,,https://github.com/alibaba/app-controller,,GitHub API,https://github.com/alibaba/app-controller,False,False,False
tool_3071153273afeacd,web-scout-mcp,"An MCP server providing web search and content extraction capabilities. Integrates DuckDuckGo search functionality and URL content extraction into your MCP environment, enabling AI assistants to search the web and extract webpage content.",https://pinkpixel.dev,,https://github.com/pinkpixel-dev/web-scout-mcp,,GitHub API,https://github.com/pinkpixel-dev/web-scout-mcp,False,False,False
tool_8223b02fe0605cee,governor,"Claude Code usage governor: compact professional output, context slimming, tool-output filtering, telemetry, and drift guardrails.",https://github.com/0xhimanshu/governor,,https://github.com/0xhimanshu/governor,,GitHub API,https://github.com/0xhimanshu/governor,False,False,False
tool_a66719c25c8e9fd1,llmix,"Production LLM call layer for AI agents and tools: keep OpenAI/Anthropic/AI SDK/LiteLLM, hot-swap models with MDA presets, and add cache, retries, circuit breakers, key rotation, singleflight, and Python/TypeScript/Rust parity.",https://github.com/sno-ai/llmix,,https://github.com/sno-ai/llmix,,GitHub API,https://github.com/sno-ai/llmix,False,False,False
tool_7250254f62f702fe,claude-inspector,Claude Code Prompt Mechanism Visualizer — Electron desktop app,https://github.com/kangraemin/claude-inspector,,https://github.com/kangraemin/claude-inspector,,GitHub API,https://github.com/kangraemin/claude-inspector,False,False,False
tool_7a84192d8d36803a,cdesktop,"Open-source Claude Code Desktop alternative. Use any provider/model. Web UI for Claude Code, Codex, Gemini CLI, OpenCode, Hermes.",https://cdesktop.ai,,https://github.com/cdesktop-ai/cdesktop,,GitHub API,https://github.com/cdesktop-ai/cdesktop,False,False,False
tool_65803cfa59defa82,StealthHumanizer,"🔓 Free open-source AI text humanizer — bypass GPTZero, Turnitin & AI detectors with 16+ Languages support. 35 providers, 4 rewrite levels, 6 Writing Styles, 9 Text Purposes, 13 Tone Presets, multi-pass ninja mode. No login. Built for students & writers.",https://stealthhumanizer.vercel.app,,https://github.com/rudra496/StealthHumanizer,,GitHub API,https://github.com/rudra496/StealthHumanizer,False,False,False
tool_380ae884a373430a,opencode-mcp,"MCP server for OpenCode AI — 70 tools, 10 resources, 5 prompts. Use npx opencode-mcp with Claude Desktop, Claude Code, Cursor, Windsurf, or any MCP client.",https://npmjs.com/package/opencode-mcp,,https://github.com/AlaeddineMessadi/opencode-mcp,,GitHub API,https://github.com/AlaeddineMessadi/opencode-mcp,False,False,False
tool_56c52c52faf235bd,GetClaudePro,2026 最新 Claude/ChatGPT 会员订阅指南（iPhone 用户）,https://github.com/sunreview/GetClaudePro,,https://github.com/sunreview/GetClaudePro,,GitHub API,https://github.com/sunreview/GetClaudePro,False,False,False
tool_8136c07a8b311d76,SAM,Synthetic Autonomic Mind - An AI assistant for everyone.,https://github.com/SyntheticAutonomicMind/SAM,,https://github.com/SyntheticAutonomicMind/SAM,,GitHub API,https://github.com/SyntheticAutonomicMind/SAM,False,False,False
tool_59a20543b1018efc,Plato-Scientific-Research-Autonomous-Agent,Multi-agent AI scientist that turns experimental data into > publication-ready research papers.,https://plato-production-dd69.up.railway.app,,https://github.com/Eldergenix/Plato-Scientific-Research-Autonomous-Agent,,GitHub API,https://github.com/Eldergenix/Plato-Scientific-Research-Autonomous-Agent,False,False,False
tool_27e6cd62f7a4cf73,alive,Personal Context Manager for Claude Code. Your life in walnuts.,https://alivecontext.com,,https://github.com/alivecontext/alive,,GitHub API,https://github.com/alivecontext/alive,False,False,False
tool_34653c6b45ac138b,carocut,Multi-Agent 的视频制作助手，基于 OpenCode AI SDK 和 Remotion 构建。,https://github.com/bilibili/carocut,,https://github.com/bilibili/carocut,,GitHub API,https://github.com/bilibili/carocut,False,False,False
tool_32ce32feb23ee60e,ai-collaboration-notebook,让 AI 主动记错题、自我迭代的协作机制 · A framework that makes your AI reflect on its own mistakes and stop repeating them,https://github.com/roam-bit/ai-collaboration-notebook,,https://github.com/roam-bit/ai-collaboration-notebook,,GitHub API,https://github.com/roam-bit/ai-collaboration-notebook,False,False,False
tool_5b8196deb8f8f61a,augments-mcp-server,"Comprehensive MCP server providing real-time framework documentation access for Claude Code with intelligent caching, multi-source integration, and context-aware assistance.",https://augments.dev,,https://github.com/augmnt/augments-mcp-server,,GitHub API,https://github.com/augmnt/augments-mcp-server,False,False,False
tool_eba357d19624236f,awsui,"Verified, project-aware AWS contexts for any CLI or AI coding agent.",https://junminhong.github.io/awsui,,https://github.com/junminhong/awsui,,GitHub API,https://github.com/junminhong/awsui,False,False,False
tool_b27f327ddac97731,Wonder-Pill,"A Claude skill that turns brainstorming into an interactive mind map of inverted assumptions — no answers, no ranking, just provocations.",https://github.com/ara-mkr/Wonder-Pill,,https://github.com/ara-mkr/Wonder-Pill,,GitHub API,https://github.com/ara-mkr/Wonder-Pill,False,False,False
tool_301e42b050bcfe9e,protocol-launcher,"Type-safe deep link generator for protocol-based apps, enabling one-click launch, install, and configuration for tools like Cursor and Cherry Studio.",https://protocol-launcher.vercel.app,,https://github.com/zhensherlock/protocol-launcher,,GitHub API,https://github.com/zhensherlock/protocol-launcher,False,False,False
tool_5bdc9a39086b19ad,opus-prompt-architect,Best Prompt Engineering Tools for 2026 AI Workflow Optimization,https://github.com/AgustiPuigserver/opus-prompt-architect,,https://github.com/AgustiPuigserver/opus-prompt-architect,,GitHub API,https://github.com/AgustiPuigserver/opus-prompt-architect,False,False,False
tool_36d5245561f27337,latchkey,A command-line tool that injects credentials to curl requests to known public APIs.,https://github.com/imbue-ai/latchkey,,https://github.com/imbue-ai/latchkey,,GitHub API,https://github.com/imbue-ai/latchkey,False,False,False
tool_b26552eb7d1d9300,lola,"Lola is able to package AI Context Modules or skills into a distributed package to be supported across multiple AI assistants. Think of your skill as the RPM package and Lola as the YUM/DNF. Write your skills once, run everywhere.",https://getlola.dev,,https://github.com/LobsterTrap/lola,,GitHub API,https://github.com/LobsterTrap/lola,False,False,False
tool_ca983e9d508fbb55,godoc-mcp,MCP server that reduces LLM context usage when AI coding agents work with Go — structured documentation instead of source-file dumps.,https://github.com/mrjoshuak/godoc-mcp,,https://github.com/mrjoshuak/godoc-mcp,,GitHub API,https://github.com/mrjoshuak/godoc-mcp,False,False,False
tool_d66b3f81b53f9200,Android-Mobile-Security-Sandbox-Testing,Ultimate Android Security Toolkit JAMBOREE Burp Objection Magisk 2026 Guide,https://github.com/hero-mike/Android-Mobile-Security-Sandbox-Testing,,https://github.com/hero-mike/Android-Mobile-Security-Sandbox-Testing,,GitHub API,https://github.com/hero-mike/Android-Mobile-Security-Sandbox-Testing,False,False,False
tool_66f8f12871d877f2,skene,"Product-Led Growth (PLG) analysis toolkit that detects tech stacks, plans growth loops and builds the loop iteratively.",https://pypi.org/project/skene,,https://github.com/SkeneTechnologies/skene,,GitHub API,https://github.com/SkeneTechnologies/skene,False,False,False
tool_e5c51794db271a5f,codified-prompt-rule-engine,Top 10 Claude Prompt Optimization Frameworks 2026,https://github.com/heavenaruba/codified-prompt-rule-engine,,https://github.com/heavenaruba/codified-prompt-rule-engine,,GitHub API,https://github.com/heavenaruba/codified-prompt-rule-engine,False,False,False
tool_c89d6d67a8863797,skills-manager,"A package manager for AI agent skills with cross-agent sharing, sync, and deployment.",https://cchao123.github.io/skills-manager,,https://github.com/cchao123/skills-manager,,GitHub API,https://github.com/cchao123/skills-manager,False,False,False
tool_e34eac6815771795,think-better,The Operating System for Clear Thinking & Better Decisions,https://thinkbetter.dev,,https://github.com/HoangTheQuyen/think-better,,GitHub API,https://github.com/HoangTheQuyen/think-better,False,False,False
tool_5690549920a4630f,Agent-Hive-Workbench,Open Source Office Agent & Game Platform Beta 2026,https://github.com/mannychen0225/Agent-Hive-Workbench,,https://github.com/mannychen0225/Agent-Hive-Workbench,,GitHub API,https://github.com/mannychen0225/Agent-Hive-Workbench,False,False,False
tool_e82312288e5224d9,Brokies-AI-Foundry,Top Free AI Developer Tools for 2026,https://github.com/Caplet1989/Brokies-AI-Foundry,,https://github.com/Caplet1989/Brokies-AI-Foundry,,GitHub API,https://github.com/Caplet1989/Brokies-AI-Foundry,False,False,False
tool_238203fad0d79af5,copilot-tunnel-proxy,GitHub Copilot as Local AI API Bridge for Claude Code 2026,https://github.com/noviaidrl/copilot-tunnel-proxy,,https://github.com/noviaidrl/copilot-tunnel-proxy,,GitHub API,https://github.com/noviaidrl/copilot-tunnel-proxy,False,False,False
tool_cc6e16a004dc88aa,startpage,"Professional Terminal Start Page is a sleek, customizable browser start page built around an interactive terminal. It combines productivity tools like semantic AI routing, Gemini integration, real-time weather, and network utilities with a premium aesthetic and multiple themes. Designed for speed and flexibility.",https://caffienerd.github.io/startpage,,https://github.com/caffienerd/startpage,,GitHub API,https://github.com/caffienerd/startpage,False,False,False
tool_9d6781a1b6bf944d,android-reverse-engineering-claude-skill,Claude Code skill that automates Android application reverse engineering,https://github.com/incogbyte/android-reverse-engineering-claude-skill,,https://github.com/incogbyte/android-reverse-engineering-claude-skill,,GitHub API,https://github.com/incogbyte/android-reverse-engineering-claude-skill,False,False,False
tool_1253e9d244ccf3ae,modelprint,"Who is really behind that API? Fingerprint any OpenAI-compatible endpoint in the browser: 9 infrastructure probes, side-by-side comparison, community-extensible.",https://github.com/unclecode/modelprint,,https://github.com/unclecode/modelprint,,GitHub API,https://github.com/unclecode/modelprint,False,False,False
tool_4789f881524cfc15,agents-kit,"React components for voice agents, chat, and generative UI. LiveKit, ElevenLabs, and OrbKit in one kit. Copy the source and make it yours.",https://agents-ui.github.io/agents-kit,,https://github.com/agents-ui/agents-kit,,GitHub API,https://github.com/agents-ui/agents-kit,False,False,False
tool_a9ddca319a1d5b83,Z-Image-Turbo-Windows,"One-click Windows installer for Z-Image Turbo AI image generation. Optimized for low-VRAM GPUs (4GB+). Features Gradio web UI, automatic setup, and GGUF model support.",https://github.com/airesearch-official/Z-Image-Turbo-Windows,,https://github.com/airesearch-official/Z-Image-Turbo-Windows,,GitHub API,https://github.com/airesearch-official/Z-Image-Turbo-Windows,False,False,False
tool_67f39dcc59f9c214,aisw,"AISW | AI Switcher - Switch between multiple Claude Code, Codex CLI, Antigravity and Gemini CLI accounts in one command. Named profile manager for AI coding agents.",https://aiswitcher.dev,,https://github.com/burakdede/aisw,,GitHub API,https://github.com/burakdede/aisw,False,False,False
tool_428a47ce9ee67488,agentcat-typescript-sdk,AgentCat is an analytics platform for MCP server owners 🐱.,https://agentcat.com,,https://github.com/agentcathq/agentcat-typescript-sdk,,GitHub API,https://github.com/agentcathq/agentcat-typescript-sdk,False,False,False
tool_b58247339f4cdd56,motive,"The AI agent that works while you don't watch. Lives in your menu bar, finds you when needed.",https://motivework.app,,https://github.com/geezerrrr/motive,,GitHub API,https://github.com/geezerrrr/motive,False,False,False
tool_aae87cd3fda413f1,claude-ground,"A modular rules & skills system for Claude Code — organize, share, and supercharge your AI coding workflow",https://github.com/akinalpfdn/claude-ground,,https://github.com/akinalpfdn/claude-ground,,GitHub API,https://github.com/akinalpfdn/claude-ground,False,False,False
tool_fc5e1cf349403dc3,ai-rtl-resolver,Ai Chatbot RTL Resolver,https://miladniroee.github.io/ai-rtl-resolver,,https://github.com/miladniroee/ai-rtl-resolver,,GitHub API,https://github.com/miladniroee/ai-rtl-resolver,False,False,False
tool_12fd8e8ad3185cfb,scryer,"Model-driven development for coding agents. Plan changes in a shared responsibility model mapped to your code; your agent reads, modifies, and implements it through a built-in MCP server.",https://github.com/aklos/scryer,,https://github.com/aklos/scryer,,GitHub API,https://github.com/aklos/scryer,False,False,False
tool_dd7b724ec80e7b0f,workrally,面向 AI Agent 的 AIGC 漫剧视频创作全流程工具集。,https://workrally.qq.com,,https://github.com/Tencent/workrally,,GitHub API,https://github.com/Tencent/workrally,False,False,False
tool_1a5b3caeb59cf30e,lamina,"Headless product design for AI coding agents, backed by a transactional product graph | Design how it works, verify what you ship.",https://lamina.dev,,https://github.com/aryaniyaps/lamina,,GitHub API,https://github.com/aryaniyaps/lamina,False,False,False
tool_21c470c96bf23796,ContentMachine,"🎥 An all-in-one AI pipeline for creating cinematic, documentary-style videos from a single topic to a fully packaged (almost)YouTube-ready project.",http://drbaph.is-a.dev/ContentMachine,,https://github.com/Saganaki22/ContentMachine,,GitHub API,https://github.com/Saganaki22/ContentMachine,False,False,False
tool_2159b7f11856e713,villani-code,Some tools help. Some tools assist. Villani Code intervenes.,https://github.com/mmprotest/villani-code,,https://github.com/mmprotest/villani-code,,GitHub API,https://github.com/mmprotest/villani-code,False,False,False
tool_de7b317e41f35295,Council,"Ask several AI models one question — they answer in parallel, critique each other blind, and you decide. Native macOS, bring-your-own-keys.",https://github.com/albertofettucini/Council,,https://github.com/albertofettucini/Council,,GitHub API,https://github.com/albertofettucini/Council,False,False,False
tool_84186aa7038dc5c7,react-trace,React Trace: batteries-included React visual inspector,http://react-trace.js.org,,https://github.com/buzinas/react-trace,,GitHub API,https://github.com/buzinas/react-trace,False,False,False
tool_17ce6a84b64cb9ac,Needle,This 14 MB Agentic LLM(Cactus Needle 2) can control your phone completely.,https://github.com/AbuZar-Ansarii/Needle,,https://github.com/AbuZar-Ansarii/Needle,,GitHub API,https://github.com/AbuZar-Ansarii/Needle,False,False,False
tool_c8999c318e10277d,claude-telegram-supercharged,"Supercharged Claude Code Official Telegram plugin — threading, voice messages 2 ways, stickers, GIFs, reactions, MarkdownV2 & more. Drop-in replacement.",https://github.com/k1p1l0/claude-telegram-supercharged,,https://github.com/k1p1l0/claude-telegram-supercharged,,GitHub API,https://github.com/k1p1l0/claude-telegram-supercharged,False,False,False
tool_d2ebc2e98760dfca,skill-zoo,"All-in-One Desktop Agent Skills Utility. Welcome to the Skill Zoo, where all your skills live!",https://luochang.ink/skill-zoo,,https://github.com/luochang212/skill-zoo,,GitHub API,https://github.com/luochang212/skill-zoo,False,False,False
tool_d4547cc942e642db,fieldflow,,https://fieldflow.dev,,https://github.com/guillaumegay13/fieldflow,,GitHub API,https://github.com/guillaumegay13/fieldflow,False,False,False
tool_8cefc395962acefd,claude-context-optimizer,"Claude Code plugin that tracks token usage, identifies wasted context, and saves 30-50% on API costs. Heatmaps, ROI reports, budget alerts, efficiency scores, git-aware suggestions — all local, zero config.",https://egorfedorov.github.io/claude-context-optimizer,,https://github.com/egorfedorov/claude-context-optimizer,,GitHub API,https://github.com/egorfedorov/claude-context-optimizer,False,False,False
tool_a572e469e8dc5d01,Sora-FullStack,"OpenAi-Sora (SoraFlows) is an open-source, cross-platform web application for AI-powered video creation and editing using the latest OpenAI Sora model. Effortlessly generate, edit, and share videos from text or images, with integrated support for voice-to-text, text-to-speech, voice cloning, and multi-language interfaces .",https://github.com/TornadoInsight/Sora-FullStack,,https://github.com/TornadoInsight/Sora-FullStack,,GitHub API,https://github.com/TornadoInsight/Sora-FullStack,False,False,False
tool_d934614dbd92c978,multiCAD-mcp,MCP server for use CAD software through AI assistants like Claude for Desktop or Cursor,https://github.com/AnCode666/multiCAD-mcp,,https://github.com/AnCode666/multiCAD-mcp,,GitHub API,https://github.com/AnCode666/multiCAD-mcp,False,False,False
tool_577db9300db80336,ocp,"Turn your Claude Pro/Max subscription into an OpenAI-compatible API for your IDEs and devices — LAN auth, per-key quotas, response cache, disciplined cli.js alignment. $0 extra cost.",https://github.com/dtzp555-max/ocp,,https://github.com/dtzp555-max/ocp,,GitHub API,https://github.com/dtzp555-max/ocp,False,False,False
tool_b10f3d1b216abace,alpha-skills,Quantitative factor research skills for AI coding assistants,https://github.com/VernonOY/alpha-skills,,https://github.com/VernonOY/alpha-skills,,GitHub API,https://github.com/VernonOY/alpha-skills,False,False,False
tool_3a2157375fb1a00f,alego,Build AI Agents like playing LEGOs. Everything is a Plugin.,https://github.com/singula-ai/alego,,https://github.com/singula-ai/alego,,GitHub API,https://github.com/singula-ai/alego,False,False,False
tool_de3de97ae08897e9,claude-code,Transform Claude Code into a complete development platform with AI-powered commands that automate your entire software development workflow.,https://paulmduvall.com/claude-code-advanced-tips-using-commands-configuration-and-hooks,,https://github.com/PaulDuvall/claude-code,,GitHub API,https://github.com/PaulDuvall/claude-code,False,False,False
tool_0090c406c83d4af4,extra,Turn your product into an AI-powered assistant,https://docs.extra-ai.co/docs/introduction,,https://github.com/extra-org/extra,,GitHub API,https://github.com/extra-org/extra,False,False,False
tool_4abde33b7ba20162,vikunja-mcp,Model Context Protocol server for Vikunja task management. Enables AI assistants to interact with Vikunja instances via MCP.,https://github.com/democratize-technology/vikunja-mcp,,https://github.com/democratize-technology/vikunja-mcp,,GitHub API,https://github.com/democratize-technology/vikunja-mcp,False,False,False
tool_b28d0519e53bc790,lanhu-mcp,⚡ 需求分析效率提升 200%！全球首个为 AI 编程时代设计的团队协作 MCP 服务器，自动分析需求自动编写前后端代码，下载切图,https://github.com/dsphper/lanhu-mcp,,https://github.com/dsphper/lanhu-mcp,,GitHub API,https://github.com/dsphper/lanhu-mcp,False,False,False
tool_558d983260191eed,token-monitor,"Local-first desktop widget for tracking token usage, costs, and limits across 37+ AI coding tools—including Claude Code, Codex, Cursor, OpenCode, and OpenClaw—with multi-device sync.",http://javis-ai.com/token-monitor,,https://github.com/Javis603/token-monitor,,GitHub API,https://github.com/Javis603/token-monitor,False,False,False
tool_4aecf048e2043752,open-cowork,"Open-source AI agent desktop app for Windows & macOS. One-click install Claude Code, MCP tools, and Skills — with sandbox isolation, multi-model support, and Feishu/Slack integration.",https://github.com/OpenCoworkAI/open-cowork,,https://github.com/OpenCoworkAI/open-cowork,,GitHub API,https://github.com/OpenCoworkAI/open-cowork,False,False,False
tool_4d65837a330174b0,LiveAgent,A fully functional AI Agent desktop client that supports Webui access and can be creatively customized and expanded!,https://github.com/Stack-Cairn/LiveAgent,,https://github.com/Stack-Cairn/LiveAgent,,GitHub API,https://github.com/Stack-Cairn/LiveAgent,False,False,False
tool_a1d72d324e8bed44,stealth-browser-mcp,"The only browser automation that bypasses anti-bot systems. AI writes network hooks, clones UIs pixel-perfect via simple chat.",https://github.com/vibheksoni/stealth-browser-mcp,,https://github.com/vibheksoni/stealth-browser-mcp,,GitHub API,https://github.com/vibheksoni/stealth-browser-mcp,False,False,False
tool_aebd6f8df34b5817,moli,"Best headless browser for AI agents. Lite, Fast, High-Compatibility. Built in Rust",https://browser.lexmount.com,,https://github.com/lexmount/moli,,GitHub API,https://github.com/lexmount/moli,False,False,False
tool_b067bda2c1a1924a,typeui,Build better UI with AI,https://typeui.sh,,https://github.com/bergside/typeui,,GitHub API,https://github.com/bergside/typeui,False,False,False
tool_e6a1d44516bb79ab,opc-skills,Agent Skills for Solopreneurs,https://opc.dev,,https://github.com/ReScienceLab/opc-skills,,GitHub API,https://github.com/ReScienceLab/opc-skills,False,False,False
tool_77cd63df5117cf97,VoiceMem,"Infrastructure for the next generation of voice agents, designed to provide universal memory. It is divided into a left brain and a right brain, storing information and emotions respectively, while a fully streaming architecture eliminates latency at the fundamental level.",https://github.com/xzf-thu/VoiceMem,,https://github.com/xzf-thu/VoiceMem,,GitHub API,https://github.com/xzf-thu/VoiceMem,False,False,False
tool_44577585a3f62d37,TokenTracker,"Local-first AI token usage & cost tracker for 31 coding tools incl. Claude Code, Codex, Cursor, Gemini & DeepSeek Harness—with native apps. Never reads prompts.",https://tokentracker.cc,,https://github.com/xiufengsun/TokenTracker,,GitHub API,https://github.com/xiufengsun/TokenTracker,False,False,False
tool_0dc3e56862d12fef,Seal-Report,Database Reporting Tool and Tasks (.Net),https://sealreport.org,,https://github.com/ariacom/Seal-Report,,GitHub API,https://github.com/ariacom/Seal-Report,False,False,False
tool_a82857b86b7407ab,sprite-gen,"Generate clean 2D game sprites & animation atlases — component-row pipeline: state rows, alpha cleanup, frame extraction, runtime atlases. Codex/Claude skill.",https://github.com/aldegad/sprite-gen,,https://github.com/aldegad/sprite-gen,,GitHub API,https://github.com/aldegad/sprite-gen,False,False,False
tool_e7e448fa94a19f65,gortex,"High-performance code-intelligence engine for AI agents and IDE, supports 257 languages, multi repositories, based on graph, with access via CLI, MCP Server, and API. AI coding agents teammate - expose only needed information, cutting token usage up to 50x. 100% local. Discord: https://discord.gg/39MFHu3J5d",https://gortex.dev,,https://github.com/zzet/gortex,,GitHub API,https://github.com/zzet/gortex,False,False,False
tool_cec4a984e9dac917,openilink-hub,开源微信 Bot 管理平台 + App 应用市场 | Self-hosted WeChat Bot Platform with App Marketplace | Lark · Slack · Discord · DingTalk · GitHub · Notion · 20+ Apps | AI Tools | 7 Language SDKs,https://openilink.com,,https://github.com/openilink/openilink-hub,,GitHub API,https://github.com/openilink/openilink-hub,False,False,False
tool_a3aa192845560395,Atomic-Chat,"Local AI app and inference engine for agents. Run open-weight LLMs locally — private, 100% offline on your computer. Join our Discord: https://discord.com/invite/8wGSsvmg4V",https://atomic.chat,,https://github.com/AtomicBot-ai/Atomic-Chat,,GitHub API,https://github.com/AtomicBot-ai/Atomic-Chat,False,False,False
tool_405587c8367010f8,cheatengine-mcp-bridge,"Connect your favorite AI agents directly to Cheat Engine via MCP. Automate reverse engineering, pointer scanning, and memory analysis using natural language.",https://github.com/miscusi-peek/cheatengine-mcp-bridge,,https://github.com/miscusi-peek/cheatengine-mcp-bridge,,GitHub API,https://github.com/miscusi-peek/cheatengine-mcp-bridge,False,False,False
tool_4d45e543927acf1e,pm-claude-skills,"1098 professional Agent Skills for Claude, ChatGPT, Gemini, Cursor & Codex — from PRDs and postmortems to appealing a disability benefit, building a go-bag, and settling into a new country. Plain-markdown, MIT, in Anthropic's official plugin directory. Free in-browser or 'npx pm-claude-skills add'.",https://mohitagw15856.github.io/pm-claude-skills,,https://github.com/mohitagw15856/pm-claude-skills,,GitHub API,https://github.com/mohitagw15856/pm-claude-skills,False,False,False
tool_b8323992a6d22df7,WebAI2API,"WebAI2API: 基于 Camoufox 的网页 AI 转 API 工具，支持 LMArena/Gemini等，多窗口并发与账号隔离。 | Web AI to OpenAI API via Camoufox. Supports LMArena/Gemini and more, multi-window concurrency & account isolation.",https://foxhui.github.io/WebAI2API,,https://github.com/foxhui/WebAI2API,,GitHub API,https://github.com/foxhui/WebAI2API,False,False,False
tool_6e305d257967356d,Claude-Command-Suite,"Professional slash commands for Claude Code that provide   structured workflows for software development tasks including   code review, feature creation, security auditing, and architectural analysis.",https://docs.anthropic.com/en/docs/claude-code,,https://github.com/qdhenry/Claude-Command-Suite,,GitHub API,https://github.com/qdhenry/Claude-Command-Suite,False,False,False
tool_23272c40809c6aa1,unigit-ecosystem,UNIGIT public brand and ecosystem hub — AI should work for everyone.,https://unigit.ai,,https://github.com/adtexterry-lgtm/unigit-ecosystem,,GitHub API,https://github.com/adtexterry-lgtm/unigit-ecosystem,False,False,False
tool_1da9469aabdac3d8,cc-thinking-skills,"28 eval-informed mental models and critical-thinking skills for Claude Code, GitHub Copilot, Codex, Cursor, and other Agent Skills-compatible tools",https://github.com/tjboudreaux/cc-thinking-skills,,https://github.com/tjboudreaux/cc-thinking-skills,,GitHub API,https://github.com/tjboudreaux/cc-thinking-skills,False,False,False
tool_2baf76806be23a41,skillsgate,,https://skillsgate.ai,,https://github.com/skillsgate/skillsgate,,GitHub API,https://github.com/skillsgate/skillsgate,False,False,False
tool_8d17f591441598e4,paul,Plan-Apply-Unify Loop — Structured AI-assisted development for Claude Code. Quality over speed-for-speed's-sake.,https://github.com/ChristopherKahler/paul,,https://github.com/ChristopherKahler/paul,,GitHub API,https://github.com/ChristopherKahler/paul,False,False,False
tool_6fb82d28578e4bd3,browserable,Open source and self-hostable browser automation library for AI agents,https://browserable.ai,,https://github.com/browserable/browserable,,GitHub API,https://github.com/browserable/browserable,False,False,False
tool_6638573509cc7e07,claude-code-prompts,"Independently authored prompt templates for AI coding agents — system prompts, tool prompts, agent delegation, memory management, and multi-agent coordination. Informed by studying Claude Code.",https://github.com/repowise-dev/claude-code-prompts,,https://github.com/repowise-dev/claude-code-prompts,,GitHub API,https://github.com/repowise-dev/claude-code-prompts,False,False,False
tool_f66669e64243518b,claude-codex-settings,"Battle-tested Claude Code, OpenAI Codex, Cursor configs, plugins, hooks and agents with Kimi, MiniMax and GLM API support.",https://claudesettings.com,,https://github.com/fcakyon/claude-codex-settings,,GitHub API,https://github.com/fcakyon/claude-codex-settings,False,False,False
tool_f38b7c7d2a49a86a,OpenFic,"专为小说创作打造的跨平台、用户友好、AI Native 的一站式 Vibe Wrting 工具。A cross-platform, user-friendly, AI-native, all-in-one Vibe Writing tool designed specifically for novel wrting.",https://github.com/syrizelink/OpenFic,,https://github.com/syrizelink/OpenFic,,GitHub API,https://github.com/syrizelink/OpenFic,False,False,False
tool_795d487bd15b04f5,crit,Your feedback loop with the agent,https://crit.md,,https://github.com/tomasz-tomczyk/crit,,GitHub API,https://github.com/tomasz-tomczyk/crit,False,False,False
tool_faaa4b6dd21c116b,tribe,Low code tool to rapidly build and coordinate multi-agent teams,https://github.com/StreetLamb/tribe,,https://github.com/StreetLamb/tribe,,GitHub API,https://github.com/StreetLamb/tribe,False,False,False
tool_67bd42a51a0e5a9b,webbrain,Open-source AI browser agent for Chrome and Firefox (monorepo) 🧠,https://webbrain.one,,https://github.com/webbrain-one/webbrain,,GitHub API,https://github.com/webbrain-one/webbrain,False,False,False
tool_6cb37ac7aaca1588,browsernode,🌐 Make websites accessible for AI agents. Automate tasks online with ease.,https://browsernode.com,,https://github.com/lennybase/browsernode,,GitHub API,https://github.com/lennybase/browsernode,False,False,False
tool_129eff5e542092e3,predict_Lottery_ticket,AI彩票号码预测,https://ai-spinach.xyz,,https://github.com/zepen/predict_Lottery_ticket,,GitHub API,https://github.com/zepen/predict_Lottery_ticket,False,False,False
tool_cd720a2101c19163,tongflow,Modality-First GenAI Platform,https://tongflow.com,,https://github.com/tong-io/tongflow,,GitHub API,https://github.com/tong-io/tongflow,False,False,False
tool_924618baf5c10d8f,collie,"PWA to manage 🐑 herdr on the go. Tailnet accessible, push notifications, quick actions and more.",https://colliepwa.dev,,https://github.com/AltanS/collie,,GitHub API,https://github.com/AltanS/collie,False,False,False
tool_392049f4fdb419ad,parallel-code,"Run Claude Code, Codex, and Gemini side by side — each in      its own git worktree",https://parallelcode.app,,https://github.com/johannesjo/parallel-code,,GitHub API,https://github.com/johannesjo/parallel-code,False,False,False
tool_9f00df79ad848173,cleanmymac-cli,"Clean Xcode, Docker, Homebrew, and developer caches, remove project and AI artifacts, analyze storage, and reclaim disk space from the Terminal.",https://github.com/MacPaw/cleanmymac-cli,,https://github.com/MacPaw/cleanmymac-cli,,GitHub API,https://github.com/MacPaw/cleanmymac-cli,False,False,False
tool_9bbb5ee12ff6c14c,claude-code-memory-setup,"Up to 71.5x fewer tokens per session on Claude Code with Obsidian + Graphify. Persistent memory, codebase knowledge graphs, and chat import pipeline. 🇧🇷 PT-BR included.",https://github.com/lucasrosati/claude-code-memory-setup,,https://github.com/lucasrosati/claude-code-memory-setup,,GitHub API,https://github.com/lucasrosati/claude-code-memory-setup,False,False,False
tool_a9ccb8cd4fb6f8e8,reconmap,"Reconmap is a collaboration-first security operations platform for infosec teams and MSSPs, enabling end‑to‑end engagement management, from reconnaissance through execution and reporting. With built-in command automation, output parsing, and AI‑assisted summaries, it delivers faster, more structured, and high‑quality security assessments.",http://reconmap.com,,https://github.com/reconmap/reconmap,,GitHub API,https://github.com/reconmap/reconmap,False,False,False
tool_6901b15ae93a7c9f,LeanType,"LeanType is an Open-source keyboard, fork of HeliBoard with additional features and customisation",https://leanbitlab.github.io/LeanBitLab,,https://github.com/LeanBitLab/LeanType,,GitHub API,https://github.com/LeanBitLab/LeanType,False,False,False
tool_6dd66d16fc126d50,octocode,"Code research platform for AI agents; find, understand, and prove context across your code and all of GitHub, in a fraction of the tokens. One toolset, MCP or CLI",https://octocode.ai,,https://github.com/bgauryy/octocode,,GitHub API,https://github.com/bgauryy/octocode,False,False,False
tool_f43b0866bb2489f7,pdf-reader-mcp,"Give your AI agent eyes for PDFs — structured text, tables, OCR, visual evidence, and page-level citations via MCP. Native Rust, local-first.",https://sylphxai.github.io/pdf-reader-mcp,,https://github.com/SylphxAI/pdf-reader-mcp,,GitHub API,https://github.com/SylphxAI/pdf-reader-mcp,False,False,False
tool_26107c7ece2f224e,UnrealClaude,Claude Code CLI integration for Unreal Engine 5.7 - Get AI coding assistance with built-in UE5.7 documentation context directly in the editor.,https://github.com/Natfii/UnrealClaude,,https://github.com/Natfii/UnrealClaude,,GitHub API,https://github.com/Natfii/UnrealClaude,False,False,False
tool_f5b38371a85af5d6,claude-code-skill-factory,"Claude Code Skill Factory — A powerful open-source toolkit for building and deploying production-ready Claude Skills, Code Agents, custom Slash Commands, and LLM Prompts at scale. Easily generate structured skill templates, automate workflow integration, and accelerate AI agent development with a clean, developer-friendly setup.",https://medium.com/@alirezarezvani/the-claude-skills-factory-how-you-can-generate-production-ready-ai-tools-in-15-minutes-eb0b86087f31?sk=4c0f7e762b9d7caf49d4234a978f3b0a,,https://github.com/alirezarezvani/claude-code-skill-factory,,GitHub API,https://github.com/alirezarezvani/claude-code-skill-factory,False,False,False
tool_5bcc1adb1af88527,Dev-Janitor,"Cross-platform desktop app for cleaning development artifacts, managing local developer tools, and checking common environment issues.",https://github.com/cocojojo5213/Dev-Janitor,,https://github.com/cocojojo5213/Dev-Janitor,,GitHub API,https://github.com/cocojojo5213/Dev-Janitor,False,False,False
tool_196405515c1243f7,aiden,"Aiden — Autonomous AI agent that operates your computer with prompts: browser control, terminal execution, workflows, tools, recovery systems, and persistent memory. Built solo. AGPL-3.0.",https://aiden.taracod.com,,https://github.com/taracodlabs/aiden,,GitHub API,https://github.com/taracodlabs/aiden,False,False,False
tool_ca06373a84d7683c,mcp-nixos,MCP-NixOS - Model Context Protocol Server for NixOS resources,https://mcp-nixos.io,,https://github.com/utensils/mcp-nixos,,GitHub API,https://github.com/utensils/mcp-nixos,False,False,False
tool_151070225379055c,hue,"open-source skill that learns any brand and turns it into a complete design system. works on claude code and codex. install once, every UI your assistant builds matches your brand.",https://hueapp.io,,https://github.com/dominikmartn/hue,,GitHub API,https://github.com/dominikmartn/hue,False,False,False
tool_ba9e53ba38939f6f,Text-To-Video-AI,Generate video from text using AI,https://vadoo.tv/text-to-video-ai,,https://github.com/SamurAIGPT/Text-To-Video-AI,,GitHub API,https://github.com/SamurAIGPT/Text-To-Video-AI,False,False,False
tool_7a229903d847b287,projectmem,"Open-source coding agents memory. Records issues, attempts, fixes and decisions, then warns your agent before it repeats an approach that already failed. Native MCP server for Claude Code, Cursor, Antigravity and Codex. 100% local, no cloud, no telemetry. MIT.",https://projectmem.dev,,https://github.com/riponcm/projectmem,,GitHub API,https://github.com/riponcm/projectmem,False,False,False
tool_320b40e656a65bdc,tokentap,"Intercept LLM API traffic and visualize token usage in a real-time terminal dashboard. Track costs,       debug prompts, and monitor context window usage across your AI development sessions.",https://github.com/jmuncor/tokentap,,https://github.com/jmuncor/tokentap,,GitHub API,https://github.com/jmuncor/tokentap,False,False,False
tool_a97bde4a678c4dcd,tickdb-unified-realtime-marketdata-api,"TickDB: AI-native real time stock API and market data API for US stocks, HK stocks, A-shares, forex, crypto, indices and commodities. Skill, CLI, MCP, REST API and WebSocket. AI 原生实时股票 API 与金融行情数据 API，支持美股、港股、A 股、外汇、加密货币、指数和大宗商品。",https://tickdb.ai,,https://github.com/TickDB/tickdb-unified-realtime-marketdata-api,,GitHub API,https://github.com/TickDB/tickdb-unified-realtime-marketdata-api,False,False,False
tool_eec89eb17a54f951,chatgpt-plus-pro-codex-cn-guide,ChatGPT Pro 国内怎么开通？2026年 Pro 5x（100 美元）/ 20x（200 美元）、支付宝、无海外卡、Codex 与订单查询指南,https://fangmumu111-bot.github.io/chatgpt-plus-pro-codex-cn-guide,,https://github.com/fangmumu111-bot/chatgpt-plus-pro-codex-cn-guide,,GitHub API,https://github.com/fangmumu111-bot/chatgpt-plus-pro-codex-cn-guide,False,False,False
tool_d9e00d6bedeaf88b,drift,Codebase intelligence for AI. Detects patterns & conventions + remembers decisions across sessions. MCP server for any IDE. Offline CLI.,https://github.com/dadbodgeoff/drift,,https://github.com/dadbodgeoff/drift,,GitHub API,https://github.com/dadbodgeoff/drift,False,False,False
tool_5c8869a39303b478,typescript-style-guide,"⚙️ TypeScript Style Guide and Agent Skill. A concise set of conventions and best practices for consistent, maintainable code.",https://mkosir.github.io/typescript-style-guide,,https://github.com/mkosir/typescript-style-guide,,GitHub API,https://github.com/mkosir/typescript-style-guide,False,False,False
tool_1ebbe7e5a279bf0b,llm-functions,Easily create LLM tools and agents using plain Bash/JavaScript/Python functions.,https://github.com/sigoden/llm-functions,,https://github.com/sigoden/llm-functions,,GitHub API,https://github.com/sigoden/llm-functions,False,False,False
tool_087f227556552c6c,versus-incident,Versus Incident is the self-hosted AI SRE agent. It learns what your system normally look like and escalates only what is new or unexpected issues — routing to your chat channels and on-call platform.,https://versusincident.com,,https://github.com/VersusControl/versus-incident,,GitHub API,https://github.com/VersusControl/versus-incident,False,False,False
tool_fdb0bceaaa60bbe8,codeseek,Rust-powered code intelligence CLI for AI coding agents. Builds call graphs and hybrid semantic search indexes (Dense + Sparse + RRF + Reranker) across 7 languages. Ships as native MCP tools for Claude Code and Codex CLI.,https://github.com/CodeBendKit/codeseek,,https://github.com/CodeBendKit/codeseek,,GitHub API,https://github.com/CodeBendKit/codeseek,False,False,False
tool_a9baa0dd0d3996c1,agentfiles,"Browse, create, and edit AI agent files across Claude Code, Cursor, Codex, and 12 coding tools — from Obsidian.",https://agentfiles.crafter.run,,https://github.com/Railly/agentfiles,,GitHub API,https://github.com/Railly/agentfiles,False,False,False
tool_5afc99c6834a3b1f,claude-code-apple-skills,"Claude Code skills for Apple platform development (iOS, macOS, iPadOS) — product validation, code generation, App Store optimization, and more",https://github.com/rshankras/claude-code-apple-skills,,https://github.com/rshankras/claude-code-apple-skills,,GitHub API,https://github.com/rshankras/claude-code-apple-skills,False,False,False
tool_9b58bf55bb9a68e6,beads-ui,Local UI for Beads — Collaborate on issues with your coding agent.,https://github.com/mantoni/beads-ui,,https://github.com/mantoni/beads-ui,,GitHub API,https://github.com/mantoni/beads-ui,False,False,False
tool_593b32086704f8a7,denova,"An AI creative platform for novel writing and AI generated RPG, with built-in support for AI agents, Skills, subagent workflows, automations, image generation, and version control. 一个面向小说创作与 AI 角色扮演游戏的 AI 创作平台，内置支持 AI Agents、Skills、Subagent Workflows、Automations、图像自动生成与项目版本管理等核心能力",https://denova-ai.com,,https://github.com/alfredxw/denova,,GitHub API,https://github.com/alfredxw/denova,False,False,False
tool_c96a7037038c3148,gpt-image-canvas,Local professional AI canvas built with tldraw.,https://github.com/mrslimslim/gpt-image-canvas,,https://github.com/mrslimslim/gpt-image-canvas,,GitHub API,https://github.com/mrslimslim/gpt-image-canvas,False,False,False
tool_5863f31313da392a,hackerai,Find and fix vulnerabilities by chatting with AI,https://hackerai.co,,https://github.com/hackerai-tech/hackerai,,GitHub API,https://github.com/hackerai-tech/hackerai,False,False,False
tool_3970e287afe32a4e,code-on-incus,"Give each AI agent its own isolated machine with root, Docker, and systemd. Active defense detects and stops threats automatically.",https://github.com/mensfeld/code-on-incus,,https://github.com/mensfeld/code-on-incus,,GitHub API,https://github.com/mensfeld/code-on-incus,False,False,False
tool_496a22277a843f0c,computer-agent,"Desktop app to control your computer with AI using your terminal, browser, mouse & keyboard",https://github.com/suitedaces/computer-agent,,https://github.com/suitedaces/computer-agent,,GitHub API,https://github.com/suitedaces/computer-agent,False,False,False
tool_d9787a3ea772cd62,VibeUE,Unreal Engine Vibe Coding tool,https://vibeue.com,,https://github.com/kevinpbuckley/VibeUE,,GitHub API,https://github.com/kevinpbuckley/VibeUE,False,False,False
tool_604bbc5ec342ec58,pilot,AI that ships your tickets.,https://pilot.quantflow.studio,,https://github.com/qf-studio/pilot,,GitHub API,https://github.com/qf-studio/pilot,False,False,False
tool_ac93fea94dc52bb0,obsidian-mcp-server,"Read, write, search, and surgically edit Obsidian vault notes, tags, and frontmatter via MCP. STDIO or Streamable HTTP.",https://npmjs.com/package/obsidian-mcp-server,,https://github.com/cyanheads/obsidian-mcp-server,,GitHub API,https://github.com/cyanheads/obsidian-mcp-server,False,False,False
tool_ff7a41a9f3eecd48,claude-skills-marketplace,"Claude Code Skills for software engineering workflows - Git automation, testing, and code review",https://github.com/mhattingpete/claude-skills-marketplace,,https://github.com/mhattingpete/claude-skills-marketplace,,GitHub API,https://github.com/mhattingpete/claude-skills-marketplace,False,False,False
tool_fdaff0244750d91d,dexto,Agent harness and tookit for building AI agents and agentic applications. CLI and SDKs included,https://dexto.ai,,https://github.com/truffle-ai/dexto,,GitHub API,https://github.com/truffle-ai/dexto,False,False,False
tool_b408228b839f34f6,world-intel-mcp,"120-tool MCP server for real-time global intelligence: markets, SEC filings, conflict, military, cyber, climate, news, and 30+ domains. AI situation briefs that cite their sources, user-defined geofences with escalation scoring, cited daily digests, live SSE dashboard. MIT, no paid API keys.",https://github.com/marc-shade/world-intel-mcp,,https://github.com/marc-shade/world-intel-mcp,,GitHub API,https://github.com/marc-shade/world-intel-mcp,False,False,False
tool_a7ccaef6fb29df16,ctxport,"Copy AI conversations as clean Markdown Context Bundles — one click from ChatGPT, Claude, Gemini, DeepSeek, Grok & GitHub. Copy from sidebar without opening. Zero upload, 100% local, open source.",https://ctxport.xiaominglab.com,,https://github.com/nicepkg/ctxport,,GitHub API,https://github.com/nicepkg/ctxport,False,False,False
tool_1e84ab23fa4d45bc,spring-ai-agent-utils,A Spring AI library that brings Claude Code-inspired tools and agent skills to your AI applications.,https://spring-ai-community.github.io/spring-ai-agent-utils,,https://github.com/spring-ai-community/spring-ai-agent-utils,,GitHub API,https://github.com/spring-ai-community/spring-ai-agent-utils,False,False,False
tool_b24b075f932c9e59,openai-assistant-swarm,Introducing the Assistant Swarm. An extension to the OpenAI Node SDK to automatically delegate work to any assistant you create in OpenAi through one united interface and manager. Now you can delegate work to a swarm of assistant all specialized with specific tasks you define.,https://mintplexlabs.com,,https://github.com/Mintplex-Labs/openai-assistant-swarm,,GitHub API,https://github.com/Mintplex-Labs/openai-assistant-swarm,False,False,False
tool_572d28c18a7601c4,godot-mcp-pro,"162 MCP tools for AI-powered Godot 4 development. Scene, animation, 3D, physics, particles, audio, shader, input simulation, runtime analysis, navigation, testing & more. $15 one-time.",https://godot-mcp.abyo.net,,https://github.com/youichi-uda/godot-mcp-pro,,GitHub API,https://github.com/youichi-uda/godot-mcp-pro,False,False,False
tool_c4b53a2116879a5b,cc-lens,"Local analytics dashboard for Claude Code. No cloud, no telemetry.",https://youtube.com/watch?v=F01R99FeB5U,,https://github.com/Arindam200/cc-lens,,GitHub API,https://github.com/Arindam200/cc-lens,False,False,False
tool_0cc0e8c7ed401aa3,readmeX,An AI Powered README and Interactive Wiki Generator for Any Projects. AI驱动的README及交互式Wiki生成工具，面向中文的开源DeepWiki。,https://github.com/aibox22/readmeX,,https://github.com/aibox22/readmeX,,GitHub API,https://github.com/aibox22/readmeX,False,False,False
tool_7046d8f5ee439112,mnemon,"LLM-supervised persistent memory for AI agents — graph-based recall, cross-session knowledge, single binary. Works with DeepSeek Harness, Claude Code, OpenClaw, and any agent runtime.",https://github.com/mnemon-dev/mnemon,,https://github.com/mnemon-dev/mnemon,,GitHub API,https://github.com/mnemon-dev/mnemon,False,False,False
tool_7d5f94deb4dd4a6c,js-reverse-automation--skill,结合chrome-devtools-mcp的能力并加上Skill的规范，实现JSRPC+Flask+autoDecoder方案的前端JS逆向自动化分析，提升JS逆向的效率,https://github.com/Fausto-404/js-reverse-automation--skill,,https://github.com/Fausto-404/js-reverse-automation--skill,,GitHub API,https://github.com/Fausto-404/js-reverse-automation--skill,False,False,False
tool_fda1b953f3e669b1,Agentfy,"🤖 Agentfy is a modular microservices architecture designed to process user requests and execute workflows across multiple social media platforms.  ASK ONCE, LET THE AGENT DO THE REST!",https://github.com/Agentfy-io/Agentfy,,https://github.com/Agentfy-io/Agentfy,,GitHub API,https://github.com/Agentfy-io/Agentfy,False,False,False
tool_4b171ec722b1ba2a,claude-brain,"Give Claude Code photographic memory in ONE portable file. No database, no SQLite, no ChromaDB - just a single .mv2 file you can git commit, scp, or share. Native Rust core with sub-ms operations.",https://memvid.com,,https://github.com/memvid/claude-brain,,GitHub API,https://github.com/memvid/claude-brain,False,False,False
tool_e9af3d31bde45ad7,AI-Infinity,A set of AI tools that will help you explore the infinite possibilities of AI.,https://ai-infinity.vercel.app,,https://github.com/meetpateltech/AI-Infinity,,GitHub API,https://github.com/meetpateltech/AI-Infinity,False,False,False
tool_d657f71322760d24,character-arc,CharacterArc(弧光)  AI 小说创作应用，集项目设定、角色关系、剧情大纲、章节写作与多模型 AI 协作于一体,https://github.com/uu201/character-arc,,https://github.com/uu201/character-arc,,GitHub API,https://github.com/uu201/character-arc,False,False,False
tool_9e197c6af2140a80,xiaohongshu-ai-workbench,《小红书运营手册 · AI工作台》: free Codex Skills for Xiaohongshu operations,https://github.com/mengke-wang/xiaohongshu-ai-workbench,,https://github.com/mengke-wang/xiaohongshu-ai-workbench,,GitHub API,https://github.com/mengke-wang/xiaohongshu-ai-workbench,False,False,False
tool_432ec0d1db1addc5,Seo-Promt-Master,"🔍 Google SEO's full docs as an AI prompt machine — drop it into your AI assistant to map every public route, audit each page against Google's rules, and fix the gaps step by step.",https://github.com/umutxyp/Seo-Promt-Master,,https://github.com/umutxyp/Seo-Promt-Master,,GitHub API,https://github.com/umutxyp/Seo-Promt-Master,False,False,False
tool_738ed714fb62f1d4,opentypeless,"Open-source AI voice typing for macOS, Windows, and Linux. Press a hotkey, speak naturally, get polished text in any app.",https://opentypeless.com,,https://github.com/tover0314-w/opentypeless,,GitHub API,https://github.com/tover0314-w/opentypeless,False,False,False
tool_be383850bf039600,ClawWork,Client for OpenClaw — Connect ClawWork to your own OpenClaw and unlock 10x multi-session productivity.,https://clawwork-ai.github.io/ClawWork,,https://github.com/clawwork-ai/ClawWork,,GitHub API,https://github.com/clawwork-ai/ClawWork,False,False,False
tool_557811e9b377fd68,ai-coding-guide,AI 编程工具实战指南 — 66 个 Claude Code 技巧 + 10 款工具最佳实践 + 可复制配置模板 | AI Coding Tools Guide with 66 Claude Code tips,https://github.com/jnMetaCode/ai-coding-guide,,https://github.com/jnMetaCode/ai-coding-guide,,GitHub API,https://github.com/jnMetaCode/ai-coding-guide,False,False,False
tool_7cd50a55d4f12128,browser-search,"A skill for AI agents: search the web with SearXNG, browse with Camofox, bypass protections with CloakBrowser. Anti-hallucination by design. Self-hosted, free, unlimited.",https://github.com/Johell1NS/browser-search,,https://github.com/Johell1NS/browser-search,,GitHub API,https://github.com/Johell1NS/browser-search,False,False,False
tool_59659575783c90ac,VibeAround,"Keep your AI coding agents around. Launch Claude Code, Codex CLI, Gemini CLI, Pi Agent, and more from one place — side by side, connected, reachable, and ready to work across web, mobile, and messaging.",https://vibearound.ai,,https://github.com/jazzenchen/VibeAround,,GitHub API,https://github.com/jazzenchen/VibeAround,False,False,False
tool_8d5476a3705a6116,veridrop,AI API 中转站检测工具：Claude 中转站检测、OpenAI 中转站检测、Gemini 中转站检测，中转站真伪检测、长上下文验证、思维签名验证、中转站红黑榜，自托管开源。,https://veridrop.org,,https://github.com/canarybyte/veridrop,,GitHub API,https://github.com/canarybyte/veridrop,False,False,False
tool_ca57c91cff14b57f,claude-code-hooks,"🪝 Claude Code hooks + an installable plugin marketplace: safety, cost, observability, productivity.",https://hooks.karanbansal.in,,https://github.com/karanb192/claude-code-hooks,,GitHub API,https://github.com/karanb192/claude-code-hooks,False,False,False
tool_203f15482ab19bfa,web-agent-protocol,🌐Web Agent Protocol (WAP) - Record and replay user interactions in the browser with MCP support,https://otatech.ai,,https://github.com/OTA-Tech-AI/web-agent-protocol,,GitHub API,https://github.com/OTA-Tech-AI/web-agent-protocol,False,False,False
tool_be6ca01f77742531,hcom,"Let AI agents message, watch, and spawn each other across terminals. Claude Code, Codex, Antigravity CLI, Cursor CLI, OpenCode, Kilo, Pi, Kimi",https://pypi.org/project/hcom,,https://github.com/aannoo/hcom,,GitHub API,https://github.com/aannoo/hcom,False,False,False
tool_824066962f011e3f,aihub,"All-in-one Kotlin app that aggregates multiple AI assistants in a single tabbed interface, featuring webview integration, Material Design 3, and persistent session management.",https://github.com/SilentCoderHere/aihub,,https://github.com/SilentCoderHere/aihub,,GitHub API,https://github.com/SilentCoderHere/aihub,False,False,False
tool_7e75f3f9311ae674,cc-switch,"A cross-platform desktop All-in-One assistant for Claude Code, Codex, OpenCode, OpenClaw, Grok Build & Hermes Agent. Only official website: ccswitch.io",https://ccswitch.io,,https://github.com/farion1231/cc-switch,,GitHub API,https://github.com/farion1231/cc-switch,False,False,False
tool_22722e523af215ba,browser-use,Agents that use the browser.,https://browser-use.com,,https://github.com/browser-use/browser-use,,GitHub API,https://github.com/browser-use/browser-use,False,False,False
tool_7bbe03a95e392686,private-gpt,"Complete API layer for private AI applications on local models: RAG, skills, tools, MCP, text-to-sql, and more. Works with any OpenAI-compatible inference server.",https://zylon.ai/private-gpt,,https://github.com/zylon-ai/private-gpt,,GitHub API,https://github.com/zylon-ai/private-gpt,False,False,False
tool_8b2c97aaa1521199,medusa,The world's most flexible commerce platform for agents and developers,https://medusajs.com,,https://github.com/medusajs/medusa,,GitHub API,https://github.com/medusajs/medusa,False,False,False
tool_c51aea0eca994fff,prompt-optimizer,An AI prompt optimizer for writing better prompts and getting better AI results.,https://prompt.always200.com,,https://github.com/linshenkx/prompt-optimizer,,GitHub API,https://github.com/linshenkx/prompt-optimizer,False,False,False
tool_aef70ac495a46702,openclaude,runs anywhere. uses anything,https://openclaude.gitlawb.com,,https://github.com/Gitlawb/openclaude,,GitHub API,https://github.com/Gitlawb/openclaude,False,False,False
tool_5a02013870217108,OpenCLI,Make Any Website into CLI & Use your logged-in browser by AI agent.,https://opencli.info,,https://github.com/jackwener/OpenCLI,,GitHub API,https://github.com/jackwener/OpenCLI,False,False,False
tool_0a00e50255f5c61e,nocobase,"NocoBase is an open-source AI + no-code platform for building business systems fast. Instead of generating everything from scratch, AI works on top of production-proven infrastructure and a WYSIWYG no-code interface, so you get both speed and reliability.",https://nocobase.com,,https://github.com/nocobase/nocobase,,GitHub API,https://github.com/nocobase/nocobase,False,False,False
tool_bd430e11fad5b7fa,Auto-claude-code-research-in-sleep,"ARIS ⚔️ (Auto-Research-In-Sleep) — Lightweight Markdown-only skills for autonomous ML research: cross-model review loops, idea discovery, and experiment automation. No framework, no lock-in — works with Claude Code, Codex, OpenClaw, or any LLM agent.",https://github.com/wanshuiyin/Auto-claude-code-research-in-sleep,,https://github.com/wanshuiyin/Auto-claude-code-research-in-sleep,,GitHub API,https://github.com/wanshuiyin/Auto-claude-code-research-in-sleep,False,False,False
tool_fd0da197cd8b8075,plandex,Open source AI coding agent. Designed for large projects and real world tasks.,https://plandex.ai,,https://github.com/plandex-ai/plandex,,GitHub API,https://github.com/plandex-ai/plandex,False,False,False
tool_1c36a297581fa7d7,opencodex,"Universal provider proxy for OpenAI Codex & Claude Code — use any LLM (Claude, Gemini, Grok, DeepSeek, Ollama…) with Codex CLI, App, SDK, and Claude Code",https://opencodex.me,,https://github.com/lidge-jun/opencodex,,GitHub API,https://github.com/lidge-jun/opencodex,False,False,False
tool_b550eddcc4320ca0,Skill_Seekers,"Convert documentation websites, GitHub repositories, and PDFs into Claude AI skills with automatic conflict detection",https://skillseekersweb.com,,https://github.com/yusufkaraaslan/Skill_Seekers,,GitHub API,https://github.com/yusufkaraaslan/Skill_Seekers,False,False,False
tool_8ff2b861cf4f58ee,nanobrowser,Open-Source Chrome extension for AI-powered web automation. Run multi-agent workflows using your own LLM API key. Alternative to OpenAI Operator.,https://nanobrowser.ai,,https://github.com/nanobrowser/nanobrowser,,GitHub API,https://github.com/nanobrowser/nanobrowser,False,False,False
tool_9c4d972cc4034652,ccstatusline,"🚀 Beautiful highly customizable statusline for Claude Code CLI with powerline support, themes, and more.",https://github.com/sirmalloc/ccstatusline,,https://github.com/sirmalloc/ccstatusline,,GitHub API,https://github.com/sirmalloc/ccstatusline,False,False,False
tool_a720b1bbb012ac1b,ChatGPT-Shortcut,"Stop writing prompts from scratch — a searchable prompt library for ChatGPT, Claude, Gemini and Cursor · Русский 한국어 العربية हिन्दी ไทย ｜ 别再从头写提示词：现成的拿来就用，好用的收进自己的库",https://aishort.top/en,,https://github.com/rockbenben/ChatGPT-Shortcut,,GitHub API,https://github.com/rockbenben/ChatGPT-Shortcut,False,False,False
tool_d08a330a85e233ab,steel-browser,🔥 Open Source Browser API for AI Agents & Apps. Steel Browser is a batteries-included browser sandbox that lets you automate the web without worrying about infrastructure.,https://steel.dev,,https://github.com/steel-dev/steel-browser,,GitHub API,https://github.com/steel-dev/steel-browser,False,False,False
tool_d7e17d8a9f4acacc,modly,Desktop app to generate 3D models from images or prompt using local AI — runs entirely on your GPU,https://modly3d.app,,https://github.com/lightningpixel/modly,,GitHub API,https://github.com/lightningpixel/modly,False,False,False
tool_21b8d203af13799d,go-stock,🦄🦄🦄AI赋能股票分析：AI加持的股票分析/选股工具。股票行情获取，AI热点资讯分析，AI资金/财务分析，涨跌报警推送。支持A股，港股，美股。支持市场整体/个股情绪分析，AI辅助选股等。数据全部保留在本地。支持DeepSeek，OpenAI， Ollama，LMStudio，AnythingLLM，硅基流动，火山方舟，阿里云百炼等平台或模型。,https://go-stock.sparkmemory.top,,https://github.com/ArvinLovegood/go-stock,,GitHub API,https://github.com/ArvinLovegood/go-stock,False,False,False
tool_c23f56ef86e4988b,autoclip,AutoClip : AI-powered video clipping and highlight generation · 一款智能高光提取与剪辑的二创工具,https://zhouxiaoka.github.io/autoclip_intro,,https://github.com/zhouxiaoka/autoclip,,GitHub API,https://github.com/zhouxiaoka/autoclip,False,False,False
tool_f9a8f19eff136d6e,FunClip,"FunASR-powered video transcription, subtitle generation, and LLM-assisted clipping tool with a local Gradio UI.",https://huggingface.co/spaces/FunAudioLLM/FunClip,,https://github.com/modelscope/FunClip,,GitHub API,https://github.com/modelscope/FunClip,False,False,False
tool_fccf74da2578047e,react-email-editor,Drag-n-Drop Email Editor Component for React.js,https://unlayer.com,,https://github.com/unlayer/react-email-editor,,GitHub API,https://github.com/unlayer/react-email-editor,False,False,False
tool_db6955b2714c9f18,quotio,"Stop juggling AI accounts. Quotio is a beautiful native macOS menu bar app that unifies your Claude, Gemini, OpenAI, Qwen, and Antigravity subscriptions – with real-time quota tracking and smart auto-failover for AI coding tools like Claude Code, OpenCode, and Droid.",https://quotio.dev,,https://github.com/nguyenphutrong/quotio,,GitHub API,https://github.com/nguyenphutrong/quotio,False,False,False
tool_abe3fb74d529db6b,poster-design,"迅排设计 - 图片编辑器、AI 在线海报设计，仿稿定设计，适用于多种场景：海报生成、电商产品图、文章长图、视频/公众号封面等。A beautiful online image designer, suitable for various scenarios like generate posters, making design easier!",https://design.palxp.cn,,https://github.com/palxiao/poster-design,,GitHub API,https://github.com/palxiao/poster-design,False,False,False
tool_286cef286bd06615,logfire,AI observability platform for production LLM and agent systems.,https://pydantic.dev/logfire,,https://github.com/pydantic/logfire,,GitHub API,https://github.com/pydantic/logfire,False,False,False
tool_9d15ee538baca472,judge0,"Robust, fast, scalable, and sandboxed open-source online code execution system for humans and AI.",https://judge0.com,,https://github.com/judge0/judge0,,GitHub API,https://github.com/judge0/judge0,False,False,False
tool_f6dba713ec1614e4,claude-devtools,"The missing DevTools for Claude Code — inspect session logs, tool calls, token usage, subagents, and context window in a visual UI. Free, open source.",https://claude-dev.tools,,https://github.com/matt1398/claude-devtools,,GitHub API,https://github.com/matt1398/claude-devtools,False,False,False
tool_92df2a4271b18adf,tutti,Where people and agents build in tune.,https://tutti.sh,,https://github.com/tutti-os/tutti,,GitHub API,https://github.com/tutti-os/tutti,False,False,False
tool_efcd461b9ec40802,pinme,Deploy Your Frontend in a Single Command. Claude Code Skills supported.,https://pinme.eth.limo,,https://github.com/glitternetwork/pinme,,GitHub API,https://github.com/glitternetwork/pinme,False,False,False
tool_d10ac25ba2ebd643,anything-analyzer,"全能协议分析工具：浏览器抓包 + MITM 代理 + 指纹伪装 + AI 分析 + MCP Server 无缝对接 AI Agent/IDE   |  All-in-one protocol analysis toolkit — built-in browser capture, MITM proxy, JS hooks, fingerprint spoofing, AI analysis & MCP server for agent integration",https://github.com/Mouseww/anything-analyzer,,https://github.com/Mouseww/anything-analyzer,,GitHub API,https://github.com/Mouseww/anything-analyzer,False,False,False
tool_06b2795a2ecbeb54,llm-wiki-agent,"A personal knowledge base that builds and maintains itself. Drop in sources — Claude (or Codex/Gemini) reads them, extracts knowledge, and maintains a persistent interlinked wiki. Works with Claude Code, Codex, OpenCode, Gemini CLI. No API key needed.",https://github.com/SamurAIGPT/llm-wiki-agent,,https://github.com/SamurAIGPT/llm-wiki-agent,,GitHub API,https://github.com/SamurAIGPT/llm-wiki-agent,False,False,False
tool_76837f17df506d8c,VulnClaw,基于 AI Agent + MCP 工具链 + 渗透 Skill 编排， 配合大语言模型， 自然语言输入 → 自动完成「信息收集 → 漏洞发现 → 漏洞利用 → 报告生成」全流程。,https://unclecheng-li.github.io/vulnclaw.com,,https://github.com/Netw0rkNoob/VulnClaw,,GitHub API,https://github.com/Netw0rkNoob/VulnClaw,False,False,False
tool_0db13fe3eb3e0eb6,any-auto-register,"Auto-register & manage accounts for ChatGPT, Cursor, Kiro, Grok, Windsurf, Trae & 13+ AI platforms · Protocol/browser dual-mode · Plugin-based · One-click Mac/Windows desktop app",https://github.com/lxf746/any-auto-register,,https://github.com/lxf746/any-auto-register,,GitHub API,https://github.com/lxf746/any-auto-register,False,False,False
tool_c006703a2795d033,claude-tap,"Intercept and inspect Coding Agent API traffic from Claude Code, Codex CLI, Gemini CLI, Cursor CLI, OpenCode, Kimi/Kimi Code, Pi, and Hermes in a local trace viewer.",https://github.com/liaohch3/claude-tap,,https://github.com/liaohch3/claude-tap,,GitHub API,https://github.com/liaohch3/claude-tap,False,False,False
tool_3d066cb511f1492e,open-terminal,A computer you can curl ⚡,https://openterminal.sh,,https://github.com/open-webui/open-terminal,,GitHub API,https://github.com/open-webui/open-terminal,False,False,False
tool_6e453d26b64c873f,tuicr,a code review TUI with vim keybindings,https://tuicr.dev,,https://github.com/agavra/tuicr,,GitHub API,https://github.com/agavra/tuicr,False,False,False
tool_b46f91ff30a7904b,humanize-text,"Open-source text humanization pipeline with every intermediate step published. Two LLM rewrites at temp 1.3, then two hops across different NMT engines. Four documented methodologies you can read, modify, and run locally.",https://lynote.ai/ai-humanizer,,https://github.com/lynote-ai/humanize-text,,GitHub API,https://github.com/lynote-ai/humanize-text,False,False,False
tool_8e07d3b4f9d247e1,daily-arXiv-ai-enhanced,Automatically crawl arXiv papers daily and summarize them using AI. Illustrating them using GitHub Pages.,https://arxiv.dw-dengwei.cn,,https://github.com/dw-dengwei/daily-arXiv-ai-enhanced,,GitHub API,https://github.com/dw-dengwei/daily-arXiv-ai-enhanced,False,False,False
tool_439834253697f9a5,clawpanel,🦞 OpenClaw & Hermes Agent 多引擎 AI 管理面板 — 内置 AI 助手（工具调用 + 图片识别 + 多模态），一键安装 | Tauri v2 跨平台桌面应用 | 11 种语言,https://claw.qt.cool,,https://github.com/qingchencloud/clawpanel,,GitHub API,https://github.com/qingchencloud/clawpanel,False,False,False
tool_8a605eaed337460b,designer-skills,"Designer Skills Collection: agentic skills, commands, and plugins for design — from research to systems, UI, interaction, and delivery.",https://github.com/Owl-Listener/designer-skills,,https://github.com/Owl-Listener/designer-skills,,GitHub API,https://github.com/Owl-Listener/designer-skills,False,False,False
tool_b0a068227ac63256,oh-my-hermes,"All in one plugin for Hermes Agent ⚚ the coding intelligence, a long-term memory system and model optimized workflow packages",https://rlaope.github.io/oh-my-hermes,,https://github.com/rlaope/oh-my-hermes,,GitHub API,https://github.com/rlaope/oh-my-hermes,False,False,False
tool_f11a5bdf7df1704f,agentic-context-engine,🧠 Make your agents learn from experience. Now available as a hosted solution at kayba.ai,https://kayba.ai,,https://github.com/kayba-ai/agentic-context-engine,,GitHub API,https://github.com/kayba-ai/agentic-context-engine,False,False,False
tool_baf31e07d6442efa,Data-Analysis-Agent,🚀你的私人数据分析助手。通过对话式交互，自动生成可视化报表与商业洞察，让数据决策变得像聊天一样简单。  🚀 Your personal data analysis assistant. Say goodbye to complex SQL and Excel formulas.  An LLM-powered data analysis agent. Chat with your data to instantly generate visualizations and business insights. Making data-driven decisions has never been easier.,https://github.com/Zafer-Liu/Data-Analysis-Agent,,https://github.com/Zafer-Liu/Data-Analysis-Agent,,GitHub API,https://github.com/Zafer-Liu/Data-Analysis-Agent,False,False,False
tool_0fa8c798a676c2c3,genie,"Wishes in, PRs out. CLI agent that interviews you, plans the work, dispatches parallel agents in isolated worktrees, and reviews code before you see it.",https://docs.automagik.dev/genie,,https://github.com/automagik-dev/genie,,GitHub API,https://github.com/automagik-dev/genie,False,False,False
tool_7a831d98a311f52f,nexpath,"Local-first AI coding workflow for vibe coders, indie hackers, technical founders and product managers — catch missing tests and safety checks across Claude Code, Cursor, Windsurf, Replit, Lovable and Bolt.new.",https://github.com/hi0001234d/nexpath,,https://github.com/hi0001234d/nexpath,,GitHub API,https://github.com/hi0001234d/nexpath,False,False,False
tool_f1eb33de0afb483b,repowire,"May the agents talk . Connect Claude Code, Opencode, Codex, Pi across projects, across machines and with your telegram",https://repowire.io,,https://github.com/prassanna-ravishankar/repowire,,GitHub API,https://github.com/prassanna-ravishankar/repowire,False,False,False
tool_7331529bf74f7d1d,Readme.skill,"Turn your local Claude Code / Codex CLI history into a shareable, anonymized AI-Native developer profile + viral SVG poster. A skill, not a script — 100% local & read-only.",https://github.com/study8677/Readme.skill,,https://github.com/study8677/Readme.skill,,GitHub API,https://github.com/study8677/Readme.skill,False,False,False
tool_6852030f41b05c0f,gryph,"Security layer for AI coding agents. Works with Claude Code, Cursor, Windsurf, Gemini CLI, OpenCode, Pi Agent and more.",https://safedep.io,,https://github.com/safedep/gryph,,GitHub API,https://github.com/safedep/gryph,False,False,False
tool_f479d2cb9069d1e6,GAAI-framework,"Turns AI coding tools into reliable software delivery systems. Drop a .gaai/ folder into any project — Discovery defines what to build, Delivery executes autonomously until criteria pass. Works with Claude Code, Codex CLI, Gemini CLI, Cursor, and more. No SDK. No package. Markdown + YAML + bash.",https://github.com/digipulse-engineering/GAAI-framework,,https://github.com/digipulse-engineering/GAAI-framework,,GitHub API,https://github.com/digipulse-engineering/GAAI-framework,False,False,False
tool_157c94a5669a5efb,mozaik,Mozaik is a TypeScript runtime for building and sharing AI agents.,https://mozaik.jigjoy.ai,,https://github.com/jigjoy-ai/mozaik,,GitHub API,https://github.com/jigjoy-ai/mozaik,False,False,False
tool_3a0cd0d3dabb8f35,baro,A CLI that turns a goal into a pull request - and a sandbox for testing concurrent AI coding agents on the Mozaik runtime.,https://baro.rs,,https://github.com/jigjoy-ai/baro,,GitHub API,https://github.com/jigjoy-ai/baro,False,False,False
tool_6971194e08bf1ac7,ralph-starter,"Bootstrap projects from Figma, Linear, Notion & GitHub specs. The only AI ralph with source integrations.",https://ralphstarter.ai,,https://github.com/rubenmarcus/ralph-starter,,GitHub API,https://github.com/rubenmarcus/ralph-starter,False,False,False
tool_423f1877f11c3833,kilocode,"Kilo is the all-in-one agentic engineering platform. Build, ship, and iterate faster with the most popular open source coding agent.",https://kilo.ai,,https://github.com/Kilo-Org/kilocode,,GitHub API,https://github.com/Kilo-Org/kilocode,False,False,False
tool_3cd8e348741e15c5,ralph-orchestrator,An improved implementation of the Ralph Wiggum technique for autonomous AI agent orchestration,https://github.com/mikeyobrien/ralph-orchestrator,,https://github.com/mikeyobrien/ralph-orchestrator,,GitHub API,https://github.com/mikeyobrien/ralph-orchestrator,False,False,False
tool_8d76619df1e5a434,aider-desk,Platform for AI-powered software engineers,https://aiderdesk.hotovo.com,,https://github.com/hotovo/aider-desk,,GitHub API,https://github.com/hotovo/aider-desk,False,False,False
tool_dca75b772f623ee8,scholar-loop,"An autonomous AI scientist: a multi-agent loop over literature, experiments, self-critique and write-up, with deterministic guards against reward-hacking and hallucination.",https://github.com/renee-jia/scholar-loop,,https://github.com/renee-jia/scholar-loop,,GitHub API,https://github.com/renee-jia/scholar-loop,False,False,False
tool_594e5ac5afad6e80,offer-toolkit-skill,Full job-hunt Claude skill bundle — Job Description decoder + Resume builder (11 templates) + Behavioral Interview / story bank. Three self-contained sub-skills with a top-level router.,https://github.com/yanliudesign/offer-toolkit-skill,,https://github.com/yanliudesign/offer-toolkit-skill,,GitHub API,https://github.com/yanliudesign/offer-toolkit-skill,False,False,False
tool_79e036e19c0b2398,senpi,"pi had nothing (nothing), so I made something (something) — sorry mariozechner-senpai, I went ahead and lovingly soiled your pure pi for you. opinionated fork of badlogic/pi-mono with extension-first additions. ganbare ganbare senpi 頑張れ頑張れ先輩",https://github.com/code-yeongyu/senpi,,https://github.com/code-yeongyu/senpi,,GitHub API,https://github.com/code-yeongyu/senpi,False,False,False
tool_3f870d2e86751106,code-context-engine,"Save 94% on AI coding tokens. Index your codebase, agents search instead of reading files. Works with Claude Code, Codex, Copilot, Cursor, Gemini CLI. Local MCP server, free, open source.",https://elara-labs.github.io/code-context-engine,,https://github.com/elara-labs/code-context-engine,,GitHub API,https://github.com/elara-labs/code-context-engine,False,False,False
tool_84a7f176e3fbd8b9,cozempic,"Context cleaning for Claude Code — prune bloated sessions, protect Agent Teams from context loss, auto-guard with tiered pruning",https://pypi.org/project/cozempic,,https://github.com/Ruya-AI/cozempic,,GitHub API,https://github.com/Ruya-AI/cozempic,False,False,False
tool_951d8ba979d6b467,ChordMiniApp,"Music Analysis, Chord Recognition, Beat Tracking, Guitar Diagrams, Piano Visualizer, Lyrics Transcription Application, context-aware LLM inference for analysis from uploaded audio and YouTube video",https://chordmini.me,,https://github.com/ptnghia-j/ChordMiniApp,,GitHub API,https://github.com/ptnghia-j/ChordMiniApp,False,False,False
tool_0cd2d3992ceaa24e,ai-codex,Generate a compact codebase index for AI assistants — saves 50K+ tokens per conversation,https://github.com/skibidiskib/ai-codex,,https://github.com/skibidiskib/ai-codex,,GitHub API,https://github.com/skibidiskib/ai-codex,False,False,False
tool_8854d4a2c72f0287,okf-skills,"The OKF toolkit for Claude Code — author, maintain, validate & visualize Open Knowledge Format bundles. Plugin, agent skills, and a GitHub Action.",https://scaccogatto.github.io/okf-skills,,https://github.com/scaccogatto/okf-skills,,GitHub API,https://github.com/scaccogatto/okf-skills,False,False,False
tool_3bc23866016f6054,azan-mcp,"Azan + Prayer Time + MCP + AI Agents + Islamic + Salah + A lightweight MCP library to calculate prayer times and trigger Azan with a single tool call. If you’re building an AI agent or prayer application, there’s no need to deal with astronomical calculations, timezones, or edge cases again.",https://github.com/ahmedeltaher/azan-mcp,,https://github.com/ahmedeltaher/azan-mcp,,GitHub API,https://github.com/ahmedeltaher/azan-mcp,False,False,False
tool_0a941a53543c3c67,graphlit-mcp-server,Model Context Protocol (MCP) Server for Graphlit Platform,https://graphlit.com,,https://github.com/graphlit/graphlit-mcp-server,,GitHub API,https://github.com/graphlit/graphlit-mcp-server,False,False,False
tool_7a3bed5c42fe3fde,mcpproxy-go,"Supercharge AI Agents, Safely",https://mcpproxy.app,,https://github.com/smart-mcp-proxy/mcpproxy-go,,GitHub API,https://github.com/smart-mcp-proxy/mcpproxy-go,False,False,False
tool_5cce4b014ada9770,cli,"Official Model Studio CLI（阿里云百炼 CLI）built for AI Agent frameworks, exposing models, search, multimodal, and workflow capabilities as structured tool calls.",https://bailian.console.aliyun.com/cli,,https://github.com/modelstudioai/cli,,GitHub API,https://github.com/modelstudioai/cli,False,False,False
tool_069145e21a37a3fa,mercadona-cli,"Unofficial, agent-friendly Mercadona shopping CLI (Go) — search products, read prices, build a cart and prepare checkout from the terminal. BYO credentials.",https://npmjs.com/package/@ivorpad/mercadona,,https://github.com/ivorpad/mercadona-cli,,GitHub API,https://github.com/ivorpad/mercadona-cli,False,False,False
tool_400a66ea1c63f776,zhouli-translator,"合乎周礼：DeepSeek-powered Zhouli-style Chinese translator, web app, and distributable Skill package.",https://hehuzhouli.com,,https://github.com/Aspirin0000/zhouli-translator,,GitHub API,https://github.com/Aspirin0000/zhouli-translator,False,False,False
tool_356aa49750ad4bc8,OpenLore,"Deterministic, local-first memory and guardrails for AI coding agents with no LLM in the hot path.",https://npmjs.com/package/openlore,,https://github.com/clay-good/OpenLore,,GitHub API,https://github.com/clay-good/OpenLore,False,False,False
tool_d9f54d5f771e94cf,codex-app-transfer,Local desktop gateway that translates OpenAI Codex CLI's Responses API into Chat Completions for Kimi / DeepSeek / Zhipu GLM / Bailian and other OpenAI-compatible providers.,https://github.com/Cmochance/codex-app-transfer,,https://github.com/Cmochance/codex-app-transfer,,GitHub API,https://github.com/Cmochance/codex-app-transfer,False,False,False
tool_3ea2366edee7109b,runtm,"Open-source sandboxes where coding agents build and deploy. Spin up isolated environments where Claude Code, Cursor, and other agents code and deploy software.",https://runtm.com,,https://github.com/runtm-ai/runtm,,GitHub API,https://github.com/runtm-ai/runtm,False,False,False
tool_7aeeffb4f84af013,claude-context-os,A complete operating system for Claude that prevents context loss and makes multi-session work reliable,https://arkya.ai,,https://github.com/Arkya-AI/claude-context-os,,GitHub API,https://github.com/Arkya-AI/claude-context-os,False,False,False
tool_ca61dbac0d80ea43,model-context-protocol-resources,"Exploring the Model Context Protocol (MCP) through practical guides, clients, and servers I've built while learning about this new protocol.",https://github.com/cyanheads/model-context-protocol-resources,,https://github.com/cyanheads/model-context-protocol-resources,,GitHub API,https://github.com/cyanheads/model-context-protocol-resources,False,False,False
tool_d69511a3e3422352,aicodeprep-gui,"Surgical context engineering with a nice UI, Windows, Mac, Linux, BSD, anywhere where python & Qt run",https://wuu73.org/aicp,,https://github.com/detroittommy879/aicodeprep-gui,,GitHub API,https://github.com/detroittommy879/aicodeprep-gui,False,False,False
tool_735cd6a3281cf616,mcp-dev-latam,"Open-source MCP servers for Latin American commerce — Pix, NF-e, banking, fiscal, logistics, and messaging across Brazil, Mexico, Argentina, Colombia, Chile, and Peru. MIT, on npm.",https://codespar.dev/servers,,https://github.com/codespar/mcp-dev-latam,,GitHub API,https://github.com/codespar/mcp-dev-latam,False,False,False
tool_bb73e51529701154,coco,"CoCo Super Intelligence is the orchestration layer that turns Claude Code, Cursor, or Codex into an engineering department: a routed advisory board, 226 skills, 386 commands, persistent state. Local. Open-core — MIT core; Super Intelligence is proprietary, own-use.",https://cocoresearch.org/coco,,https://github.com/coco-research/coco,,GitHub API,https://github.com/coco-research/coco,False,False,False
tool_088dcf9f9a60590e,searcharvester,Self-hosted search + markdown harvester for AI agents. SearXNG (100+ engines) + FastAPI + trafilatura. Tavily-compatible /search plus /extract with size presets and pagination. One-command Docker Compose.,https://github.com/vakovalskii/searcharvester,,https://github.com/vakovalskii/searcharvester,,GitHub API,https://github.com/vakovalskii/searcharvester,False,False,False
tool_f155ac7149c5c450,synto,"More than just Karpathy’s LLM Wiki, 100% local with Ollama. Drop Markdown notes → AI extracts concepts → your Obsidian wiki auto-links and grows. Zero sharing. Your notes stay yours.",https://github.com/kytmanov/synto,,https://github.com/kytmanov/synto,,GitHub API,https://github.com/kytmanov/synto,False,False,False
tool_56fbb67629d5041f,CNEquity,中国 A 股数据基础设施。42 个日更数据集：行情、基本面、资金面、公告事件、指数行业、宏观与风险。行级溯源、PIT 语义、复权与历史成分内置，MCP 原生。自托管，零注册、零 API Token,https://rootsunc.github.io/CNEquity,,https://github.com/rootSunc/CNEquity,,GitHub API,https://github.com/rootSunc/CNEquity,False,False,False
tool_550af952d13305e1,julius,"Simple LLM service identification - translate IP:Port to Ollama, vLLM, LiteLLM, or 60+ other AI services in seconds",https://praetorian.com/blog/introducing-julius-open-source-llm-service-fingerprinting,,https://github.com/praetorian-inc/julius,,GitHub API,https://github.com/praetorian-inc/julius,False,False,False
tool_4f1e9b086d20e3cf,skills,"Reusable Skills for LLMQuant Agent, Claude Code, Claude.ai, Cursor, Hermes Agent, OpenClaw and Codex, grounded in LLMQuant Data",https://llmquantdata.com/agent,,https://github.com/LLMQuant/skills,,GitHub API,https://github.com/LLMQuant/skills,False,False,False
tool_9e04ee6719f0437d,SecOpsAgentKit,"Security operations toolkit for AI coding agents. Give Claude Code 25+ skills to catch vulnerabilities, scan containers, detect secrets, and enforce policies automatically.",https://github.com/AgentSecOps/SecOpsAgentKit,,https://github.com/AgentSecOps/SecOpsAgentKit,,GitHub API,https://github.com/AgentSecOps/SecOpsAgentKit,False,False,False
tool_cbd500add06b7b45,wave-mcp,"Open-source, license-free MCP server for RTL waveform debug: reads FST waveforms (VCD/FSDB auto-convert) plus a SystemVerilog netlist, with 34 tools covering driver analysis, value/X tracing, pass-fail waveform diff, a browser wave viewer the agent drives, and pre-simulation static analysis.",https://pypi.org/project/wave-mcp,,https://github.com/Tencent/wave-mcp,,GitHub API,https://github.com/Tencent/wave-mcp,False,False,False
tool_279269b0a4922bef,llm_intents,Exposes internet search tools for use by LLM-backed Assist in Home Assistant,https://github.com/skye-harris/llm_intents,,https://github.com/skye-harris/llm_intents,,GitHub API,https://github.com/skye-harris/llm_intents,False,False,False
tool_cb15b6ba80764a3e,squeez,"Hook-based token compressor for 7 AI CLI hosts (Claude Code, Copilot CLI, OpenCode, Gemini CLI, Codex CLI, Pi, Hermes). Up to 95% bash compression, signature-mode for code reads, cross-call dedup, MCP server, self-teaching protocol. Zero runtime deps.",https://github.com/claudioemmanuel/squeez,,https://github.com/claudioemmanuel/squeez,,GitHub API,https://github.com/claudioemmanuel/squeez,False,False,False
tool_6732706008d272d5,mcp-guardian,Manage / Proxy / Secure your MCP Servers,https://mcp-guardian.org,,https://github.com/eqtylab/mcp-guardian,,GitHub API,https://github.com/eqtylab/mcp-guardian,False,False,False
tool_ade3c0381621bcac,mcp-text-editor,"A token-efficient MCP server for safe, line-oriented text file editing with partial reads, hash-based conflict detection, and atomic multi-file operations.",https://github.com/tumf/mcp-text-editor,,https://github.com/tumf/mcp-text-editor,,GitHub API,https://github.com/tumf/mcp-text-editor,False,False,False
tool_1a3ffd0b1f35bf94,cave-agent,"Stateful runtime management for LLM agents—inject, manipulate, and retrieve Python objects across turns.",https://caveagent.dev,,https://github.com/acodercat/cave-agent,,GitHub API,https://github.com/acodercat/cave-agent,False,False,False
tool_b2c15b284d14002c,Aut_Sci_Write,"Academic research skills suite for AI Agent — literature search/download (WoS+Elsevier+Springer), PDF   extraction, figure cropping, review writing, Zotero sync, and PPT/Html generation.",https://shzhao27208.github.io/Aut_Sci_Write,,https://github.com/ShZhao27208/Aut_Sci_Write,,GitHub API,https://github.com/ShZhao27208/Aut_Sci_Write,False,False,False
tool_dcf84d234851f583,inspect,Entity-level code review. Triages pull requests by structural risk using cross-file dependency graphs and LLMs that read for meaning.,https://inspect.ataraxy-labs.com,,https://github.com/Ataraxy-Labs/inspect,,GitHub API,https://github.com/Ataraxy-Labs/inspect,False,False,False
tool_148910f382155ab1,Trae-Proxy,An intelligent API proxy tool designed to intercept and redirect OpenAI API requests.一个智能的API代理工具，专门用于拦截和重定向OpenAI API请求到自定义后端服务。支持多后端配置、动态模型映射和流式响应处理。,https://github.com/arch3rPro/Trae-Proxy,,https://github.com/arch3rPro/Trae-Proxy,,GitHub API,https://github.com/arch3rPro/Trae-Proxy,False,False,False
tool_60a5e4fd92056697,cheat-on-skill,帮你在 AI 时代找到一份高薪 × 你学得动 × 不会被 AI 吃掉的工作，并给出个性化学习陪跑计划。能力匹配 + 可学性闸门 + BOSS 直聘真实招聘数据 + 反诈。,https://github.com/XBuilderLAB/cheat-on-skill,,https://github.com/XBuilderLAB/cheat-on-skill,,GitHub API,https://github.com/XBuilderLAB/cheat-on-skill,False,False,False
tool_c4b0d09aeb017479,claude-prompts-mcp,"MCP server for reusable prompt templates, multi-step workflow chains, and quality gates. Compose agentic workflows with an operator syntax; export as native skills to Claude Code, Cursor, OpenCode, and Gemini CLI.",https://github.com/minipuft/claude-prompts-mcp,,https://github.com/minipuft/claude-prompts-mcp,,GitHub API,https://github.com/minipuft/claude-prompts-mcp,False,False,False
tool_4f70f6fcf6d48923,gh-pr-review,"GitHub CLI extension that adds full inline PR review comment support — view, navigate, reply to, and resolve review threads directly from the terminal. LLM-ready and ideal for automated PR review agents.",https://agyn.io,,https://github.com/agynio/gh-pr-review,,GitHub API,https://github.com/agynio/gh-pr-review,False,False,False
tool_7f0c5e51faae78a6,agentql-mcp,Model Context Protocol server that integrates AgentQL's data extraction capabilities.,https://docs.agentql.com/integrations/mcp,,https://github.com/tinyfish-io/agentql-mcp,,GitHub API,https://github.com/tinyfish-io/agentql-mcp,False,False,False
tool_8d184dab9e2eb5b9,agentic-os,"Governance framework for AI coding agents. It runs them through a five-step workflow (plan, build, review, test, ship) where no step counts as done without evidence. Drop-in rules and guardrails for Claude Code, Codex, Cursor, Copilot, and Antigravity, via AGENTS.md.",https://github.com/KbWen/agentic-os,,https://github.com/KbWen/agentic-os,,GitHub API,https://github.com/KbWen/agentic-os,False,False,False
tool_c57958ef9fa53b7e,ggsrun,"High-performance Google Drive CLI and Model Context Protocol (MCP) Server for LLM/AI agents. Natively execute Google Apps Script (GAS) under a secure whitelisted runtime sandbox, automate transfers, and manage Drive infrastructure.",https://github.com/tanaikech/ggsrun,,https://github.com/tanaikech/ggsrun,,GitHub API,https://github.com/tanaikech/ggsrun,False,False,False
tool_80eb4bb12efc681b,Warden,This is a fork of the https://dockbox.dev project I made,https://aionsystems.ca,,https://github.com/domdoss/Warden,,GitHub API,https://github.com/domdoss/Warden,False,False,False
tool_9f72d17a0e7320a5,iso-24495,ISO 24495 Plain Language skills and Claude Code plugin,https://github.com/GaZmagik/iso-24495,,https://github.com/GaZmagik/iso-24495,,GitHub API,https://github.com/GaZmagik/iso-24495,False,False,False
tool_2ce5b2e3a38220d5,auto-md,Convert Files /  Folders / GitHub Repos Into AI / LLM-ready Files,https://github.com/tegridydev/auto-md,,https://github.com/tegridydev/auto-md,,GitHub API,https://github.com/tegridydev/auto-md,False,False,False
tool_bfe4428ef3dd8f55,pi-memory,"Persistent memory extension for pi with daily logs, scratchpad, and optional qmd‑powered semantic search.",https://npmjs.com/package/pi-memory,,https://github.com/jayzeng/pi-memory,,GitHub API,https://github.com/jayzeng/pi-memory,False,False,False
tool_070e37557fc15c3c,adeu,docx ↔ LLM translator. Projects .docx office files to Markdown for editing. Projects edits back to OOXML as tracked changes (redlines). Python and Node.js implementations.,https://adeu.ai,,https://github.com/dealfluence/adeu,,GitHub API,https://github.com/dealfluence/adeu,False,False,False
tool_aa99eb5b38d35277,claude-command-center,"Manage and orchestrate your Claude Code, Codex, Cursor, Antigravity, Kimi, Grok, Devin, Droid sessions on your Machine. Spawn in parallel, ship in parallel. Open source.",https://ccc.amirfish.ai,,https://github.com/amirfish1/claude-command-center,,GitHub API,https://github.com/amirfish1/claude-command-center,False,False,False
tool_0a74072a02159bdb,piia-engram,"Local-first AI memory you can see, edit, and override — portable across Claude Code, Codex, Cursor, Windsurf, and other MCP coding tools.",https://pypi.org/project/piia-engram,,https://github.com/Patdolitse/piia-engram,,GitHub API,https://github.com/Patdolitse/piia-engram,False,False,False
tool_101162c90c6e548e,okf,"OKF (Open Knowledge Format): Durable, structured memory for AI agents. Author, validate, consume, and maintain portable knowledge bundles through an ecosystem of Skills, MCP, an interactive graph, TUI, CLI, Docker, and a Claude Code plugin. 100% local.",https://okfgem.com,,https://github.com/serradura/okf,,GitHub API,https://github.com/serradura/okf,False,False,False
tool_c9e082f651836b0d,Matryoshka,MCP server for token-efficient large document analysis via the use of REPL state,https://github.com/yogthos/Matryoshka,,https://github.com/yogthos/Matryoshka,,GitHub API,https://github.com/yogthos/Matryoshka,False,False,False
tool_f47381bd1eab9116,Graphite,"A private, modular node based AI workspace for thinking and creation. Seamlessly connect to Ollama, OpenAI, Gemini, Anthropic, and Groq models in one unified, node-based interface for reasoning, visualization, and exploration — all running locally or via API.",https://github.com/dovvnloading/Graphite,,https://github.com/dovvnloading/Graphite,,GitHub API,https://github.com/dovvnloading/Graphite,False,False,False
tool_048b88ce3bd86246,dottedsign-mcp,"A DottedSign MCP server that enables AI assistants (Claude, ChatGPT) to manage signing tasks, templates, and document status via natural language.",https://dottedsign.com,,https://github.com/DottedSign-Official/dottedsign-mcp,,GitHub API,https://github.com/DottedSign-Official/dottedsign-mcp,False,False,False
tool_e5ed8b15db0e6d86,claudectx,Fast way to switch between Claude Code configuration profiles,https://github.com/foxj77/claudectx,,https://github.com/foxj77/claudectx,,GitHub API,https://github.com/foxj77/claudectx,False,False,False
tool_cba1dd3e62b604f6,btw,A complete toolkit for connecting R and LLMs,https://posit-dev.github.io/btw,,https://github.com/posit-dev/btw,,GitHub API,https://github.com/posit-dev/btw,False,False,False
tool_098672bd270737a8,agentwatch,"A powerful AI observability framework that provides comprehensive insights into agent interactions across platforms, enabling developers to monitor, analyze, and optimize AI-driven applications with minimal integration effort.",https://cyberark.com,,https://github.com/cyberark/agentwatch,,GitHub API,https://github.com/cyberark/agentwatch,False,False,False
tool_0d82c682caed73cb,humanizer-ru,Проверяемая гигиена вставки из чата для русского текста,https://vladimir-human.github.io/humanizer-ru,,https://github.com/Vladimir-Human/humanizer-ru,,GitHub API,https://github.com/Vladimir-Human/humanizer-ru,False,False,False
tool_0b2363fd9dbdc895,opencouncil-contract-inspector,Proven 2026 Multi-Agent AI Review System – Verdict-Driven Quality Control,https://github.com/vikashjeyaraman/opencouncil-contract-inspector,,https://github.com/vikashjeyaraman/opencouncil-contract-inspector,,GitHub API,https://github.com/vikashjeyaraman/opencouncil-contract-inspector,False,False,False
tool_662de10989c1d87c,toiro,A tool for comparing tokenizers,https://taishi-i.github.io/toiro,,https://github.com/taishi-i/toiro,,GitHub API,https://github.com/taishi-i/toiro,False,False,False
tool_3df4e215cc17df7c,token-goat,"Token burn reducer and focus keeper for Claude Code, Codex, Copilot, Gemini CLI, and more: surgical read hints, PDF/Office/CSV/markdown file interception, 180+ filter & interception rules, compact manifest injection, image shrinking, cache and compact skills, cache MCP calls, prompt injection protections, and much more.",https://npmjs.com/package/token-goat,,https://github.com/DFKHelper/token-goat,,GitHub API,https://github.com/DFKHelper/token-goat,False,False,False
tool_c7e6784be6ec2a87,pi-task,"Deterministic spec-orchestration for local LLMs in the pi coding agent — drives prompts through refine→research→grill→compose→critique, with bundled web/docs/fetch worker tools.",https://github.com/mjasnikovs/pi-task,,https://github.com/mjasnikovs/pi-task,,GitHub API,https://github.com/mjasnikovs/pi-task,False,False,False
tool_980121dc49228867,hermes-tool-router,"Deterministic, fail-open tool routing for Hermes Agent with an optional local-model fallback.",https://github.com/AtlasOmnia/hermes-tool-router,,https://github.com/AtlasOmnia/hermes-tool-router,,GitHub API,https://github.com/AtlasOmnia/hermes-tool-router,False,False,False
tool_09696c16fe4f45ad,claude-batchy-bulk,Slash API Batch: Cut AI Costs by 50% in 2026,https://github.com/kanguruonline/claude-batchy-bulk,,https://github.com/kanguruonline/claude-batchy-bulk,,GitHub API,https://github.com/kanguruonline/claude-batchy-bulk,False,False,False
tool_94c7403637759e2b,ogham-mcp,"Shared memory MCP server — persistent, searchable, cross-client Claude, Opencode",https://ogham-mcp.dev,,https://github.com/ogham-mcp/ogham-mcp,,GitHub API,https://github.com/ogham-mcp/ogham-mcp,False,False,False
tool_c7c89ec35433ce7c,sllm.nvim,"Integrate ChatGPT-style LLMs into Neovim: ask questions, keep multi-file context, pull diagnostics / command output, and chat without leaving your editor. Highly configurable, async, lua-only plugin.",https://github.com/mozanunal/sllm.nvim,,https://github.com/mozanunal/sllm.nvim,,GitHub API,https://github.com/mozanunal/sllm.nvim,False,False,False
tool_f43a9e1d8f5ceaee,anansi,"A self-healing scraper for hostile sites: broken selectors repair themselves, browser rendering kicks in when needed, and a coherent identity layer (Chrome TLS fingerprints, matched personas, vendor-aware Cloudflare/Akamai/DataDome handling) works to slip past bot detection. Ships with an MCP server so any LLM can drive a full crawl by conversation.",https://github.com/mdowis/anansi,,https://github.com/mdowis/anansi,,GitHub API,https://github.com/mdowis/anansi,False,False,False
tool_42f4c6a1951817fc,rustchain-mcp,"MCP server for autonomous agent economies: wallets, signed RTC micropayments, bounty discovery, BoTTube video publishing, and Beacon agent-to-agent messaging. Give your AI agent an income. Built on createkr's RustChain SDK.",https://rustchain.org,,https://github.com/Scottcjn/rustchain-mcp,,GitHub API,https://github.com/Scottcjn/rustchain-mcp,False,False,False
tool_f4a4818d65fa98a1,OpenGUI,"Open-source desktop and web coding agent with a first-party host and harness, durable sessions, model connections, streaming chat, and workspace tools.",https://opengui.io,,https://github.com/akemmanuel/OpenGUI,,GitHub API,https://github.com/akemmanuel/OpenGUI,False,False,False
tool_2f4c373b69f7367b,TraceWeave,"Open-source, evidence-driven MCP server for RTL simulation debugging: correlate VCS/Xcelium logs, VCD/FSDB waveforms, SystemVerilog/UVM source, hierarchy, and connectivity to trace failures to root cause.",https://pypi.org/project/traceweave-mcp,,https://github.com/gokeshenzhen/TraceWeave,,GitHub API,https://github.com/gokeshenzhen/TraceWeave,False,False,False
tool_271d23d2564eb14c,sqlite-explorer-fastmcp-mcp-server,"An MCP server that provides safe, read-only access to SQLite databases through Model Context Protocol (MCP). This server is built with the FastMCP framework, which enables LLMs to explore and query SQLite databases with built-in safety features and query validation.",https://github.com/hannesrudolph/sqlite-explorer-fastmcp-mcp-server,,https://github.com/hannesrudolph/sqlite-explorer-fastmcp-mcp-server,,GitHub API,https://github.com/hannesrudolph/sqlite-explorer-fastmcp-mcp-server,False,False,False
tool_bcd28e5861abbcfd,heimdall,"A lightweight CPU only memory approach with ranked retrieval. Simple, yet effective.",https://npmjs.com/package/@arihantdeva/heimdall,,https://github.com/ArihantDeva/heimdall,,GitHub API,https://github.com/ArihantDeva/heimdall,False,False,False
tool_b0c2731c7e68c98f,codex-trace,"OpenAI Codex CLI session log viewer for JSONL files in ~/.codex/sessions. Browse conversations, tool calls, tokens, collaboration chains, and live sessions on desktop and web.",https://github.com/PixelPaw-Labs/codex-trace,,https://github.com/PixelPaw-Labs/codex-trace,,GitHub API,https://github.com/PixelPaw-Labs/codex-trace,False,False,False
tool_390f86785fdc00b4,AI-Code-Reviewer,"GitHub Actions bot that automatically reviews pull requests using the Claude API, posting inline comments and a summary on every PR.",https://github.com/MoaKK/AI-Code-Reviewer,,https://github.com/MoaKK/AI-Code-Reviewer,,GitHub API,https://github.com/MoaKK/AI-Code-Reviewer,False,False,False
tool_511ee94fd7f76389,WorkWit-AI-Agent,"WorkWit: a self-hosted, open-source (MIT) enterprise AI Agent platform for office automation — built-in contract review & resume screening, 40+ skills, MCP connectors, multi-tenant RBAC. Deploy with one Docker Compose.",https://github.com/crane-in-clear-sky/WorkWit-AI-Agent,,https://github.com/crane-in-clear-sky/WorkWit-AI-Agent,,GitHub API,https://github.com/crane-in-clear-sky/WorkWit-AI-Agent,False,False,False
tool_05cb04ceb7663ff0,aside-codemode,"One call where Aside used to spend fifty — rg-backed search, Aside-shaped file tools, and batched browser work inside a single sandboxed JavaScript block. On a real folder, 55s of find+grep became 1s.",https://npmjs.com/package/aside-codemode,,https://github.com/lidge-jun/aside-codemode,,GitHub API,https://github.com/lidge-jun/aside-codemode,False,False,False
tool_8c7a29cd67bc8baf,Agent-Reach,"Give your AI agent eyes to see the entire internet. Read & search Twitter, Reddit, YouTube, GitHub, Bilibili, XiaoHongShu — one CLI, zero API fees.",https://github.com/Panniantong/Agent-Reach,,https://github.com/Panniantong/Agent-Reach,,GitHub API,https://github.com/Panniantong/Agent-Reach,False,False,False
tool_e2f4979e9a95d7b5,QwenPaw,"Your Personal AI Assistant; easy to install, deploy on your own machine or on the cloud; supports multiple chat apps with easily extensible capabilities.",http://qwenpaw.agentscope.io,,https://github.com/agentscope-ai/QwenPaw,,GitHub API,https://github.com/agentscope-ai/QwenPaw,False,False,False
tool_f671e96863b167a0,a-stock-data,"A股全栈数据工具包 · 十二层架构 · 60端点 · 22数据源 · 零鉴权 | Full-stack China A-share data toolkit for AI agents — 12 layers, 60 endpoints, 22 sources, zero-auth",https://github.com/simonlin1212/a-stock-data,,https://github.com/simonlin1212/a-stock-data,,GitHub API,https://github.com/simonlin1212/a-stock-data,False,False,False
tool_592044d4128bf399,firecrawl-mcp-server,"🔥 Official Firecrawl MCP Server - Adds powerful web scraping and search to Cursor, Claude and any other LLM clients.",https://firecrawl.dev,,https://github.com/firecrawl/firecrawl-mcp-server,,GitHub API,https://github.com/firecrawl/firecrawl-mcp-server,False,False,False
tool_a135190082f86d97,latitude-llm,"Open-source observability for AI agents. Find where your agents fail, dispatch your coding agent to fix it, and verify the fix against real traces.",https://latitude.so,,https://github.com/latitude-dev/latitude-llm,,GitHub API,https://github.com/latitude-dev/latitude-llm,False,False,False
tool_70be8ede35c0aa65,adhd,"ADHD — a skill for coding agents. Tree-of-thought with pruning, built on the Claude & Codex Agent SDK. Fans out parallel divergent thoughts under different cognitive frames, scores, prunes traps, deepens the survivors. The no-brainer skill for creative and interdisciplinary work.",https://divergent.sh,,https://github.com/UditAkhourii/adhd,,GitHub API,https://github.com/UditAkhourii/adhd,False,False,False
tool_a525a8305c36dc68,obsidian-wiki,Framework for AI agents to build and maintain a digital brain through Obsidian wiki,https://github.com/Ar9av/obsidian-wiki,,https://github.com/Ar9av/obsidian-wiki,,GitHub API,https://github.com/Ar9av/obsidian-wiki,False,False,False
tool_1d42d1309f3d653f,sem,"Semantic version control => entity-level diffs, blame, and impact analysis on top of git. 28 languages via tree-sitter. Built for coding agents.",https://ataraxy-labs.github.io/sem,,https://github.com/Ataraxy-Labs/sem,,GitHub API,https://github.com/Ataraxy-Labs/sem,False,False,False
tool_3d96c54fad90ea50,google_workspace_mcp,"Control Gmail, Google Calendar, Docs, Sheets, Slides, Chat, Forms, Tasks, Search & Drive with AI - Comprehensive Google Workspace MCP Server & CLI Tool",https://workspacemcp.com,,https://github.com/taylorwilsdon/google_workspace_mcp,,GitHub API,https://github.com/taylorwilsdon/google_workspace_mcp,False,False,False
tool_38dba4d390421015,linkedin-skills,"Claude skills for LinkedIn. 11 Claude Code and Codex skills that write human-sounding LinkedIn posts, craft comments that get noticed, analyze your feed, and build a publishing cadence, all from your terminal. Content engineering by Creative Content Crafts. MIT.",https://cccrafts.ai,,https://github.com/sergebulaev/linkedin-skills,,GitHub API,https://github.com/sergebulaev/linkedin-skills,False,False,False
tool_59a1eb31b4cbc093,tdd-guard,Automated TDD enforcement for Claude Code,https://github.com/nizos/tdd-guard,,https://github.com/nizos/tdd-guard,,GitHub API,https://github.com/nizos/tdd-guard,False,False,False
tool_e836b1ce9b4fa296,claw-compactor,"14-stage Fusion Pipeline for LLM token compression — reversible compression, AST-aware code analysis, intelligent content routing. Zero LLM inference cost. MIT licensed.",https://opencompress.ai,,https://github.com/open-compress/claw-compactor,,GitHub API,https://github.com/open-compress/claw-compactor,False,False,False
tool_3bac470502c38e36,llm-space,"A desktop app to prototype agent ideas, inspect every harness step, replay failures, and evaluate performance, all in one place. Local-first, cloud-ready for managed agents.",https://deer-flow.github.io/llm-space,,https://github.com/deer-flow/llm-space,,GitHub API,https://github.com/deer-flow/llm-space,False,False,False
tool_e56c4c195215d398,ghost-os,Full computer-use for AI agents. Self-learning workflows. Native macOS. No screenshots required.,https://ghostwright.dev/ghost-os,,https://github.com/ghostwright/ghost-os,,GitHub API,https://github.com/ghostwright/ghost-os,False,False,False
tool_08efe51e282b95de,global-stock-data,"US stock market data for AI coding assistants — zero-auth, official sources. CBOE options with full Greeks + 0DTE flow, FINRA market-wide short volume, SEC EDGAR filing stream, and a free market-wide screener. 13 layers, 30+ endpoints, 11 sources. Every source labeled with its compliance tier.",https://github.com/simonlin1212/global-stock-data,,https://github.com/simonlin1212/global-stock-data,,GitHub API,https://github.com/simonlin1212/global-stock-data,False,False,False
tool_d3adeb1532932005,PrismerCloud,Prismer Cloud,https://prismer.cloud,,https://github.com/Prismer-AI/PrismerCloud,,GitHub API,https://github.com/Prismer-AI/PrismerCloud,False,False,False
tool_c4204f53f1b3abca,mirascope,The LLM Anti-Framework,https://mirascope.com,,https://github.com/Mirascope/mirascope,,GitHub API,https://github.com/Mirascope/mirascope,False,False,False
tool_879b4810b4511e73,weave,Entity-level git merge driver. Resolves false conflicts git invents when independent agents edit the same file. ~95% reduction vs. line-based merge.,https://ataraxy-labs.github.io/weave,,https://github.com/Ataraxy-Labs/weave,,GitHub API,https://github.com/Ataraxy-Labs/weave,False,False,False
tool_832b9cdcebf982c8,conversation-steganography,Use LLMs to hide messages inside normal looking conversations,https://github.com/nethical6/conversation-steganography,,https://github.com/nethical6/conversation-steganography,,GitHub API,https://github.com/nethical6/conversation-steganography,False,False,False
tool_a06b7f648587cd81,Agentlas-OS,"Agent OS: keep specialist agents in a hub, spin up a temporary orchestrator per task. Local-first, works with any model.",https://agentlas.cloud,,https://github.com/agentlas-ai/Agentlas-OS,,GitHub API,https://github.com/agentlas-ai/Agentlas-OS,False,False,False
tool_2c45665446d90fce,Memslides,A hierarchical memory framework for personalized presentation agents. Try it at memslides.com.,https://arxiv.org/abs/2606.17162,,https://github.com/huohua325/Memslides,,GitHub API,https://github.com/huohua325/Memslides,False,False,False
tool_2fe617420651e98e,NyaProxy,"NyaProxy acts like a smart, central manager for accessing various online services (APIs) – think AI tools (like OpenAI, Gemini, Anthropic), image generators, or almost any web service that uses access keys. It helps you use these services more reliably, efficiently, and securely.",https://pypi.org/project/nya-proxy,,https://github.com/Nya-Foundation/NyaProxy,,GitHub API,https://github.com/Nya-Foundation/NyaProxy,False,False,False
tool_9d095acb0fe89d78,stackql,"Query, provision and operate Cloud, SaaS, API and Model Context Protocol (MCP) resources through a unified SQL-based framework for humans and AI agents.",https://stackql.io,,https://github.com/stackql/stackql,,GitHub API,https://github.com/stackql/stackql,False,False,False
tool_28b95de4ffa97f43,obsidian-llm-wiki-local,"Karpathy’s LLM Wiki, 100% local with Ollama. Drop Markdown notes → AI extracts concepts → your Obsidian wiki auto-links and grows. Zero sharing. Your notes stay yours.",https://github.com/kytmanov/obsidian-llm-wiki-local,,https://github.com/kytmanov/obsidian-llm-wiki-local,,GitHub API,https://github.com/kytmanov/obsidian-llm-wiki-local,False,False,False
tool_301b8221eb741251,waggle,"Attributed, resolvable artifact references for agent handoffs — a ~30-byte token instead of pasted context. MCP-native; the reference layer for the agent-harness world.",https://waggle.sh,,https://github.com/modiqo/waggle,,GitHub API,https://github.com/modiqo/waggle,False,False,False
tool_4fd726b18c844f8d,opencode-power-pack,"54 rigorous skills for Codex, OpenCode, and Pi: code review, security audit, feature development, frontend design, MCP tools, Hugging Face ML/training, and more.",https://skills.waybarrios.com,,https://github.com/waybarrios/opencode-power-pack,,GitHub API,https://github.com/waybarrios/opencode-power-pack,False,False,False
tool_2e768436518425d5,compose-performance-skills,⚡️ A curated library of Agent Skills focused on Jetpack Compose performance.,https://github.com/skydoves/compose-performance-skills,,https://github.com/skydoves/compose-performance-skills,,GitHub API,https://github.com/skydoves/compose-performance-skills,False,False,False
tool_164a46ebc2fbb56f,vllm-cli,A command-line interface tool for serving LLM using vLLM.,https://github.com/Chen-zexi/vllm-cli,,https://github.com/Chen-zexi/vllm-cli,,GitHub API,https://github.com/Chen-zexi/vllm-cli,False,False,False
tool_af08c17d78da29c1,tossinvest-cli,"공식 API에 없는 30+ 기능까지, 터미널과 AI에서 쓰세요. 토스증권 비공식 CLI·MCP.",https://tossinvest-cli.vercel.app,,https://github.com/JungHoonGhae/tossinvest-cli,,GitHub API,https://github.com/JungHoonGhae/tossinvest-cli,False,False,False
tool_9a2e21919411bc4d,rssh,An SSH tool dedicated to addressing all pain points · (macOS/Windows/Linux/Android/iOS),https://rssh.ofcoder.com,,https://github.com/rssh-org/rssh,,GitHub API,https://github.com/rssh-org/rssh,False,False,False
tool_83df5f1d2420ad9c,CatchMe,"""CatchMe: Make Your AI Agents Truly Personal""",https://hkuds.github.io/CatchMe,,https://github.com/HKUDS/CatchMe,,GitHub API,https://github.com/HKUDS/CatchMe,False,False,False
tool_7f5ad4ce7c1d1f2f,career-ops-plugin-do-not-fork-currently-updating-v2-,"Claude Cowork plugin for job seekers. 9 AI skills: evaluate job postings, generate ATS-optimized resumes, scan company career portals, track applications, draft outreach. Works in any industry.",https://github.com/andrew-shwetzer/career-ops-plugin-do-not-fork-currently-updating-v2-,,https://github.com/andrew-shwetzer/career-ops-plugin-do-not-fork-currently-updating-v2-,,GitHub API,https://github.com/andrew-shwetzer/career-ops-plugin-do-not-fork-currently-updating-v2-,False,False,False
tool_fda20b95f757d3e0,whatsapp-agentkit,Construye tu agente de WhatsApp con IA en menos de 30 minutos. Claude Code te entrevista y escribe todo el código. Zernio o Meta Cloud API. Sin saber programar.,https://hainrixz.github.io/whatsapp-agentkit,,https://github.com/Hainrixz/whatsapp-agentkit,,GitHub API,https://github.com/Hainrixz/whatsapp-agentkit,False,False,False
tool_03c565dbf3eb1961,zhigeng,知更 — 本地 AI 的上下文与记忆层。Mac 上用语音输入、情境代回并调度 Codex / Claude Code；iOS 正在成为随身记忆终端和本地 Agent 遥控器。Local-first · BYOK.,https://zhigeng.app,,https://github.com/Littlesheepxy/zhigeng,,GitHub API,https://github.com/Littlesheepxy/zhigeng,False,False,False
tool_5f3097d240f702a2,GeoAgent,A multimodal AI agent for geospatial data analysis and interactive visualization,https://geoagent.gishub.org,,https://github.com/opengeos/GeoAgent,,GitHub API,https://github.com/opengeos/GeoAgent,False,False,False
tool_e3dec4ef6937beb2,Flowtrace,"Run a task with AI as a flow of steps you keep, reuse, and refine, not a one-off chat.",https://morphmind.ai,,https://github.com/AIScientists-Dev/Flowtrace,,GitHub API,https://github.com/AIScientists-Dev/Flowtrace,False,False,False
tool_43e0cc24bd5a5487,redbook,小红书 CLI — 搜索、分析、自动化 Xiaohongshu content. Built for AI agents.,https://lucas.do/zh/projects/redbook,,https://github.com/lucasygu/redbook,,GitHub API,https://github.com/lucasygu/redbook,False,False,False
tool_ff216a69113db5e2,capcut-cli,"Independent, unofficial CLI to edit CapCut and JianYing (剪映) projects — subtitles, timing, speed, volume, templates, cut long-form to shorts. No API needed, reads draft_content.json and draft_info.json (剪映草稿) directly. Not affiliated with ByteDance.",https://renezander.com/projects/capcut-cli,,https://github.com/renezander030/capcut-cli,,GitHub API,https://github.com/renezander030/capcut-cli,False,False,False
tool_19357fb59b270a22,LoongFlow,"LoongFlow is an expert-grade Agent framework for Loop Engineering. Through a Plan-Execute-Summary loop and structured experiential memory, it enables AI to continuously think, execute, reflect, and evolve across complex software engineering, mathematical, and machine learning tasks.",https://arxiv.org/abs/2512.24077,,https://github.com/baidu-baige/LoongFlow,,GitHub API,https://github.com/baidu-baige/LoongFlow,False,False,False
tool_9d58a5af686c2c5b,marvis-risk-agent,"MARVIS-Agent: all-purpose credit risk agent for model development, validation, data processing, feature engineering, and strategy workflows.",https://github.com/eddyzzl/marvis-risk-agent,,https://github.com/eddyzzl/marvis-risk-agent,,GitHub API,https://github.com/eddyzzl/marvis-risk-agent,False,False,False
tool_e4b214b357bd6238,QuantGPT,"Agent-driven alpha factory — LLM autonomously designs, backtests, and submits factors to WorldQuant BRAIN",https://github.com/Miasyster/QuantGPT,,https://github.com/Miasyster/QuantGPT,,GitHub API,https://github.com/Miasyster/QuantGPT,False,False,False
tool_dbd0c6f03472ae11,aser,"Aser is a lightweight, self-assembling AI Agent frame.",https://ame.network,,https://github.com/AmeNetwork/aser,,GitHub API,https://github.com/AmeNetwork/aser,False,False,False
tool_83555fdbf3958b07,boardui,"React design system for agentic interfaces. Every free BoardUI component as source, with a working AI chat app on your own model key as the homepage.",https://boardui.com,,https://github.com/BoardUI/boardui,,GitHub API,https://github.com/BoardUI/boardui,False,False,False
tool_a8eb38a02196d6d5,SkillAnything,"Making ANY Software Skill-Native -- Auto-generate production-ready AI Agent Skills for Claude Code, OpenClaw, Codex, and more.",https://github.com/AgentSkillOS/SkillAnything,,https://github.com/AgentSkillOS/SkillAnything,,GitHub API,https://github.com/AgentSkillOS/SkillAnything,False,False,False
tool_24da2224c072e48f,ViNote,ViNote（视记AI）｜DeepSeek Harness SDK 驱动的开源视频知识 Agent。以工具编排、SQLite 会话恢复和流式交互，串联 YouTube / Bilibili 检索、下载、转写与笔记生成，支持视频问答、知识卡片和思维导图。FastAPI + React，支持 OpenAI 兼容接口模型。,https://github.com/zrt-ai-lab/ViNote,,https://github.com/zrt-ai-lab/ViNote,,GitHub API,https://github.com/zrt-ai-lab/ViNote,False,False,False
tool_b000c9dfa1d83ba8,investment-news,为 A股投资者打造的全球产业链资讯看板 · 12 大赛道一一对应 A股板块(半导体/AI/机器人/新能源车…)，覆盖 100+ 权威源，用你自己的大模型每日提炼中文「今日要点」+ 翻译 · 全程本地、零 API key · Local AI news dashboard tracking the global industry signals behind China A-share sectors,https://github.com/simonlin1212/investment-news,,https://github.com/simonlin1212/investment-news,,GitHub API,https://github.com/simonlin1212/investment-news,False,False,False
tool_8ba8e1f56bfb10ed,hermes-plugins,"Custom plugins for hermes-agent — goal management, inter-agent bridge, model selection, cost control",https://evey.cc,,https://github.com/42-evey/hermes-plugins,,GitHub API,https://github.com/42-evey/hermes-plugins,False,False,False
tool_158e1552d09147b8,cra-agent,"Autonomous agentic AI for CRA (Cyber Resilience Act) compliance: scans repos, triages findings, opens Jira tickets, and auto-fixes vulnerabilities via PR.",https://github.com/kulkarnirohit123/cra-agent,,https://github.com/kulkarnirohit123/cra-agent,,GitHub API,https://github.com/kulkarnirohit123/cra-agent,False,False,False
tool_7c4b3c143e160aa4,easyeda-agent,"嘉立创EDA专业版(EasyEDA Pro)自动化：给 AI harness 装上画板的「手」—— 一套 typed 原理图/PCB 动作，CLI / Agent Skill / stdio MCP 三形态融合接入。承接嘉立创「不以卖板赚钱，以培养中国工程师为己任」 | EasyEDA Pro automation: the hands of your AI harness — typed schematic/PCB actions via CLI, Agent Skill and stdio MCP.",https://jlc-ext.com/item/zhoushoujian/easyeda-agent-connector,,https://github.com/zhoushoujianwork/easyeda-agent,,GitHub API,https://github.com/zhoushoujianwork/easyeda-agent,False,False,False
tool_e2f556c7f0244d80,mcp-google-map,A powerful Model Context Protocol (MCP) server providing comprehensive Google Maps API integration with LLM processing capabilities.,https://github.com/cablate/mcp-google-map,,https://github.com/cablate/mcp-google-map,,GitHub API,https://github.com/cablate/mcp-google-map,False,False,False
tool_c8ffb3538b0354f3,pbi-cli,"Power BI CLI - semantic models (.NET TOM) and PBIR reports for token-efficient AI agent usage, built for Claude Code",https://mina-saad.com/pbi-cli,,https://github.com/MinaSaad1/pbi-cli,,GitHub API,https://github.com/MinaSaad1/pbi-cli,False,False,False
tool_9c07c8431961f9e7,recomby-geo,GEO 领域 AI 员工开源方案 · Open-source GEO AI-employee solution (MIT). GEO Skills package + curated lists of agents and office CLIs that make up the AI-employee stack.,https://github.com/ViryaZheng/recomby-geo,,https://github.com/ViryaZheng/recomby-geo,,GitHub API,https://github.com/ViryaZheng/recomby-geo,False,False,False
tool_815f378c7196ef01,agentsilex,"A transparent, minimal, and hackable agent framework. ~300 lines of readable code. Full control, no magic.",https://github.com/howl-anderson/agentsilex,,https://github.com/howl-anderson/agentsilex,,GitHub API,https://github.com/howl-anderson/agentsilex,False,False,False
tool_e7beb4d88611ff21,api2cli,"Audience-aware CLI patterns for Node.js + Commander.js. Build CLIs for humans, AI agents, or both.",https://github.com/alexknowshtml/api2cli,,https://github.com/alexknowshtml/api2cli,,GitHub API,https://github.com/alexknowshtml/api2cli,False,False,False
tool_c8d8687d4c93be18,velocut,"AI-native, local-first video editor by Ribbi — runs entirely in the browser. Rust/WASM engine, WebGPU compositing, WebCodecs export; humans and LLM agents edit through the same JSON command protocol.",https://ribbi.ai,,https://github.com/open-ribbi/velocut,,GitHub API,https://github.com/open-ribbi/velocut,False,False,False
tool_ca11cbb6f289489a,Linghun,"AGI-oriented, hallucination-resistant AI coding runtime grounded in evidence, tools, memory, agents, and verification.",https://github.com/linghungegeg/Linghun,,https://github.com/linghungegeg/Linghun,,GitHub API,https://github.com/linghungegeg/Linghun,False,False,False
tool_11082440f5f447c4,darknet-mcp-server,"66-tool MCP server for dark web intelligence — breach data, ransomware tracking, Tor .onion access, malware analysis, blockchain intel, exploit search, stealer logs",https://npmjs.com/package/darknet-mcp-server,,https://github.com/badchars/darknet-mcp-server,,GitHub API,https://github.com/badchars/darknet-mcp-server,False,False,False
tool_e2fcd62408554eaf,CodexBridge,"WeChat-to-Codex bridge for running Codex app-server from chat, with threads, slash commands, approvals, agents, automation, uploads, and assistant records.",https://github.com/Gan-Xing/CodexBridge,,https://github.com/Gan-Xing/CodexBridge,,GitHub API,https://github.com/Gan-Xing/CodexBridge,False,False,False
tool_e30f934cb236ff1f,bux,"Browser Use Box: a 24/7 Claude Code agent for Playwright-style browser automation with Browser Use Cloud, Telegram, and a real browser on any box you own.",https://tiktok.com/@browser_use/video/7639824093721758989,,https://github.com/browser-use/bux,,GitHub API,https://github.com/browser-use/bux,False,False,False
tool_ed8beae632453adb,openclaw-trading-agent,trading agent,https://agentvps.io,,https://github.com/netzpirat/openclaw-trading-agent,,GitHub API,https://github.com/netzpirat/openclaw-trading-agent,False,False,False
tool_711103f902d200f8,agent-c,Ultra-lightweight AI Agent,https://bravenew.xyz,,https://github.com/bravenewxyz/agent-c,,GitHub API,https://github.com/bravenewxyz/agent-c,False,False,False
tool_80d1fff0760f90c6,EvoSkills,🧬 Extend EvoScientist with Installable Skill & Knowledge Packs,https://evoscientist.ai,,https://github.com/EvoScientist/EvoSkills,,GitHub API,https://github.com/EvoScientist/EvoSkills,False,False,False
tool_30c5cdfaf5596de8,minthcm,"Open-source HCM system for managing HR processes with AI agents. Full data ownership, MCP/A2A-native, no vendor lock-in.",https://minthcm.org,,https://github.com/minthcm/minthcm,,GitHub API,https://github.com/minthcm/minthcm,False,False,False
tool_491b6ddf80595a8b,dsh-image-gen,"AI image studio for DeepSeek Harness — generate, edit & compare images in chat, with 500+ prompts, gallery, multi-model workflows and ComfyUI.",https://github.com/shanliuling/dsh-image-gen,,https://github.com/shanliuling/dsh-image-gen,,GitHub API,https://github.com/shanliuling/dsh-image-gen,False,False,False
tool_c4dba4c0c1ef2370,agent-trade-kit,"OKX trading MCP server — connect AI agents to spot, swap, futures, options & grid bots via the Model Context Protocol.",https://github.com/okx/agent-trade-kit,,https://github.com/okx/agent-trade-kit,,GitHub API,https://github.com/okx/agent-trade-kit,False,False,False
tool_959f3ccc25f088f6,deepagent-code,DeepAgent Code: AI coding agent with persistent memory and control plane,https://ai.deepagent.ltd,,https://github.com/deepagent-ltd/deepagent-code,,GitHub API,https://github.com/deepagent-ltd/deepagent-code,False,False,False
tool_5857ca16f49e7188,guizang-yingzao-skill,"🏯 Claude Code / Codex skill — transform Chinese architecture, cultural places & travel photos into art-directed editorial posters with GPT Image. 中国古建筑与在地文化照片 → 艺术指导海报",https://github.com/op7418/guizang-yingzao-skill,,https://github.com/op7418/guizang-yingzao-skill,,GitHub API,https://github.com/op7418/guizang-yingzao-skill,False,False,False
tool_992d7068bf26976a,django-ai-assistant,Integrate AI Assistants with Django to build intelligent applications,https://django-ai.com,,https://github.com/vintasoftware/django-ai-assistant,,GitHub API,https://github.com/vintasoftware/django-ai-assistant,False,False,False
tool_06cb9b6435ec6d7f,december,"A fully local Loveable, Replit, Bolt, v0 alternative that you can run with your own LLM. No monthly subscriptions, private by default.",https://github.com/ntegrals/december,,https://github.com/ntegrals/december,,GitHub API,https://github.com/ntegrals/december,False,False,False
tool_30c7f614feba4584,openvort,"Open-source AI Employee Platform — Create AI employees that collaborate with your real team in WeCom, DingTalk, and Feishu, just like hiring a few more colleagues.",https://openvort.com,,https://github.com/openvort/openvort,,GitHub API,https://github.com/openvort/openvort,False,False,False
tool_cedfc6bef46a47c7,late-cli,High-performance AI agent for long-horizon tasks. Built on empirical research. 200k+ tokens of work inside a 64k context window.,https://github.com/mlhher/late-cli,,https://github.com/mlhher/late-cli,,GitHub API,https://github.com/mlhher/late-cli,False,False,False
tool_a1377aced27b7ad4,terminaI,"Open-source, local-first alternative to Cowork-style computer assistants: real PTY terminal ops, explicit approvals, JSONL audit logs. Windows + Linux + macOS. Model agnostic.",https://terminai.org,,https://github.com/Prof-Harita/terminaI,,GitHub API,https://github.com/Prof-Harita/terminaI,False,False,False
tool_f7092991addf3442,Odevio-CLI,"Build, sign and publish iOS apps from any OS - no Mac, no Xcode. Driven by your AI agent",https://odevio.com,,https://github.com/Odevio/Odevio-CLI,,GitHub API,https://github.com/Odevio/Odevio-CLI,False,False,False
tool_349b35e4b1fcc01a,eva,单文件智能体，Single-file zero-dependency AI agent for Linux/Windows ops,https://github.com/usepr/eva,,https://github.com/usepr/eva,,GitHub API,https://github.com/usepr/eva,False,False,False
tool_f117c1e1aebebeb8,SkillAlchemy,From thought to skill. From signal to structure.,https://github.com/agentsope/SkillAlchemy,,https://github.com/agentsope/SkillAlchemy,,GitHub API,https://github.com/agentsope/SkillAlchemy,False,False,False
tool_96bee3d4a8e27f24,dockershrink,AI Assistant that reduces the size of your application's Docker Image,https://github.com/duaraghav8/dockershrink,,https://github.com/duaraghav8/dockershrink,,GitHub API,https://github.com/duaraghav8/dockershrink,False,False,False
tool_c537700e52f108ed,clawmetry,"See your agent think. Zero-config observability & governance for 30 AI agent runtimes: Claude Code, OpenAI Codex, Hermes, OpenClaw & 26 more. Live token costs, sessions, tool calls, crons.",https://clawmetry.com,,https://github.com/vivekchand/clawmetry,,GitHub API,https://github.com/vivekchand/clawmetry,False,False,False
tool_37c300a443215df8,phi,"a coding agent, rpc plugin, sub-agents, hashline edits, and mcp",https://pulseaiclub.github.io,,https://github.com/pulseaiclub/phi,,GitHub API,https://github.com/pulseaiclub/phi,False,False,False
tool_9d166ec072232d85,one-mcp,"A centralized reverse-proxy platform for MCP servers — manage, group, and export as Skills from a single endpoint.",https://github.com/burugo/one-mcp,,https://github.com/burugo/one-mcp,,GitHub API,https://github.com/burugo/one-mcp,False,False,False
tool_f097ed39c63fedd2,skillport,"Bring Agent Skills to Any AI Agent and Coding Agent — via CLI or MCP. Manage once, serve anywhere.",https://github.com/gotalab/skillport,,https://github.com/gotalab/skillport,,GitHub API,https://github.com/gotalab/skillport,False,False,False
tool_c3d368c0fa856d81,pi-book,Source-backed architecture notes on building an agent,https://books.antinomie.org/pi,,https://github.com/antinomie-lab/pi-book,,GitHub API,https://github.com/antinomie-lab/pi-book,False,False,False
tool_9282a9c4e685f1b0,agent-me,"Distill your knowledge, memories, and decisions into an open-source, inspectable AI Agent Twin.",https://jz-ai-chat.com,,https://github.com/jzjzzzzzzz/agent-me,,GitHub API,https://github.com/jzjzzzzzzz/agent-me,False,False,False
tool_ad91e10f0222b21a,peerd,"The first AI agent harness native to the browser. A browser extension that runs a full agent loop where you already work: it drives your tabs, spins up sandboxed compute (JS notebooks, WASM Linux VMs, client-side apps), and shares what it builds peer-to-peer. BYOK, no backend, no telemetry.",https://peerd.ai,,https://github.com/NotASithLord/peerd,,GitHub API,https://github.com/NotASithLord/peerd,False,False,False
tool_68dc9c27c22465f8,ComfyUI_Skills_OpenClaw,"Agent-friendly ComfyUI workflow skills for OpenClaw, Hermes Agent, Codex, and Claude Code; complementary to Comfy official local MCP.",https://huangyuchuh.github.io/ComfyUI_Skills_OpenClaw,,https://github.com/HuangYuChuh/ComfyUI_Skills_OpenClaw,,GitHub API,https://github.com/HuangYuChuh/ComfyUI_Skills_OpenClaw,False,False,False
tool_111454107b233bd9,groundhog,"Groundhog's primary purpose is to teach people how Cursor and all these other coding agents work under the hood. If you understand how these coding assistants work from first principles, then you can drive these tools harder (or perhaps make your own!).",https://ghuntley.com/specs,,https://github.com/ghuntley/groundhog,,GitHub API,https://github.com/ghuntley/groundhog,False,False,False
tool_befaae533a3fbbb1,pi-agent-desktop,"Pi — A cross-platform AI coding agent, bringing the Claude Code experience to your desktop. No environment setup, no terminal commands. Download and start coding right away.",https://pi.348580.xyz,,https://github.com/abcwyc/pi-agent-desktop,,GitHub API,https://github.com/abcwyc/pi-agent-desktop,False,False,False
tool_2af7522b35eac8a9,MasterAgent,Build AI agents that run 100% on-device. Sub-100ms latency on Qualcomm NPU. Zero cloud dependency.,https://opensparx.ai,,https://github.com/OpenSparX/MasterAgent,,GitHub API,https://github.com/OpenSparX/MasterAgent,False,False,False
tool_40f2f5541198f747,clay,"A self-hosted workspace where people and coding agents work together across projects, sessions, and providers.",https://github.com/chadbyte/clay,,https://github.com/chadbyte/clay,,GitHub API,https://github.com/chadbyte/clay,False,False,False
tool_265f0efb7d23eb11,ReArk,"An intelligent reverse engineering analysis tool designed for multiple target platforms, currently supporting HarmonyOS (HAP/APP/ABC) and Android (APK/AAB).",https://github.com/lkimuk/ReArk,,https://github.com/lkimuk/ReArk,,GitHub API,https://github.com/lkimuk/ReArk,False,False,False
tool_291ddddcabd4ce26,Software-Engineer-AI-Agent-Atlas,"ATLAS: a senior-engineer layer for Claude Code. Explore with wireframes & prototypes, clarify the essentials, capture it in HTML spec doc then let Claude Code's native plan/goal/workflow loop build. Fewer tokens, less ceremony, faster to what people pictured. KISS/YAGNI/DRY, context decides. No overengineering. Clean architecture that works.",https://github.com/syahiidkamil/Software-Engineer-AI-Agent-Atlas,,https://github.com/syahiidkamil/Software-Engineer-AI-Agent-Atlas,,GitHub API,https://github.com/syahiidkamil/Software-Engineer-AI-Agent-Atlas,False,False,False
tool_5522e0ba0e382b15,opencow,"One task, one agent, delivered. The open-source platform for task-driven autonomous AI agents.OpenCow assigns an autonomous AI agent to every task — features, campaigns,  reports, audits — and delivers them in parallel. Full context. Full control. Every department. 🐄",https://opencow.ai,,https://github.com/OpenCowAI/opencow,,GitHub API,https://github.com/OpenCowAI/opencow,False,False,False
tool_d957e836c60b0758,sutando,"My AI Stand. Realtime by day, rewriting itself by night. Summon my AI superpower.",https://sutando.ai,,https://github.com/sonichi/sutando,,GitHub API,https://github.com/sonichi/sutando,False,False,False
tool_3f7a3d44e4aed304,shopkeeper-agent,📊 电商数仓智能问数 AI Agent，最适合用于系统学习 LangGraph 的实战项目：基于 LangGraph、FastAPI、Qdrant、Elasticsearch、MySQL 与 React，完整实现元数据知识库、混合检索、自然语言生成 NL2SQL 生成校验、SQL 执行与流式查询展示。前后端完整代码全栈可跑，Docker 环境一键部署，配套 ai-agents-from-zero 免费教程与章节代码分支。适合系统学习大模型应用、数据分析 Agent 和企业级 AI 工程落地。,https://didilili.github.io/ai-agents-from-zero,,https://github.com/didilili/shopkeeper-agent,,GitHub API,https://github.com/didilili/shopkeeper-agent,False,False,False
tool_9061688accd0b5e4,polymarket-paper-trader,"Paper trading simulator for Polymarket — built for AI agents. MCP server, live order books, strategy backtesting. Install: npx clawhub install polymarket-paper-trader",https://clawhub.com/robotlearning123/polymarket-paper-trader,,https://github.com/agent-next/polymarket-paper-trader,,GitHub API,https://github.com/agent-next/polymarket-paper-trader,False,False,False
tool_5c8e0c6f918c56ca,camofox-browser,Anti-detection browser server for AI agents — REST API wrapping Camoufox engine with OpenClaw plugin support,https://github.com/redf0x1/camofox-browser,,https://github.com/redf0x1/camofox-browser,,GitHub API,https://github.com/redf0x1/camofox-browser,False,False,False
tool_a596466eef0b4eb7,adminforth,"Create Agentic admin panels faster on TypeScript and Vue.js with AdminForth Framework. Setup main CRUD pages within minutes, extend as you need",https://adminforth.dev,,https://github.com/devforth/adminforth,,GitHub API,https://github.com/devforth/adminforth,False,False,False
tool_53d8bcbac218e179,network-sketcher,"Network Sketcher is an AI-ready network design tool with Local MCP, Online, and Offline editions for creating network designs and exporting PowerPoint diagrams and Excel-based configuration data.",https://github.com/cisco-open/network-sketcher,,https://github.com/cisco-open/network-sketcher,,GitHub API,https://github.com/cisco-open/network-sketcher,False,False,False
tool_03fd87d8ce82d919,UnifiedModel,"The semantic layer that makes enterprise data understandable to AI agents — model entities and relations once, query through SPL/MCP/REST, and connect telemetry, services, and business objects in one object graph.",https://alibaba.github.io/UnifiedModel,,https://github.com/alibaba/UnifiedModel,,GitHub API,https://github.com/alibaba/UnifiedModel,False,False,False
tool_7b887d769b3a1968,abcoder,"deep, reliable and confidential coding-context",https://github.com/cloudwego/abcoder,,https://github.com/cloudwego/abcoder,,GitHub API,https://github.com/cloudwego/abcoder,False,False,False
tool_a00fe9e172c103ef,Filtmall-Shopping-Skill,"Agent-native shopping for extreme value: verifiable same-product price evidence, checkout, orders, delivery, and after-sales.",https://filtalgo.com,,https://github.com/filtalgo/Filtmall-Shopping-Skill,,GitHub API,https://github.com/filtalgo/Filtmall-Shopping-Skill,False,False,False
tool_ce212e2a2a83c96b,vibe-astock,"A 股短线复盘看板：涨停池·连板梯队·龙虎榜·板块资金一屏看完，赚钱效应/晋级率/梯队断层/情绪周期等派生指标纯计算直出（不经过 AI），AI 只把数据串成能读的盘面研判。全本地运行，可用 Claude/Codex 订阅免 API key。| A-share short-term daily-review dashboard: derived sentiment metrics computed locally, AI only writes the narrative. No API key needed.",https://github.com/simonlin1212/vibe-astock,,https://github.com/simonlin1212/vibe-astock,,GitHub API,https://github.com/simonlin1212/vibe-astock,False,False,False
tool_cf1af6d9853dd4d8,wmux,"Run Claude Code, Codex & Gemini in parallel on Windows & macOS — git worktree fan-out with atomic hunk adoption, approval gates, reboot-surviving sessions",https://wmux.app,,https://github.com/openwong2kim/wmux,,GitHub API,https://github.com/openwong2kim/wmux,False,False,False
tool_66e1cf6014c7769f,pentest-harness,"Pentest Harness — Heaven for Hackers. A self-hosted AI agent harness for authorized pentests, bug bounty, security labs, and CTFs. Bring your own AI model API; sessions stay local.",https://github.com/S1N6H/pentest-harness,,https://github.com/S1N6H/pentest-harness,,GitHub API,https://github.com/S1N6H/pentest-harness,False,False,False
tool_f41a6bd11da928e2,aora-bot,"Emotion Ball 是一套面向 AI 助手的表情引擎:32 种状态表情全部由纯 SVG 与原生 JavaScript 实时驱动,零框架、零图片资源。AI 侧只需输出一个 emotionId,小球即可切换到对应表情,可直接用作聊天机器人、桌面宠物、悬浮助手的情绪表达层。",https://emotion-balls.vercel.app,,https://github.com/sam70361/aora-bot,,GitHub API,https://github.com/sam70361/aora-bot,False,False,False
tool_539a9020b7c80e08,clanker,"autonomous systems engineering cli agent for any cloud environment: AWS, GCP, Cloudflare, etc",https://clankercloud.ai,,https://github.com/bgdnvk/clanker,,GitHub API,https://github.com/bgdnvk/clanker,False,False,False
tool_8c2e607d87c5be69,TrueMemory,"The memory your AI should have had from the start. Automatic capture, automatic recall, 100% local. One SQLite file, zero cloud. Works with Claude Code, Claude CLI, Cursor, Codex CLI, Gemini CLI.",https://truememory.net,,https://github.com/buildingjoshbetter/TrueMemory,,GitHub API,https://github.com/buildingjoshbetter/TrueMemory,False,False,False
tool_7125e338692beaa4,opencode-goal-plugin,"OpenCode goal plugin for Codex-style goal mode, /goal slash commands, persistent objectives, and AI coding agent focus.",https://npmjs.com/package/@prevalentware/opencode-goal-plugin,,https://github.com/prevalentWare/opencode-goal-plugin,,GitHub API,https://github.com/prevalentWare/opencode-goal-plugin,False,False,False
tool_ca76a7fed17732d1,mobileClaw,"Open Android AI agent runtime for phone control, app automation, VLM screen reading, skill routing, mini apps, and Mihomo VPN workflows.",https://github.com/eggbrid2/mobileClaw,,https://github.com/eggbrid2/mobileClaw,,GitHub API,https://github.com/eggbrid2/mobileClaw,False,False,False
tool_f7d29c27af1e96c1,Abu-Cowork,Open-source alternative to Claude Cowork — a local-first AI agent desktop app · multi-model · self-evolving skills · privacy-first · multi-Harness roadmap · DeepSeek Harness integration in progress,https://myabu.cn,,https://github.com/PM-Shawn/Abu-Cowork,,GitHub API,https://github.com/PM-Shawn/Abu-Cowork,False,False,False
tool_34e53969466186eb,tactus,"The first browser AI Agent extension to support Agent Skills, enabling AI to perform complex tasks through an expandable skill system. 🌟 Star if you like it! | 首个支持 Agent Skills 的浏览器 AI Agent 扩展，让 AI 通过可扩展技能系统执行复杂任务 🌟 如果喜欢请点个 Star！",https://tactus.cc.cd,,https://github.com/Castor6/tactus,,GitHub API,https://github.com/Castor6/tactus,False,False,False
tool_deaef644a780e3b0,PhysiClaw,The AI agent that physically operates a phone — the way you do.,https://physiclaw.ai,,https://github.com/physiclaw/PhysiClaw,,GitHub API,https://github.com/physiclaw/PhysiClaw,False,False,False
tool_4b5dd838ab5961c9,agentseal,"Security toolkit for AI agents. Scan your machine for dangerous skills and MCP configs, monitor for supply chain attacks, test prompt injection resistance, and audit live MCP servers for tool poisoning.",https://agentseal.org,,https://github.com/getagentseal/agentseal,,GitHub API,https://github.com/getagentseal/agentseal,False,False,False
tool_e078774dfb794ddf,project-butler,"Project memory system for AI coding assistants (Claude Code, Cursor, Codex): session logs, project wiki, rules, TODOs, and handoff.",https://github.com/JamesShi96/project-butler,,https://github.com/JamesShi96/project-butler,,GitHub API,https://github.com/JamesShi96/project-butler,False,False,False
tool_db00c45dc85b805a,rooroo,🚀 rooroo (如如): Minimalist AI Orchestration with Swiss Army Knife Agents 🚀,https://github.com/marv1nnnnn/rooroo,,https://github.com/marv1nnnnn/rooroo,,GitHub API,https://github.com/marv1nnnnn/rooroo,False,False,False
tool_3c8e6b295ef4ed41,aigne-framework,"The functional, composable, and typescript-first AI Agent framework for real-world LLM Apps.",https://aigne.io/framework,,https://github.com/AIGNE-io/aigne-framework,,GitHub API,https://github.com/AIGNE-io/aigne-framework,False,False,False
tool_dc50060e431d51ea,LangChain-ReAct-Agent,基于 LangChain/LangGraph 的 ReAct Agent ，结合 RAG、工具调用与 Streamlit 界面，面向智能客服与报告生成场景。,https://github.com/lhh737/LangChain-ReAct-Agent,,https://github.com/lhh737/LangChain-ReAct-Agent,,GitHub API,https://github.com/lhh737/LangChain-ReAct-Agent,False,False,False
tool_02bbbc3f3c9bd654,dsh-plugin-subscriptions,"Use ChatGPT (Codex), Claude, and Grok (X Premium) subscriptions as DeepSeek Harness LLM providers — OAuth login in the web UI, no API keys",https://github.com/V1ki/dsh-plugin-subscriptions,,https://github.com/V1ki/dsh-plugin-subscriptions,,GitHub API,https://github.com/V1ki/dsh-plugin-subscriptions,False,False,False
tool_49b8d0da1082f229,xiaomo-starter-kit,🐈‍⬛ OpenClaw 中文 AI 助手模板 | 5分钟拥有你的 AI 私人助手,https://xiaomo.dev,,https://github.com/mengjian-github/xiaomo-starter-kit,,GitHub API,https://github.com/mengjian-github/xiaomo-starter-kit,False,False,False
tool_262871bffd34e890,WhyBuddy,"A Simple and Universal Product Rehearsal Engine, Speccing Anything. 简洁通用的产品推演引擎，推演万物。",http://sliderule.ai,,https://github.com/xiaojilele-glitch/WhyBuddy,,GitHub API,https://github.com/xiaojilele-glitch/WhyBuddy,False,False,False
tool_3fd431defbcf1269,solo-skills,"1인 사업가 생산성 키트 — 직원 없이 58개를 자동화했고, 그중 바로 쓸 수 있는 AI 에이전트 스킬 38개(+실행 스크립트 19개)를 공개합니다",https://get100.co.kr,,https://github.com/bam-bam-2/solo-skills,,GitHub API,https://github.com/bam-bam-2/solo-skills,False,False,False
tool_53e3d51879620f6a,SciAgent-Skills,"197 bioinformatics & life science skills for Claude Code and AI agents — BixBench 92.0% accuracy. RNA-seq, single-cell, drug discovery, proteomics, and more. Powers OmicsHorizon.",https://omicshorizon.ai/en,,https://github.com/jaechang-hits/SciAgent-Skills,,GitHub API,https://github.com/jaechang-hits/SciAgent-Skills,False,False,False
tool_9143f9068a2600b3,Open-AI-Design-Agent,"Open-source AI design agent — alternative to Lovart AI, Runway Agent, Luma Labs Agent, Krea Agent, Pika Agent, Galileo AI, Magic Patterns. Autonomous multi-step creative for posters, social, brand kits, ad creatives, and video. Free, MIT-licensed, self-hosted.",https://muapi.ai/assistant,,https://github.com/Anil-matcha/Open-AI-Design-Agent,,GitHub API,https://github.com/Anil-matcha/Open-AI-Design-Agent,False,False,False
tool_382672dc863a685f,vue-tui,"The Vue framework for terminal UIs. SFC & JSX, Yoga flexbox, HMR, and testing out of the box.",https://github.com/vuejs-ai/vue-tui,,https://github.com/vuejs-ai/vue-tui,,GitHub API,https://github.com/vuejs-ai/vue-tui,False,False,False
tool_92507217278ce562,SwiftStreamingMarkdown,A performant markdown library for iOS & macOS that supports streaming,https://github.com/microsoft/SwiftStreamingMarkdown,,https://github.com/microsoft/SwiftStreamingMarkdown,,GitHub API,https://github.com/microsoft/SwiftStreamingMarkdown,False,False,False
tool_d87e755ebd64259c,mattpocock-skills-zh,Matt Pocock 技能集的中文翻译版 — 地道中文，原汁原味的技术术语。基于 mattpocock/skills 复刻。每日中午12点钟同步,https://github.com/devcxl/mattpocock-skills-zh,,https://github.com/devcxl/mattpocock-skills-zh,,GitHub API,https://github.com/devcxl/mattpocock-skills-zh,False,False,False
tool_348bd5443e87b71e,sdk-js,"Free email for AI agents. No signup, no human needed. Install → provision → send and receive. Ed25519 keypair auth.",https://keyid.ai,,https://github.com/KeyID-AI/sdk-js,,GitHub API,https://github.com/KeyID-AI/sdk-js,False,False,False
tool_a634649b6d44eefc,goink,Goink 桌面 AI 小说创作助手，对话式写作 + 自动状态追踪 + 本地语义搜索。跨平台开箱即用。AI Agent Novel Generator.,https://github.com/sigpanic/goink,,https://github.com/sigpanic/goink,,GitHub API,https://github.com/sigpanic/goink,False,False,False
tool_15ac02bdd214782a,os-clovy,"Private AI on your Mac. Chat, dictation, meeting notes, and a local agent in one open source workspace.",https://opensoftware.co/clovy,,https://github.com/open-software-network/os-clovy,,GitHub API,https://github.com/open-software-network/os-clovy,False,False,False
tool_1205b9cc9ac23655,tinystruct,"A lightweight, modular Java application framework for web and CLI development,         designed for AI integration and plugin-based architecture.         Enabling developers to create robust solutions with ease for building efficient and scalable applications.",https://tinystruct.org,,https://github.com/tinystruct/tinystruct,,GitHub API,https://github.com/tinystruct/tinystruct,False,False,False
tool_413ed1205e0bac05,read-aware,"An ebook reader with a self-evolving agent: it remembers your reading across books, and plugins extend the reader and the agent alike.",https://readaware.app,,https://github.com/ahpxex/read-aware,,GitHub API,https://github.com/ahpxex/read-aware,False,False,False
tool_49c8b6be9c2bd538,agentica,"One person, a team of agents. Multi-session CLI that collaborates across terminals; /goal keeps long tasks running; WeChat/WeCom/Feishu gateway lets you call them back when you walk away. Async Python SDK, persistent memory, self-evolving skills.",https://shibing624.github.io/agentica,,https://github.com/shibing624/agentica,,GitHub API,https://github.com/shibing624/agentica,False,False,False
tool_5ac184a7689503a5,Hermes-Studio,"Web UI & dashboard for Hermes Agent — chat, memory, skills, terminal, approvals, multi-agent orchestration. Self-hosted.",https://github.com/JPeetz/Hermes-Studio,,https://github.com/JPeetz/Hermes-Studio,,GitHub API,https://github.com/JPeetz/Hermes-Studio,False,False,False
tool_e6577cbcc93853f0,dsh-hub-cli,"Open-source CLI, schemas, resolver, and DSH agent tools for DSH Plugin Hub",https://dshpluginhub.ai,,https://github.com/pax-beehive/dsh-hub-cli,,GitHub API,https://github.com/pax-beehive/dsh-hub-cli,False,False,False
tool_dc34a43ddd231247,zot,"Yet another coding agent harness, lightweight and written in go.",https://zot.sh,,https://github.com/patriceckhart/zot,,GitHub API,https://github.com/patriceckhart/zot,False,False,False
tool_de001cddf17d73f1,percho,"Percho: Minimalist desktop GUI for the Pi coding agent — the same engine as the Pi CLI, in a clean visual interface. Multi-session chat, visual tool approvals, and custom themes.",https://percho.org,,https://github.com/Jaxton07/percho,,GitHub API,https://github.com/Jaxton07/percho,False,False,False
tool_a9563c112488aab9,moling,"MoLing is a computer-use and browser-use based MCP server. It is a locally deployed, dependency-free office AI assistant.",https://gojue.cc,,https://github.com/gojue/moling,,GitHub API,https://github.com/gojue/moling,False,False,False
tool_7d3e025dd0dda698,CyberClaw,👾 下一代透明智能体架构 | Next-Gen Transparent Agent Architecture 🔍 全行为审计 | 🛡️ 两段式安全调用 | 🧠 双水位记忆 | ⏰ 心跳任务 📊 P0 级事故率降低 80% | 兼容 OpenClaw + Claude Code 技能生态,https://github.com/ttguy0707/CyberClaw,,https://github.com/ttguy0707/CyberClaw,,GitHub API,https://github.com/ttguy0707/CyberClaw,False,False,False
tool_8fafe77cc64671ef,NeuralDeskApp,"Versatile Almost Local, Eventually Reasonable Assistant 🔫",https://t.me/neuraldeep,,https://github.com/vakovalskii/NeuralDeskApp,,GitHub API,https://github.com/vakovalskii/NeuralDeskApp,False,False,False
tool_7fe761bea434a8e1,datastoria,"AI-native ClickHouse console for your cluster diagnostics and query generation, optimization and data visualization.",https://datastoria.app,,https://github.com/FrankChen021/datastoria,,GitHub API,https://github.com/FrankChen021/datastoria,False,False,False
tool_30bf4ba4605110cb,spring-ai-loom-agent,"Spring Boot AI Agent — an out-of-the-box solution that makes your app converse, remember, think, and act.",https://github.com/wb04307201/spring-ai-loom-agent,,https://github.com/wb04307201/spring-ai-loom-agent,,GitHub API,https://github.com/wb04307201/spring-ai-loom-agent,False,False,False
tool_536498a3eb543feb,sdd-riper,"Lightweight AI Agent Harness for agentic coding: let strong models explore while humans steer with minimal specs, checkpoints, approval, validation, and reverse sync.",https://github.com/huisezhiyin/sdd-riper,,https://github.com/huisezhiyin/sdd-riper,,GitHub API,https://github.com/huisezhiyin/sdd-riper,False,False,False
tool_e9e0a32554cb8361,lyrie-ai,Lyrie.ai — The world's first autonomous AI cybersecurity agent. Built by OTT Cybersecurity LLC.,https://lyrie.ai,,https://github.com/OTT-Cybersecurity-LLC/lyrie-ai,,GitHub API,https://github.com/OTT-Cybersecurity-LLC/lyrie-ai,False,False,False
tool_471a80a1c5d96bdd,Ori-Mnemos,Local-first persistent agentic memory powered by Recursive Memory Harness (RMH). Open source must win.,https://orimnemos.com.,,https://github.com/aayoawoyemi/Ori-Mnemos,,GitHub API,https://github.com/aayoawoyemi/Ori-Mnemos,False,False,False
tool_cab25dc44354bfb5,golembot,"Any Agent × Any Provider × Anywhere. Connect Cursor, Claude Code, OpenCode, or Codex to Slack, Telegram, Discord, Feishu, DingTalk, WeCom, WeChat — with any LLM provider.",https://0xranx.github.io/golembot,,https://github.com/0xranx/golembot,,GitHub API,https://github.com/0xranx/golembot,False,False,False
tool_a17499d7145ed6e6,ASu-resume-skills,阿酥式高密度技术履历生成与证据优先简历审计,https://github.com/Claycui828/ASu-resume-skills,,https://github.com/Claycui828/ASu-resume-skills,,GitHub API,https://github.com/Claycui828/ASu-resume-skills,False,False,False
tool_0775212ec3d045c3,devo,"Model-neutral agent desktop/runtime for private, enterprise, and OpenAI-compatible / Anthropic-compatible model API. Tested on DeepSeek, Qwen, Kimi, GLM models. Supports MCP,  Skills,and local code search.",https://devo.7df.ai,,https://github.com/7df-lab/devo,,GitHub API,https://github.com/7df-lab/devo,False,False,False
tool_4ea5462d3872c08e,UnityMCP,"Drive the Unity Editor from an AI agent or the terminal. The Editor serves MCP itself over HTTP, so there is no second process to run, and the isuzu-unity-cli command needs no Node or .NET runtime.",https://unity-mcp.shiranui-isuzu.dev/en,,https://github.com/isuzu-shiranui/UnityMCP,,GitHub API,https://github.com/isuzu-shiranui/UnityMCP,False,False,False
tool_46d656ef3860ccbd,oh-dsh,一套 DSH runtime，Desktop、Web 与 TUI 三种开发体验。,https://dsh.openatom.club,,https://github.com/hust-open-atom-club/oh-dsh,,GitHub API,https://github.com/hust-open-atom-club/oh-dsh,False,False,False
tool_c1a9384e5fe91773,agent-systems-handbook,"A practical AI agents handbook covering agent systems, agentic workflows, LangGraph, MCP/A2A, context engineering, agent memory, evaluation, observability, and multi-agent architecture. Current trend focus: Gemini Interactions API and managed agents, emerging agent runtimes, and production AI workflow patterns.",https://labs.prompthon.io,,https://github.com/Prompthon-IO/agent-systems-handbook,,GitHub API,https://github.com/Prompthon-IO/agent-systems-handbook,False,False,False
tool_6d98dfee8bc2bb1c,SeekerClaw,Turn your Solana Seeker (or any Android phone) into a 24/7 personal AI agent,https://seekerclaw.xyz,,https://github.com/sepivip/SeekerClaw,,GitHub API,https://github.com/sepivip/SeekerClaw,False,False,False
tool_68770bcc315e42b2,agent-skills-vrc-udon,"Skills, rules, and validation hooks that teach AI coding agents to generate correct UdonSharp code",https://github.com/niaka3dayo/agent-skills-vrc-udon,,https://github.com/niaka3dayo/agent-skills-vrc-udon,,GitHub API,https://github.com/niaka3dayo/agent-skills-vrc-udon,False,False,False
tool_b708a2bd45577f58,no_human,"From ticket to reviewed pull request. Free and open-source, on your machine.",https://getnohuman.com,,https://github.com/no-human-ai/no_human,,GitHub API,https://github.com/no-human-ai/no_human,False,False,False
tool_e7e14300bf50e826,Charles-mcp,"Charles Proxy MCP server for AI agents with live capture, structured traffic analysis, and agent-friendly tool contracts",https://pypi.org/project/charles-mcp,,https://github.com/heizaheiza/Charles-mcp,,GitHub API,https://github.com/heizaheiza/Charles-mcp,False,False,False
tool_1a2db004b5c16c2b,DataPup,"A modern, AI-assisted, cross-platform database client - free",https://github.com/DataPupOrg/DataPup,,https://github.com/DataPupOrg/DataPup,,GitHub API,https://github.com/DataPupOrg/DataPup,False,False,False
tool_a279f40c50b61d0b,cryptocurrency.cv,"Free crypto news API - real-time aggregator for Bitcoin, Ethereum, DeFi, Solana & altcoins. No API key required. RSS/Atom feeds, JSON REST API, historical archive with market context, embeddable widgets, ChatGPT plugin, Claude MCP server, SDKs (Python, TypeScript, Go, React, PHP). AI/LLM ready. Vibe coding friendly. Open source.",https://cryptocurrency.cv,,https://github.com/nirholas/cryptocurrency.cv,,GitHub API,https://github.com/nirholas/cryptocurrency.cv,False,False,False
tool_c2edd33d7e3e35cc,nuphus-mcp,"Desktop automation MCP server — computer use for any AI agent: control screen, windows, mouse/keyboard, and Chrome via Model Context Protocol (stdio). Not a DSH plugin — DSH users install dsh-nuphus-mcp.",https://github.com/mrpulor-gh/nuphus-mcp,,https://github.com/mrpulor-gh/nuphus-mcp,,GitHub API,https://github.com/mrpulor-gh/nuphus-mcp,False,False,False
tool_4dc914cf68c39025,openmozi,"A custom Agent OS built to be hackable, heavily inspired by OpenClaw.",https://github.com/spytensor/openmozi,,https://github.com/spytensor/openmozi,,GitHub API,https://github.com/spytensor/openmozi,False,False,False
tool_48c581de2ac526bf,UltraGameStudio,"UltraGameStudio - AI coding agent for game development: engine workflows, gameplay code, and asset generation.",https://github.com/wellingfeng/UltraGameStudio,,https://github.com/wellingfeng/UltraGameStudio,,GitHub API,https://github.com/wellingfeng/UltraGameStudio,False,False,False
tool_b1c99c0f647c8cfd,dexter-jp,日本株の自律型リサーチAIエージェント｜AI agent for deep financial research on Japanese listed companies. Powered by EDINET DB + J-Quants.,https://edinetdb.jp,,https://github.com/edinetdb/dexter-jp,,GitHub API,https://github.com/edinetdb/dexter-jp,False,False,False
tool_6ee2511472d0d143,Gendangzou-skill,面向 AI Agent 的可溯源 A 股板块研究 Skill，贯通政策、权威媒体、市场资金、公司与 ETF，支持实时查询、研究编排和二次应用开发。,https://gendangzou.mobiusquant.ai,,https://github.com/MobiusQuant/Gendangzou-skill,,GitHub API,https://github.com/MobiusQuant/Gendangzou-skill,False,False,False
tool_86ea2f9a22fd927d,BidMaster-Pro,全流程 智能招投标 Agent：标书生成 · 招投标解读 · 标书检查 · 标书文档ai排版 · 商机发现 一键完成。 21 项合规检查 · 多模型切换 · RAG 知识库 · OCR 抽取。 从招标公告到可交付 docx 文档，全流程 AI 自动化。,https://github.com/guangshu100/BidMaster-Pro,,https://github.com/guangshu100/BidMaster-Pro,,GitHub API,https://github.com/guangshu100/BidMaster-Pro,False,False,False
tool_8b1bcf0dddddb7a5,agentao,"Local-first, governed AI agent runtime for Python — embed it in your app, or run it as a CLI or ACP server. Permissions, MCP, memory and audit replay built in.",https://agentao.cn,,https://github.com/jin-bo/agentao,,GitHub API,https://github.com/jin-bo/agentao,False,False,False
tool_14b4e8ecfc744c9e,MoleCode,Molecode presents molecules as code and enables LLMs to operate and reason on chemistry directly.,https://arxiv.org/pdf/2605.16480,,https://github.com/AtomFlow-AI/MoleCode,,GitHub API,https://github.com/AtomFlow-AI/MoleCode,False,False,False
tool_a7cf71a3a164ec79,agent-playground,,https://github.com/xevrion-v2/agent-playground,,https://github.com/xevrion-v2/agent-playground,,GitHub API,https://github.com/xevrion-v2/agent-playground,False,False,False
tool_868e9dd1c4d7336d,sdk-py,"Free email for AI agents. No signup, no human needed. Install → provision → send and receive. Ed25519 keypair auth.",https://keyid.ai,,https://github.com/KeyID-AI/sdk-py,,GitHub API,https://github.com/KeyID-AI/sdk-py,False,False,False
tool_185c24ee1dc971fb,kition,"Kition brings Markdown, DataTable, WhiteBoard, a tool-using AI agent, browser research, and visual workflows into one desktop workspace.",https://kition.ai,,https://github.com/KitionAI/kition,,GitHub API,https://github.com/KitionAI/kition,False,False,False
tool_c98bcac5cd4a2701,cashclaw,"The Agent Economy Layer — agents earn, agents spend, Guard protects. 13 skills, runtime cost cap, recursive kill, tool firewall. 50+ HYRVE API endpoints, job polling daemon, MPP stablecoin. v1.7.0",https://cashclawai.com,,https://github.com/ertugrulakben/cashclaw,,GitHub API,https://github.com/ertugrulakben/cashclaw,False,False,False
tool_6e6d3caac4d1f780,mira,"Self-hosted AI code reviewer with indexed PR reviews, walkthroughs, vulnerability scanning, dependency graphs, custom rules, and a learning loop.",https://docs.miracode.ai,,https://github.com/miracodeai/mira,,GitHub API,https://github.com/miracodeai/mira,False,False,False
tool_0067dc51805bf515,Titans---Learning-to-Memorize-at-Test-Time,"Multi-agent demo platform for Titans (arXiv:2501.00663) — neural networks that learn to memorize at test time. 7 AI agents, native desktop UI.",https://github.com/ai-in-pm/Titans---Learning-to-Memorize-at-Test-Time,,https://github.com/ai-in-pm/Titans---Learning-to-Memorize-at-Test-Time,,GitHub API,https://github.com/ai-in-pm/Titans---Learning-to-Memorize-at-Test-Time,False,False,False
tool_a572cb01936538db,home-generative-agent,"AI agent for Home Assistant — talk to your home, create automations in plain language, analyze cameras with face recognition, and get proactive anomaly alerts. Cloud LLMs or fully local via Ollama.",https://community.home-assistant.io/t/a-generative-agent-integration-based-on-langchain-and-langgraph/864923,,https://github.com/goruck/home-generative-agent,,GitHub API,https://github.com/goruck/home-generative-agent,False,False,False
tool_321fea6f67a5afa3,codex-rehome,Offline Codex Desktop migration for Windows and macOS.,https://github.com/CalebYcj/codex-rehome,,https://github.com/CalebYcj/codex-rehome,,GitHub API,https://github.com/CalebYcj/codex-rehome,False,False,False
tool_4afa8f80a3496f3e,chat-quality-agent,Chat Quality Agent - Agent phân tích chất lượng CSKH bằng AI,https://tanviet12.github.io/chat-quality-agent,,https://github.com/tanviet12/chat-quality-agent,,GitHub API,https://github.com/tanviet12/chat-quality-agent,False,False,False
tool_df790cded58699cc,plamen,Autonomous Web3 security audit agent for Claude Code,https://github.com/PlamenTSV/plamen,,https://github.com/PlamenTSV/plamen,,GitHub API,https://github.com/PlamenTSV/plamen,False,False,False
tool_e0c883c9efe44f1c,chmonitor,Open-source operational advisor for ClickHouse — real-time monitoring plus AI-driven index/partition/materialized-view recommendations.,https://chmonitor.dev,,https://github.com/chmonitor/chmonitor,,GitHub API,https://github.com/chmonitor/chmonitor,False,False,False
tool_ff2b8cc569f6294c,oneshot-gtm,GTM agent for technical founders. Pay-per-result. Signed receipts. Two surfaces: terminal CLI + local web dashboard.,https://oneshot-gtm.com,,https://github.com/oneshot-agent/oneshot-gtm,,GitHub API,https://github.com/oneshot-agent/oneshot-gtm,False,False,False
tool_5f030a0d3b8780af,research-claw,"A self-hosted AI assistant for academic research — manages your papers, searches literature, tracks deadlines, and answers you on the channels you already use.",https://github.com/nanoAgentTeam/research-claw,,https://github.com/nanoAgentTeam/research-claw,,GitHub API,https://github.com/nanoAgentTeam/research-claw,False,False,False
tool_b4cda887a541f26c,llama-github,"Llama-github is an open-source Python library that empowers LLM Chatbots, AI Agents, and Auto-dev Solutions to conduct Agentic RAG from actively selected GitHub public projects. It Augments through LLMs and Generates context for any coding question, in order to streamline the development of sophisticated AI-driven applications.",https://pypi.org/project/llama-github,,https://github.com/JetXu-LLM/llama-github,,GitHub API,https://github.com/JetXu-LLM/llama-github,False,False,False
tool_209c4fe2d10fd4da,tinyclaw,The original Tiny Claw as your personal autonomous AI companion. 🐜,https://tinyclaw.ai,,https://github.com/warengonzaga/tinyclaw,,GitHub API,https://github.com/warengonzaga/tinyclaw,False,False,False
tool_75d360032248c827,moore-wechat-article-downloader,本地优先的微信内容情报库：同步公众号文章，保存精选评论和互动数据，供 Codex/Claude Code 做内容研究。,https://github.com/Moore-developers/moore-wechat-article-downloader,,https://github.com/Moore-developers/moore-wechat-article-downloader,,GitHub API,https://github.com/Moore-developers/moore-wechat-article-downloader,False,False,False
tool_237a199a1ace0ce5,fennara-godot-ai,"AI chat and agent tooling for Godot, with both MCP support and in-built native chat window.",https://fennara.io,,https://github.com/fennaraOfficial/fennara-godot-ai,,GitHub API,https://github.com/fennaraOfficial/fennara-godot-ai,False,False,False
tool_61a4681af964b00f,CarWatch,Your car as a chat-room agent: Raspberry Pi 5 + dashcam + local AI. CodeWatch's sibling for the garage.,https://carwatch.dev,,https://github.com/ThinkOffApp/CarWatch,,GitHub API,https://github.com/ThinkOffApp/CarWatch,False,False,False
tool_461470a98302d3f0,Joanium,"Your smart, reliable, and friendly personal AI assistant.",https://joanium.com,,https://github.com/Joanium/Joanium,,GitHub API,https://github.com/Joanium/Joanium,False,False,False
tool_592baf4747847b1a,open-browser-use,"🔮 Platform-neutral Browser Use for AI agents: real Chrome automation with a CLI + SDKs, no lock-in, dead simple.",https://ifuryst.com/en/blog/2026/open-browser-use,,https://github.com/iFurySt/open-browser-use,,GitHub API,https://github.com/iFurySt/open-browser-use,False,False,False
tool_30d6aedb29d2bb88,slidev-ai,ai app for slidev,https://github.com/LSTM-Kirigaya/slidev-ai,,https://github.com/LSTM-Kirigaya/slidev-ai,,GitHub API,https://github.com/LSTM-Kirigaya/slidev-ai,False,False,False
tool_249b85225cd64e30,GoGogot,Lightweight self-hosted AI agent. Open-source OpenClaw alternative in Go.,https://go-go-got.com,,https://github.com/aspasskiy/GoGogot,,GitHub API,https://github.com/aspasskiy/GoGogot,False,False,False
tool_521d116835ba8d1e,MindGeniusAI,"An AI agent that reads your PDFs and draws editable mind maps — visible tool-calling loop, built-in RAG, bring-your-own-key, multi-provider (OpenAI / Claude / DeepSeek / Kimi). Self-hostable.",https://mindgenius.onrender.com,,https://github.com/xianjianlf2/MindGeniusAI,,GitHub API,https://github.com/xianjianlf2/MindGeniusAI,False,False,False
tool_9e7a61f088e29234,monet,"Monet — Multi-engine mission control for coding agents (Claude Code and Codex today). Browse, search, and drive your agent sessions from a native desktop app.",https://github.com/zenolab124/monet,,https://github.com/zenolab124/monet,,GitHub API,https://github.com/zenolab124/monet,False,False,False
tool_1939ecad5515683f,AutoResearch-SibylSystem,"Fully Autonomous AI Research System with Self-Evolution, built natively on Claude Code",https://github.com/Sibyl-Research-Team/AutoResearch-SibylSystem,,https://github.com/Sibyl-Research-Team/AutoResearch-SibylSystem,,GitHub API,https://github.com/Sibyl-Research-Team/AutoResearch-SibylSystem,False,False,False
tool_90f5362c08be9109,mixamo-llm-mocap,"Turn any video into a Mixamo-rig animation - GVHMR estimator, spec-driven retarget, FK apply in Blender via MCP. Works with any Mixamo character; built to be operated end-to-end by an AI agent.",https://github.com/squall01337/mixamo-llm-mocap,,https://github.com/squall01337/mixamo-llm-mocap,,GitHub API,https://github.com/squall01337/mixamo-llm-mocap,False,False,False
tool_61275f3f2b14bac5,pilot-harness,"Pilot Harness — a CodePilot-inspired desktop client and plugin suite for DeepSeek Harness on macOS, Windows, and Linux.",https://github.com/op7418/pilot-harness,,https://github.com/op7418/pilot-harness,,GitHub API,https://github.com/op7418/pilot-harness,False,False,False
tool_dfee02e3d81561df,qKnow,"qKnow is an open-source agent platform for enterprise knowledge intelligence and industry AI. It provides knowledge graphs, RAG, and bot building, encapsulating industry AI into standardized modules for rapid deployment. Supporting unified integration of documents and data, it helps enterprises quickly build knowledge hubs and AI solutions.",https://community.qknow.ai,,https://github.com/qiantongtech/qKnow,,GitHub API,https://github.com/qiantongtech/qKnow,False,False,False
tool_d560ef233f7525a7,UnityAgentClient,"Provides integration of any AI agent (Gemini CLI, Claude Code, Codex CLI, etc.) with the Unity editor using Agent Client Protocol",https://github.com/nuskey8/UnityAgentClient,,https://github.com/nuskey8/UnityAgentClient,,GitHub API,https://github.com/nuskey8/UnityAgentClient,False,False,False
tool_c0143bdad669e61f,swarmzero,"SwarmZero's SDK for building AI agents, swarms of agents and much more.",https://swarmzero.ai,,https://github.com/swarmzero/swarmzero,,GitHub API,https://github.com/swarmzero/swarmzero,False,False,False
tool_758968cc96dfbf84,OpenAver,"Free open-source desktop app that scrapes JAV metadata and generates NFO + cover art for Jellyfin, Emby & Kodi. No Docker, no CLI — one-click install on Windows & macOS. 8 built-in sources + optional Metatube federation (30+ providers), actress collections, cross-language tag aliases, and a REST API for AI agents.",https://github.com/slive777/OpenAver,,https://github.com/slive777/OpenAver,,GitHub API,https://github.com/slive777/OpenAver,False,False,False
tool_01b699a345de6f19,harnessclaw-engine,"An LLM programming assistant engine built with Go, supporting WebSocket, multi-turn dialogues, tool calling, permission control, and skill extension.",https://github.com/harnessclaw/harnessclaw-engine,,https://github.com/harnessclaw/harnessclaw-engine,,GitHub API,https://github.com/harnessclaw/harnessclaw-engine,False,False,False
tool_edcd514161ca6284,openclaw-cloud,"Give your AI Agent a cloud-native life. Deploy once, converse everywhere.",https://mira-nontraditionary-nonfugitively.ngrok-free.dev,,https://github.com/openperf/openclaw-cloud,,GitHub API,https://github.com/openperf/openclaw-cloud,False,False,False
tool_8363d131a5da4cc3,scope-recall-hermes,"Hermes Agent memory plugin/provider for scope-aware recall, SQLite truth, LanceDB semantic search, and hybrid retrieval.",https://github.com/410979729/scope-recall-hermes,,https://github.com/410979729/scope-recall-hermes,,GitHub API,https://github.com/410979729/scope-recall-hermes,False,False,False
tool_a8db1a89679197c3,Perfect-Web-Clone,"Pixel-perfect clones of any webpage. Paste a URL, get a measured Vite + React replica.",https://github.com/ericshang98/Perfect-Web-Clone,,https://github.com/ericshang98/Perfect-Web-Clone,,GitHub API,https://github.com/ericshang98/Perfect-Web-Clone,False,False,False
tool_f7003568216047e4,govctl,A governance harness for AI coding.,https://govctl-org.github.io/govctl,,https://github.com/govctl-org/govctl,,GitHub API,https://github.com/govctl-org/govctl,False,False,False
tool_d9e55a53fdc8b217,Orbital,Context is yours. Agents are replaceable. Orbital — a project agent that turns your context into assets.,https://github.com/zqiren/Orbital,,https://github.com/zqiren/Orbital,,GitHub API,https://github.com/zqiren/Orbital,False,False,False
tool_25599fbf3310177c,layrr,A browser coding agent interface for selecting elements and sending instructions directly to Claude Code.,https://layrr.dev,,https://github.com/narnia-sh/layrr,,GitHub API,https://github.com/narnia-sh/layrr,False,False,False
tool_5d649872ab375e16,kmsg,"Unofficial KakaoTalk CLI and native MCP server for macOS — read, watch, and send messages via Accessibility automation.",https://channprj.github.io/kmsg,,https://github.com/channprj/kmsg,,GitHub API,https://github.com/channprj/kmsg,False,False,False
tool_b7bad21d0c3fcce8,TraeSkill,为 Trae IDE 打造的全流程标准化 AI 开发技能库，内置调度分发与多角色研发技能，一键导入规范 AI 编码工作流 🚀,https://github.com/boshi-xixixi/TraeSkill,,https://github.com/boshi-xixixi/TraeSkill,,GitHub API,https://github.com/boshi-xixixi/TraeSkill,False,False,False
tool_1bd4711390c9317b,cyber-neo,"Open-source cybersecurity analysis agent for Claude Code. Scans projects for vulnerabilities across all OWASP 2025 Top 10 and CWE Top 25 categories. 11 security domains, 60+ secret patterns, parallel subagent analysis, professional report generation. Built by tododeia.com",https://tododeia.com,,https://github.com/Hainrixz/cyber-neo,,GitHub API,https://github.com/Hainrixz/cyber-neo,False,False,False
tool_d442b5dcae3af9d2,redbeacon,RedBeacon｜开源 Skill 与安装入口：连接本机客户端，完成定位、对标、选题、创作、审稿、发布与账号级全流程自动化,https://bytestaff.jiomig.com/market/redbeacon,,https://github.com/jidouqie/redbeacon,,GitHub API,https://github.com/jidouqie/redbeacon,False,False,False
tool_7ab79c0f3a7591ff,agent-design-patterns,"A 7×6 framework for agent architecture. 28 patterns, each placed at a coordinate, runnable Python code with verified engineering slices from Claude Code, Aider, OpenHands, DeerFlow. Companion to Designing AI Agents (Manning) by Jia Huang.",https://github.com/huangjia2019/agent-design-patterns,,https://github.com/huangjia2019/agent-design-patterns,,GitHub API,https://github.com/huangjia2019/agent-design-patterns,False,False,False
tool_6d9596c8b4049521,Spark-X2.5,Spark-x2.5 open model series. Pushing the Limits of Agentic Capabilities in On-Device Models,https://xhtoken.ai,,https://github.com/XHToken/Spark-X2.5,,GitHub API,https://github.com/XHToken/Spark-X2.5,False,False,False
tool_b699ac727f631887,huddol,Run your own organization of agents,https://github.com/ImFeH2/huddol,,https://github.com/ImFeH2/huddol,,GitHub API,https://github.com/ImFeH2/huddol,False,False,False
tool_93e7d5dbca61b86b,bkmr,Knowledge Management for Humans and Agents,https://github.com/sysid/bkmr,,https://github.com/sysid/bkmr,,GitHub API,https://github.com/sysid/bkmr,False,False,False
tool_c63d406bc4df5f54,feishu-docx,"🚀 Feishu/Lark Docs、Sheet、Bitable <-> Markdown | AI Agent-friendly knowledge base exporter and writer with OAuth 2.0, CLI, TUI & Claude Skills support - 飞书文档 <写入/导出> Markdown | AI Agent 友好型导出-写入工具",https://github.com/leemysw/feishu-docx,,https://github.com/leemysw/feishu-docx,,GitHub API,https://github.com/leemysw/feishu-docx,False,False,False
tool_391889cc98f0ce96,nextclaw,A human-centered long-term AI partner—not a task-centered assistant.,https://nextclaw.io,,https://github.com/Peiiii/nextclaw,,GitHub API,https://github.com/Peiiii/nextclaw,False,False,False
tool_ab241004344c1999,oracle3,Prediction-market trading engine — Wang Transform pricing on 291K+ contracts; paper-traded across Kalshi · Polymarket · Solana DFlow (Jito bundles) · 633 tests,https://yichengyang-ethan.github.io/oracle3,,https://github.com/YichengYang-Ethan/oracle3,,GitHub API,https://github.com/YichengYang-Ethan/oracle3,False,False,False
tool_48a9d8617500cca7,Sico,"An open-source Digital Worker platform for reliable execution, continuous co-evolution, and building Enterprise AI assets.",https://github.com/microsoft/Sico,,https://github.com/microsoft/Sico,,GitHub API,https://github.com/microsoft/Sico,False,False,False
tool_45c253cefcc4e6e7,kavach,Tactical AI Workspace Monitor & EDR,https://github.com/LucidAkshay/kavach,,https://github.com/LucidAkshay/kavach,,GitHub API,https://github.com/LucidAkshay/kavach,False,False,False
tool_40da09a86c9af0d7,event-deep-research,AI Agent that researches the lives of historical figures and extracts events into structured JSON timelines using LangGraph multi-agent orchestration.,https://github.com/bernatsampera/event-deep-research,,https://github.com/bernatsampera/event-deep-research,,GitHub API,https://github.com/bernatsampera/event-deep-research,False,False,False
tool_21f07f090338e136,OrcaReplay,"OrcaReplay — Time travel for AI agents. Record, replay, fork, and debug any agent run with any model. Built by the OrcaRouter.ai team.",http://orcarouter.ai,,https://github.com/Continuum-AI-Corp/OrcaReplay,,GitHub API,https://github.com/Continuum-AI-Corp/OrcaReplay,False,False,False
tool_3a98ff477af35971,Loomic,Open-source AI canvas design agent — alternative to Lovart / CapCut Video Studio / Canva AI. Chat-driven image & video generation on an infinite canvas.,https://loomic-one.vercel.app,,https://github.com/fancyboi999/Loomic,,GitHub API,https://github.com/fancyboi999/Loomic,False,False,False
tool_bb43f256b936a1c1,seobuild-onpage,"SEOBuild Onpage - The first AI agent that writes pages Google ranks AND LLMs cite. One command in, ranking page out. Built on DeerFlow, powered by 2026 SEO + GEO strategies tested / working. Forensic competitive analysis, 500-token chunk architecture, entity consensus, verification tags. BYOK GSC, DataforSEO. Works w/ OpenClaw, Claude Code, Codex",https://github.com/gbessoni/seobuild-onpage,,https://github.com/gbessoni/seobuild-onpage,,GitHub API,https://github.com/gbessoni/seobuild-onpage,False,False,False
tool_28a78a1ec50a8eb5,Noobi.ai,"Local-first desktop agent that turns a prompt into a reviewed, playable browser game with Codex App Server.",https://github.com/Innate-Labs/Noobi.ai,,https://github.com/Innate-Labs/Noobi.ai,,GitHub API,https://github.com/Innate-Labs/Noobi.ai,False,False,False
tool_e5455138deec168a,ZeroScript-Free,"ZeroScript Free: Turn ChatGPT, DeepSeek, Gemini, Kimi, GLM, Qwen, Arena or Meta AI into a Roblox Studio agent. Browser extension + local bridge. Read/edit scripts, run Luau, generate assets, all from chat. Robust agentic loop. No terminal needed.",https://discord.gg/D5G2HAzX8z,,https://github.com/sebattfg/ZeroScript-Free,,GitHub API,https://github.com/sebattfg/ZeroScript-Free,False,False,False
tool_0df94a9735121edf,Spice,"A decision brain for agentic systems: perceive context, compare options, and control execution.",https://pypi.org/project/spice-runtime,,https://github.com/Dyalwayshappy/Spice,,GitHub API,https://github.com/Dyalwayshappy/Spice,False,False,False
tool_9a7963e5910965ee,agent-desk,"Open-source AI customer support system. AI-first support, human-ready operations.",https://agent-desk.huabei.pro,,https://github.com/huabeitech/agent-desk,,GitHub API,https://github.com/huabeitech/agent-desk,False,False,False
tool_7fd5f5c9cf2cd3a6,ContribAI,Maintainer-governed agent for evidence-backed open-source contribution proposals,https://contribai-topaz.vercel.app,,https://github.com/tang-vu/ContribAI,,GitHub API,https://github.com/tang-vu/ContribAI,False,False,False
tool_8b76516b93b17c28,agent-browser-mcp,让 Agent 直接操作真实 Chrome 的 MCP 服务，支持页面扫描、CDP、截图与物理输入,https://github.com/335234131/agent-browser-mcp,,https://github.com/335234131/agent-browser-mcp,,GitHub API,https://github.com/335234131/agent-browser-mcp,False,False,False
tool_d2915a4a57156959,dorabot,"macOS app for 24/7 AI agents in an IDE with memory, scheduled tasks, browser use + access to Whatsapp, Telegram, Slack.",https://dora.so,,https://github.com/suitedaces/dorabot,,GitHub API,https://github.com/suitedaces/dorabot,False,False,False
tool_9cfb3268dfb1929f,claude-code-android,"Run Claude Code natively on Android via Termux or AVF (Android Virtualization Framework) -- no desktop, no SSH, no root required.",https://ferrumclaudepilgrim.com,,https://github.com/ferrumclaudepilgrim/claude-code-android,,GitHub API,https://github.com/ferrumclaudepilgrim/claude-code-android,False,False,False
tool_7ba2ffe76a9b2086,google-analytics-mcp,"Google Analytics 4 data to AI agents, agentic workflows, and MCP clients. Give agents analysis-ready access to website traffic, user behavior, and performance data with schema discovery, server-side aggregation, and safe defaults that reduce data wrangling.",https://ga4mcp.com,,https://github.com/surendranb/google-analytics-mcp,,GitHub API,https://github.com/surendranb/google-analytics-mcp,False,False,False
tool_52cc83d73a3704bb,social-account-doctor,"小红书/抖音/快手/视频号/B站 自媒体账号体检+爆款拆解工具。扫同赛道找对标、拆爆款为什么爆、诊断为什么没人看，顺手出可粘贴仿写初稿。支持带货电商模式。支持codex, claude code, workbuddy",https://github.com/JuneYaooo/social-account-doctor,,https://github.com/JuneYaooo/social-account-doctor,,GitHub API,https://github.com/JuneYaooo/social-account-doctor,False,False,False
tool_2fd64f5f2f458fa1,code-abyss,"Give your AI coding agent a personality. Composable persona + style + skills for Claude Code, Codex, Gemini CLI & OpenClaw. Ships Tech Persona Card v1.0 spec.",https://npmjs.com/package/code-abyss,,https://github.com/telagod/code-abyss,,GitHub API,https://github.com/telagod/code-abyss,False,False,False
tool_31fa5855399a34e9,bitget-wallet-skill,"AI agent skill for Bitget Wallet — token swap, cross-chain bridge, and gasless transactions via Order Mode API. Supports 7 EVM chains + Solana.",https://web3.bitget.com,,https://github.com/bitget-wallet-ai-lab/bitget-wallet-skill,,GitHub API,https://github.com/bitget-wallet-ai-lab/bitget-wallet-skill,False,False,False
tool_b6fb856e0da52b2f,paragents,"Parallel ai-agent sessions in one panel, with permission-aware tools, preflight conflict checks.",https://github.com/FrankHui/paragents,,https://github.com/FrankHui/paragents,,GitHub API,https://github.com/FrankHui/paragents,False,False,False
tool_048d6450c92e6aab,Crayotter,"🦦 Crayotter: A Multimodal AI-Agent for Video-Editing, Video-Composing, and Video Production. Powered by Multimodal LLMs for autonomous Text-to-Video agentic framework. | 基于多模态大模型 (Multimodal LLMs) 的 AI 剪辑智能体，支持从文字需求到视频成品的端到端全自动生产与创作。",https://idwts.github.io/Crayotter,,https://github.com/idwts/Crayotter,,GitHub API,https://github.com/idwts/Crayotter,False,False,False
tool_30c8461c7179653a,mue-x,The first self-evolving AI agent. Rewrites its own source code in real-time. 6 AST mutation strategies. Absorbs GitHub repos autonomously. 7 autonomic drives. Standalone CLI. Works anywhere.,https://x.com/korro_ai,,https://github.com/KorroAi/mue-x,,GitHub API,https://github.com/KorroAi/mue-x,False,False,False
tool_84e4e439841085c1,agent-launcher,Configure and run existing coding-agent CLIs from one desktop app.,https://github.com/agent-launch/agent-launcher,,https://github.com/agent-launch/agent-launcher,,GitHub API,https://github.com/agent-launch/agent-launcher,False,False,False
tool_1360bc1848e90b6d,deepseek-harness-android-app,DeepSeek Harness 手机版：可直接安装的 Android APK，AI 免 Root 操作手机（Shizuku/root 可选），文件编辑只需所有文件访问权限，前台保活 + AI 通知,https://github.com/woaiys3/deepseek-harness-android-app,,https://github.com/woaiys3/deepseek-harness-android-app,,GitHub API,https://github.com/woaiys3/deepseek-harness-android-app,False,False,False
tool_95f239d292db611f,go_binance_futures,AI agent + 币安合约量化 + 模拟交易 + 历史回测,https://github.com/sorry510/go_binance_futures,,https://github.com/sorry510/go_binance_futures,,GitHub API,https://github.com/sorry510/go_binance_futures,False,False,False
tool_f922ac8748c52096,cc-harness-skills,"Portable CC-inspired skills for memory, verification, multi-agent coordination, context compression, and proactive coding-agent workflows.",https://github.com/LearnPrompt/cc-harness-skills,,https://github.com/LearnPrompt/cc-harness-skills,,GitHub API,https://github.com/LearnPrompt/cc-harness-skills,False,False,False
tool_d886eac72e5b2ab7,hh-ai-agent,hh.ru аи бот для откликов,https://github.com/fikstt2/hh-ai-agent,,https://github.com/fikstt2/hh-ai-agent,,GitHub API,https://github.com/fikstt2/hh-ai-agent,False,False,False
tool_7203f763553abee0,AgenticX,"AgenticX is a unified, production-ready multi-agent platform — Python SDK + CLI (agx) + Studio server + Machi desktop app. Features Meta-Agent orchestration, 15+ LLM providers, MCP Hub, hierarchical memory, avatar & group chat, skill ecosystem, safety sandbox, and IM gateway (Feishu/WeChat).",https://agxbuilder.com,,https://github.com/DemonDamon/AgenticX,,GitHub API,https://github.com/DemonDamon/AgenticX,False,False,False
tool_3a5c1f43212a57b2,siclaw,"AI-powered SRE platform — read-only infrastructure diagnostics with deep investigation, security governance, and team collaboration",https://siclaw.ai,,https://github.com/scitix/siclaw,,GitHub API,https://github.com/scitix/siclaw,False,False,False
tool_867ecaef858ee5da,IDA-Skill,使用skill让 AI Agent 像安全分析师一样分析恶意样本 | AI Agent skill for automated malware analysis using IDA Pro,https://github.com/miunasu/IDA-Skill,,https://github.com/miunasu/IDA-Skill,,GitHub API,https://github.com/miunasu/IDA-Skill,False,False,False
tool_65463576b6149267,poirot,Poirot is a deep research agent kernel built for those who care about how agents are architected.,https://github.com/HezaoHezao/poirot,,https://github.com/HezaoHezao/poirot,,GitHub API,https://github.com/HezaoHezao/poirot,False,False,False
tool_c4087f4fd758de8f,ai4s-skills,"Open-source agent skills for AI for Science: topic exploration, literature survey, experiments, paper writing, and integrity audit — driven by any coding agent.",https://github.com/ai4s-research/ai4s-skills,,https://github.com/ai4s-research/ai4s-skills,,GitHub API,https://github.com/ai4s-research/ai4s-skills,False,False,False
tool_11430a0569cbaf65,agent-audit,"Static security scanner for LLM agents — prompt injection, MCP config auditing, taint analysis. 51 rules mapped to OWASP Agentic Top 10 (2026). Works with LangChain, CrewAI, AutoGen.",https://headyzhang.github.io/agent-audit,,https://github.com/HeadyZhang/agent-audit,,GitHub API,https://github.com/HeadyZhang/agent-audit,False,False,False
tool_e7102887e24120cc,doubao2api,"Reverse-engineered Doubao (豆包) API → OpenAI-compatible REST service. Free multimodal chat, image/video/music generation, and file hosting for AI agents.",https://wangchuxiaoji-oss.github.io/doubao2api,,https://github.com/wangchuxiaoji-oss/doubao2api,,GitHub API,https://github.com/wangchuxiaoji-oss/doubao2api,False,False,False
tool_d9f11ead95103700,agent_hub,"Official Bitget Agent Hub — open-source AI toolkit connecting Claude, Cursor, Codex & ChatGPT to Bitget crypto trading (89 UTA v3 ops) and market analysis. Central installer for CLI, MCP, SDK, skills & signals.",https://github.com/Bitget-AI/agent_hub,,https://github.com/Bitget-AI/agent_hub,,GitHub API,https://github.com/Bitget-AI/agent_hub,False,False,False
tool_6b89714684dc0ccd,Reviva,"Local-first AI learning workspace — ask, note, review and create around your own materials. Wiki KB, Agents, Skills,   creation tools.AI 学习工作台，围绕你的资料完成问答、笔记、复习和创作输出。本地优先，多模型，Wiki 知识库，AI Agent，创作工具。",https://github.com/mingchen666/Reviva,,https://github.com/mingchen666/Reviva,,GitHub API,https://github.com/mingchen666/Reviva,False,False,False
tool_fb31cf5e8f488481,skilless.ai,"skilless.ai gives your AI Agents real data capabilities - web search, web scraping, video download/subtitle extraction, and media processing. One-line install, works with OpenCode, Cursor, Claude Code, and any AI agent that reads skill files.",https://skilless.ai,,https://github.com/BrikerMan/skilless.ai,,GitHub API,https://github.com/BrikerMan/skilless.ai,False,False,False
tool_0d5e4c542d994448,kheish,"Orchestration engine for long-running, tool-using AI agents",https://kheish.ai,,https://github.com/graniet/kheish,,GitHub API,https://github.com/graniet/kheish,False,False,False
tool_3e2f17c753aba1d5,CodeAlta,Your efficient agentic AI coding CLI assistant,https://codealta.github.io,,https://github.com/CodeAlta/CodeAlta,,GitHub API,https://github.com/CodeAlta/CodeAlta,False,False,False
tool_3c6adf7d0520761d,runjam,"One desktop for all your AI coding Agent — Claude Code, Codex CLI & Gemini CLI. Auto-detect, one-click install, unified chat, file explorer, terminal & editor. Local-first. Built with Tauri + Rust + Vue 3.",https://runjam.app,,https://github.com/peintune/runjam,,GitHub API,https://github.com/peintune/runjam,False,False,False
tool_c185fe4bb0e624bc,bitrouter,"The context-aware model router that learns & adapts to your long-horizon coding agent workflows. Lightweight & extensible, works with any harnesses, any models, any loops.",https://bitrouter.ai,,https://github.com/bitrouter/bitrouter,,GitHub API,https://github.com/bitrouter/bitrouter,False,False,False
tool_e1765b45d681e84e,kubeterm,Graphical management tool for Kubernetes on desktop and mobile.,https://kubeterm.com,,https://github.com/kbterm/kubeterm,,GitHub API,https://github.com/kbterm/kubeterm,False,False,False
tool_8442007e5a17b7cb,saas-builder,AI-native SaaS framework that builds full-stack apps using autonomous AI agents,https://gocodeo.com,,https://github.com/jatingargiitk/saas-builder,,GitHub API,https://github.com/jatingargiitk/saas-builder,False,False,False
tool_3ed8938ea6e24d05,Amadeus,Real-time multimodal desktop agent evolving toward a persistent AI OS interface (0.15 α).,https://github.com/Code-Amadeus/Amadeus,,https://github.com/Code-Amadeus/Amadeus,,GitHub API,https://github.com/Code-Amadeus/Amadeus,False,False,False
tool_d5ee415a116506dc,Awsome_AI_Agents,This is end to end course on AI Agents and Agentic AI with 15+ AI Agent Projects with real time use cases and industry expertise.,https://github.com/simranjeet97/Awsome_AI_Agents,,https://github.com/simranjeet97/Awsome_AI_Agents,,GitHub API,https://github.com/simranjeet97/Awsome_AI_Agents,False,False,False
tool_0f77719ea8b83a2b,red,:memo: Vimlike Modal Text Editor in Rust,https://rededitor.app,,https://github.com/codersauce/red,,GitHub API,https://github.com/codersauce/red,False,False,False
tool_2cc3dbc6725c1c3b,gograph,"Local-only Go static analysis engine with a built-in MCP server. Gives AI coding agents deterministic structural awareness: call graphs, impact analysis, symbol search, and more.",https://gograph.identuum.ai,,https://github.com/ozgurcd/gograph,,GitHub API,https://github.com/ozgurcd/gograph,False,False,False
tool_769f6d3d3b7f2567,Liyuan,梨园 Liyuan — 以 rp agent为主体的ai角色扮演应用,https://github.com/weidu12123/Liyuan,,https://github.com/weidu12123/Liyuan,,GitHub API,https://github.com/weidu12123/Liyuan,False,False,False
tool_9d8a4d60bafa5f87,hermes-relay,"Hermes-Relay — Your Hermes AI agent, in your pocket — chat, voice, and control.",https://hermes-relay.dev,,https://github.com/Codename-11/hermes-relay,,GitHub API,https://github.com/Codename-11/hermes-relay,False,False,False
tool_7387a6c9e15f42b3,agenticmail,"Email, SMS & phone-call infrastructure for AI agents — send and receive real email and text messages, and place agent-driven outbound voice calls, all programmatically",https://npmjs.com/package/agenticmail,,https://github.com/agenticmail/agenticmail,,GitHub API,https://github.com/agenticmail/agenticmail,False,False,False
tool_7b8912094d572ddb,LoomFlow,"Lightweight AI-native workflow builder for individuals and small teams — describe your idea in natural language, get a runnable workflow on a visual canvas, publish it as an API. One-command Docker self-hosting. Open-source alternative to Dify / n8n.",https://loom-flow-ashen.vercel.app,,https://github.com/banmu123/LoomFlow,,GitHub API,https://github.com/banmu123/LoomFlow,False,False,False
tool_b92cb64dbefe5284,mirroir-mcp,"MCP server for controlling a real iPhone via macOS iPhone Mirroring...and any MacOs app. Screenshot, tap, swipe, type — from any MCP client.",https://mirroir.dev,,https://github.com/jfarcand/mirroir-mcp,,GitHub API,https://github.com/jfarcand/mirroir-mcp,False,False,False
tool_3bb3032f9b389eb9,contrabass,🎸 A project-level orchestrator for AI coding agents — Go & Charm stack implementation of OpenAI's Symphony,https://contrabass.dev,,https://github.com/junhoyeo/contrabass,,GitHub API,https://github.com/junhoyeo/contrabass,False,False,False
tool_796e3649a47a3432,open-claude-in-chrome,"Claude in Chrome, reverse-engineered and open-source. No domain blocklist. Any Chromium browser. Same 18 MCP tools, same performance.",https://github.com/noemica-io/open-claude-in-chrome,,https://github.com/noemica-io/open-claude-in-chrome,,GitHub API,https://github.com/noemica-io/open-claude-in-chrome,False,False,False
tool_383e27d2a936b8a2,MineEcho,"Local-first Memory OS for personal AI assistants with L0-L3 memory, Wiki++ knowledge, skill routing, and TokenLess context compression.",https://github.com/Health-Yang/MineEcho,,https://github.com/Health-Yang/MineEcho,,GitHub API,https://github.com/Health-Yang/MineEcho,False,False,False
tool_93b4df8f8e486ec6,goofish-cli,闲鱼 CLI · 原生支持 MCP · 为 AI Agent 而生 | Goofish (Xianyu) automation CLI · MCP-ready · Built for AI Agents,https://github.com/fancyboi999/goofish-cli,,https://github.com/fancyboi999/goofish-cli,,GitHub API,https://github.com/fancyboi999/goofish-cli,False,False,False
tool_c83c4083c30d6849,omega-memory,Persistent memory for AI coding agents,https://omegamax.co,,https://github.com/omega-memory/omega-memory,,GitHub API,https://github.com/omega-memory/omega-memory,False,False,False
tool_9c2e182f36387e18,ai-agent-skill-for-video-workflow,這是一個專為影片字幕處理設計的 AI Agent Skills 集合，提供從音訊轉字幕、優化字幕、設計字卡到生成社群媒體摘要的完整工作流程。,https://youtu.be/xe00zJEtuMo,,https://github.com/dean9703111/ai-agent-skill-for-video-workflow,,GitHub API,https://github.com/dean9703111/ai-agent-skill-for-video-workflow,False,False,False
tool_f1fa726ba5c7e10b,codehamr,"A minimal, local-first coding agent for the terminal.",https://codehamr.com,,https://github.com/codehamr/codehamr,,GitHub API,https://github.com/codehamr/codehamr,False,False,False
tool_f191dfefee62b6d2,zhijian-ai-bluebook-workbuddy-harness,智见 AI 蓝皮书：拆解 WorkBuddy 的提示词、记忆、插件、专家、Skill 与安全边界。,https://zjp1997720.github.io/zhijian-ai-bluebook-workbuddy-harness,,https://github.com/zjp1997720/zhijian-ai-bluebook-workbuddy-harness,,GitHub API,https://github.com/zjp1997720/zhijian-ai-bluebook-workbuddy-harness,False,False,False
tool_151b0be4be1a6ea9,pi-desktop,"A local-first, cross-platform Electron desktop workspace for Pi Coding Agent, with sessions, project files, browser tools, skills, plugins, and messaging integrations.",https://pi-desktop.app,,https://github.com/DLYZZT/pi-desktop,,GitHub API,https://github.com/DLYZZT/pi-desktop,False,False,False
tool_5a31f247453b582e,polymarket-whale-watcher,"AI-powered whale trade surveillance for Polymarket — real-time monitoring of 700+ markets, 14 autonomous research tools, 7-step deep analysis with information asymmetry    scoring.",https://github.com/chaoleiyv/polymarket-whale-watcher,,https://github.com/chaoleiyv/polymarket-whale-watcher,,GitHub API,https://github.com/chaoleiyv/polymarket-whale-watcher,False,False,False
tool_29b17efe6e9c001d,node9-proxy,"The Execution Security Layer for the Agentic Era. Providing deterministic ""Sudo"" governance and audit logs for autonomous AI agents.",https://node9.ai,,https://github.com/node9-ai/node9-proxy,,GitHub API,https://github.com/node9-ai/node9-proxy,False,False,False
tool_885f5bf8929180bb,iva-agent,AI assistant in Telegram that remembers everything and helps you run your life. Self-hosted in one command.,https://iva-agent.com,,https://github.com/smixs/iva-agent,,GitHub API,https://github.com/smixs/iva-agent,False,False,False
tool_0b93868636bf8eef,graphmind,"Local-first code intelligence for AI assistants. Turns your codebase into a knowledge graph your AI can query, navigate, and remember. 25 MCP tools.",https://getgraphmind.com,,https://github.com/aouicher/graphmind,,GitHub API,https://github.com/aouicher/graphmind,False,False,False
tool_c68e154083fc7dc6,semble_rs,"Fast, AI-agent-native code search in Rust — hybrid BM25 + semantic, Tree-sitter AST chunking, dependency & impact analysis. Drop-in replacement for grep/cat/read/ls in Claude Code, Codex, Cursor, Aider, OpenHands.",https://github.com/johunsang/semble_rs,,https://github.com/johunsang/semble_rs,,GitHub API,https://github.com/johunsang/semble_rs,False,False,False
tool_4d64d86766296801,ai-free,"Open-source local AI client and coding agent for DeepSeek, Qwen, ChatGPT and EconomyOS with memory, voice, browser tools, OpenAI/Anthropic-compatible APIs and VS Code.",https://github.com/Staks-sor/ai-free,,https://github.com/Staks-sor/ai-free,,GitHub API,https://github.com/Staks-sor/ai-free,False,False,False
tool_3627c2c1bbe0ec0c,hermes-agent,The agent that grows with you,https://hermes-agent.nousresearch.com,,https://github.com/NousResearch/hermes-agent,,GitHub API,https://github.com/NousResearch/hermes-agent,False,False,False
tool_715cf4a4a3b7f41c,Front-End-Checklist,"🗂 The essential checklist for modern web development, for humans and AI agents",https://frontendchecklist.io,,https://github.com/thedaviddias/Front-End-Checklist,,GitHub API,https://github.com/thedaviddias/Front-End-Checklist,False,False,False
tool_1d1a7a056c57a666,career-ops,"Open-source AI job search: scan job portals, evaluate listings into a structured A-H report with a global 1-5 score, tailor your CV, track applications — runs locally in your AI coding CLI (Claude Code, Codex, OpenCode, Antigravity…)",https://career-ops.org,,https://github.com/career-ops-hq/career-ops,,GitHub API,https://github.com/career-ops-hq/career-ops,False,False,False
tool_32871650545c1189,daily_stock_analysis,"LLM 驱动的多市场股票智能分析系统：多源行情、实时新闻、决策看板与自动推送，支持零成本定时运行。  LLM-powered multi-market stock analysis system with multi-source market data, real-time news, decision dashboard, automated notifications, and cost-free scheduled runs.",https://dsa.zhulinsen.tech,,https://github.com/ZhuLinsen/daily_stock_analysis,,GitHub API,https://github.com/ZhuLinsen/daily_stock_analysis,False,False,False
tool_59a5bf49494d6385,ppt-master,"AI turns documents or topics into real, native PowerPoint decks—with native shapes, transitions and animations, data-backed charts and tables on demand, audio narration from speaker notes, and support for your own .pptx templates. · by Hugo He",https://hugohe3.github.io/ppt-master-examples,,https://github.com/hugohe3/ppt-master,,GitHub API,https://github.com/hugohe3/ppt-master,False,False,False
tool_f1dc1a240d8d786f,cherry-studio,"AI productivity studio with smart chat, autonomous agents, and 300+ assistants. Unified access to frontier LLMs",https://cherryai.com,,https://github.com/CherryHQ/cherry-studio,,GitHub API,https://github.com/CherryHQ/cherry-studio,False,False,False
tool_955018d1ff0d5243,nanobot,"Ultra-lightweight, open-source, self-hosted personal AI agent framework in Python with WebUI, tools, memory, MCP, multi-agent workflows, automation, and chat apps",https://nanobot.wiki,,https://github.com/HKUDS/nanobot,,GitHub API,https://github.com/HKUDS/nanobot,False,False,False
tool_da1cf11541229c29,ai-agent-book,《深入理解 AI Agent：设计原理与工程实践》（李博杰 著）开源主仓库：全书正文、编译版 PDF 与按章配套代码,https://github.com/bojieli/ai-agent-book,,https://github.com/bojieli/ai-agent-book,,GitHub API,https://github.com/bojieli/ai-agent-book,False,False,False
tool_6e2137743f9ea0b0,CowAgent,"Open-source super AI assistant & Agent Harness. Plans tasks, runs tools and skills, self-evolves with memory and knowledge. Multi-agent, multi-model, multi-channel. Lightweight, extensible, one-line install. (formerly chatgpt-on-wechat)",https://cowagent.ai,,https://github.com/zhayujie/CowAgent,,GitHub API,https://github.com/zhayujie/CowAgent,False,False,False
tool_38ab9779abda765d,siyuan,"An open-source, privacy-first, self-hosted knowledge workspace where humans and AI agents work together 开源、隐私优先、自托管的知识工作空间，让人与智能体在此协作",https://b3log.org/siyuan,,https://github.com/siyuan-note/siyuan,,GitHub API,https://github.com/siyuan-note/siyuan,False,False,False
tool_d62c0152b9c5d36a,Codewhale,"Open-source coding agent for your terminal, built in Rust and on a journey of continuous community improvement. Issues and PRs welcome.",https://codewhale.net,,https://github.com/Hmbown/Codewhale,,GitHub API,https://github.com/Hmbown/Codewhale,False,False,False
tool_b67c8273e5b5f439,CopilotKit,"The Frontend Stack for Agents & Generative UI. React, Angular, Mobile, Slack, and more.  Makers of the AG-UI Protocol",https://docs.copilotkit.ai,,https://github.com/CopilotKit/CopilotKit,,GitHub API,https://github.com/CopilotKit/CopilotKit,False,False,False
tool_aa973277fc0ccd81,DeepSeek-Reasonix,DeepSeek-native AI coding agent for your terminal. Engineered around prefix-cache stability — leave it running.,http://reasonix.io,,https://github.com/esengine/DeepSeek-Reasonix,,GitHub API,https://github.com/esengine/DeepSeek-Reasonix,False,False,False
tool_1e5098d78be0cd24,Vibe-Trading,"""Vibe-Trading: Your Personal Trading Agent""",https://vibetrading.wiki,,https://github.com/HKUDS/Vibe-Trading,,GitHub API,https://github.com/HKUDS/Vibe-Trading,False,False,False
tool_fc716c13a0679299,AionUi,"Open-source 24/7 Cowork app for OpenClaw, Hermes, Claude Code, Codex, OpenCode and 20+ more CLI Agent | Customize your assistants | Team them up｜Star if you like it!",https://aionui.com,,https://github.com/iOfficeAI/AionUi,,GitHub API,https://github.com/iOfficeAI/AionUi,False,False,False
tool_a4b0d1de13414111,AIHawk,"Anti detect browser and web browsing agent: an open-source MCP server for undetected browsing, AI web scraping and computer use agents. No captchas.",https://github.com/feder-cr/AIHawk,,https://github.com/feder-cr/AIHawk,,GitHub API,https://github.com/feder-cr/AIHawk,False,False,False
tool_839d5c84ac05065b,oh-my-pi,⌥ Coding agent with the IDE wired in,https://omp.sh,,https://github.com/can1357/oh-my-pi,,GitHub API,https://github.com/can1357/oh-my-pi,False,False,False
tool_69893ef4641ba065,qwen-code,An open-source AI coding agent that lives in your terminal.,https://qwenlm.github.io/qwen-code-docs/en/users/overview,,https://github.com/QwenLM/qwen-code,,GitHub API,https://github.com/QwenLM/qwen-code,False,False,False
tool_a2fb312468cfba72,TencentDB-Agent-Memory,"TencentDB Agent Memory is a team-level memory hub for AI Agents — turning conversations, docs, and code into four reusable memory assets (Chat Memory, Skill, LLM-Wiki, Code-Graph) that are governed, shared, and equipped across agents and frameworks.",https://github.com/TencentCloud/TencentDB-Agent-Memory,,https://github.com/TencentCloud/TencentDB-Agent-Memory,,GitHub API,https://github.com/TencentCloud/TencentDB-Agent-Memory,False,False,False
tool_0540f9337703dc2a,guizang-ppt-skill,"AI-agent Skill for generating polished HTML slide decks: editorial magazine and Swiss layouts, image prompts, social covers, and a WebGL/low-power presentation runtime.",https://github.com/op7418/guizang-ppt-skill,,https://github.com/op7418/guizang-ppt-skill,,GitHub API,https://github.com/op7418/guizang-ppt-skill,False,False,False
tool_51407970515b98bf,distilly,Distilly — Distill how they think into reusable Skills for any Agent or Bot. Formerly Colleague Skill（原同事 Skill）.,https://github.com/titanwings/distilly,,https://github.com/titanwings/distilly,,GitHub API,https://github.com/titanwings/distilly,False,False,False
tool_30f68ab9f3dbe566,activepieces,AI Agents & MCPs & AI Workflow Automation • (~400 MCP servers for AI agents) • AI Automation / AI Agent with MCPs • AI Workflows & AI Agents • MCPs for AI Agents,https://activepieces.com,,https://github.com/activepieces/activepieces,,GitHub API,https://github.com/activepieces/activepieces,False,False,False
tool_73432486cedac02f,cua,"Scale computer-use 2.0 with open-source drivers, cross-OS fleets, and benchmarks for training, evaluation, and data generation.",https://cua.ai,,https://github.com/trycua/cua,,GitHub API,https://github.com/trycua/cua,False,False,False
tool_bc13d70401adba41,teable,✨ AI Spreadsheet for Business,https://teable.ai,,https://github.com/teableio/teable,,GitHub API,https://github.com/teableio/teable,False,False,False
tool_80472f3e4e6dc90e,ai-guide,程序员鱼皮的 AI 资源大全 + Vibe Coding 零基础教程，分享 OpenClaw 保姆级教程、大模型玩法（DeepSeek / GPT / Gemini / Claude / GLM）、最新 AI 资讯、Prompt 提示词大全、AI 知识百科（Agent Skills / RAG / MCP / A2A）、AI 编程教程（Harness Engineering）、AI 工具用法（Cursor / Claude Code / TRAE / Codex / Copilot）、AI 开发框架教程（Spring AI / LangChain）、AI 产品变现指南，帮你快速掌握 AI 技术，走在时代前沿。本项目为开源文档 aiguide，已升级为鱼皮 AI 导航网站,https://ai.codefather.cn,,https://github.com/liyupi/ai-guide,,GitHub API,https://github.com/liyupi/ai-guide,False,False,False
tool_fc3e57dceeded5ca,jcode,The most RAM efficient harness,https://jcode.sh,,https://github.com/1jehuang/jcode,,GitHub API,https://github.com/1jehuang/jcode,False,False,False
tool_28994d1b74b63d03,browser-harness,Browser Harness | Self-healing harness that enables LLMs to complete any task.,https://browser-harness.com,,https://github.com/browser-use/browser-harness,,GitHub API,https://github.com/browser-use/browser-harness,False,False,False
tool_08bdbefe9dc33d63,leon,🧠 Leon is your open-source personal assistant.,https://getleon.ai,,https://github.com/leon-ai/leon,,GitHub API,https://github.com/leon-ai/leon,False,False,False
tool_641291b45da7e23a,web-ui,🖥️ Run AI Agent in your browser.,https://github.com/browser-use/web-ui,,https://github.com/browser-use/web-ui,,GitHub API,https://github.com/browser-use/web-ui,False,False,False
tool_f26affdce482a030,ai-berkshire,AI 时代的伯克希尔：基于 Claude Code / Codex 的价值投资研究框架。巴菲特·芒格·段永平·李录四大师方法论 + 多Agent并行研究。| AI-era Berkshire: a value investing research framework built for Claude Code / Codex. 4 masters' methodologies + multi-agent adversarial analysis.,https://github.com/xbtlin/ai-berkshire,,https://github.com/xbtlin/ai-berkshire,,GitHub API,https://github.com/xbtlin/ai-berkshire,False,False,False
tool_881ab29520da3c99,ego-lite,"The fastest browser for AI agents to run browser automation, built for sharing your logged-in browser state with your AI agents, like Codex or Claude Code, without disturbing you. Zero cost, zero config.",https://lite.ego.app,,https://github.com/citrolabs/ego-lite,,GitHub API,https://github.com/citrolabs/ego-lite,False,False,False
tool_58cd4c370083d932,OpenSandbox,"Secure, Fast, and Extensible Sandbox runtime for AI agents.",https://open-sandbox.ai,,https://github.com/opensandbox-group/OpenSandbox,,GitHub API,https://github.com/opensandbox-group/OpenSandbox,False,False,False
tool_27ab0a30c8e7d4d8,learn-harness-engineering,"Harness engineering beginner tutorial, from 0 to 1",https://walkinglabs.github.io/learn-harness-engineering,,https://github.com/walkinglabs/learn-harness-engineering,,GitHub API,https://github.com/walkinglabs/learn-harness-engineering,False,False,False
tool_176bae7d45e1a3c2,cc-haha,"Local-first cross-platform desktop workspace for Claude Code / agents: multi-agent, Git worktrees, code diffs, skill marketplace, multi-model, Computer Use, task-aware desktop pets, with WeChat, Feishu, DingTalk, Telegram, WhatsApp and H5 access.",https://github.com/NanmiCoder/cc-haha,,https://github.com/NanmiCoder/cc-haha,,GitHub API,https://github.com/NanmiCoder/cc-haha,False,False,False
tool_bcd0e090f344ff92,hermes-desktop,Desktop Companion for Hermes Agent,https://hermesone.org,,https://github.com/fathah/hermes-desktop,,GitHub API,https://github.com/fathah/hermes-desktop,False,False,False
tool_df84e9142bfef913,GenericAgent,"Self-evolving agent: grows skill tree from 3.3K-line seed, achieving full system control with 6x less token consumption",https://github.com/lsdefine/GenericAgent,,https://github.com/lsdefine/GenericAgent,,GitHub API,https://github.com/lsdefine/GenericAgent,False,False,False
tool_fa83407901456fe7,waoowaoo,首家工业级全流程 AI 影视生产平台。Industry-first professional AI Agent platform for controllable film & video production. From shorts to live-action with Hollywood-standard workflows.,https://github.com/waooAI/waoowaoo,,https://github.com/waooAI/waoowaoo,,GitHub API,https://github.com/waooAI/waoowaoo,False,False,False
tool_07cf68e0a58ea5a9,E2B,"Open-source, secure environment with real-world tools for enterprise-grade agents.",https://docs.e2b.dev,,https://github.com/e2b-dev/E2B,,GitHub API,https://github.com/e2b-dev/E2B,False,False,False
tool_780f71f6927b7622,ian-xiaohei-illustrations,中文小黑怪诞正文配图生成 Skill | 16:9 白底手绘 | 少量红橙蓝批注 | Codex Skill,https://ianneo.xyz,,https://github.com/helloianneo/ian-xiaohei-illustrations,,GitHub API,https://github.com/helloianneo/ian-xiaohei-illustrations,False,False,False
tool_d2bc1b6ff1cd408b,holaOS,"Open-source agentic workspace enterprises can make their own. Connect the systems you already run — 100+ integrations, MCP, chat tools, apps, browser, local files — with shared memory. Any agent (Claude Code, Codex), any model, or BYOK. Set up in clicks, not months. Local-first: your data never leaves your machines.",https://holaos.ai,,https://github.com/holaboss-ai/holaOS,,GitHub API,https://github.com/holaboss-ai/holaOS,False,False,False
tool_995fb9a4c2943d70,presenton,"Open-Source AI Presentation Generator and API (Gamma, Canva, Beautiful AI, Decktopus, Presentations AI Alternative)",https://presenton.ai,,https://github.com/presenton/presenton,,GitHub API,https://github.com/presenton/presenton,False,False,False
tool_25d748f44709293a,omnigent,"Omnigent is an open-source AI agent framework and meta-harness: orchestrate Claude Code, Codex, Cursor, Pi, and custom agents — swap harnesses without rewriting, enforce policies and sandboxing, and collaborate in real time from any device.",https://omnigent.ai,,https://github.com/omnigent-ai/omnigent,,GitHub API,https://github.com/omnigent-ai/omnigent,False,False,False
tool_a3d633b81d64b83f,inkos,"Story Creation AI Agent for novel, scripts, translation, interactive games, and IP content",https://github.com/Narcooo/inkos,,https://github.com/Narcooo/inkos,,GitHub API,https://github.com/Narcooo/inkos,False,False,False
tool_ce64562962f02337,Bindu,"Bindu: The identity, communication, and payments layer for AI agents.",https://docs.getbindu.com,,https://github.com/GetBindu/Bindu,,GitHub API,https://github.com/GetBindu/Bindu,False,False,False
tool_47dc0799f543fdc0,ralph-claude-code,Autonomous AI development loop for Claude Code with intelligent exit detection,https://github.com/frankbria/ralph-claude-code,,https://github.com/frankbria/ralph-claude-code,,GitHub API,https://github.com/frankbria/ralph-claude-code,False,False,False
tool_7c07a6939d0d1ea0,evolver,"The GEP-powered self-evolving engine for AI agents. Auditable evolution with Genes, Capsules, and Events. | evomap.ai",https://evomap.ai,,https://github.com/EvoMap/evolver,,GitHub API,https://github.com/EvoMap/evolver,False,False,False
tool_d2f867b26c06792d,dashi-ppt-skill,"An AI-agent skill that generates browser-editable presentations from multiple visual themes, exportable to HTML, PDF, and PPTX.",https://github.com/chuspeeism/dashi-ppt-skill,,https://github.com/chuspeeism/dashi-ppt-skill,,GitHub API,https://github.com/chuspeeism/dashi-ppt-skill,False,False,False
tool_32f160396ac456c4,mini-swe-agent,"The 100 line AI agent that solves GitHub issues or helps you in your command line. Radically simple, no huge configs, no giant monorepo—but scores >74% on SWE-bench verified!",https://mini-swe-agent.com,,https://github.com/SWE-agent/mini-swe-agent,,GitHub API,https://github.com/SWE-agent/mini-swe-agent,False,False,False
tool_681357c662bf8354,ChatLab,Local-first chat history analyzer with AI. | 本地优先的 AI 聊天记录分析工具,https://chatlab.fun,,https://github.com/ChatLab/ChatLab,,GitHub API,https://github.com/ChatLab/ChatLab,False,False,False
tool_a5e778c6dbe2d907,guizang-social-card-skill,"🪧 Claude Code / Codex skill — generate Xiaohongshu carousels & WeChat 21:9+1:1 cover pairs. Editorial × Swiss visual systems, 28 layouts, 10 themes, single-file HTML → PNG. 小红书图文 + 公众号封面对",https://github.com/op7418/guizang-social-card-skill,,https://github.com/op7418/guizang-social-card-skill,,GitHub API,https://github.com/op7418/guizang-social-card-skill,False,False,False
tool_d6afe560eab385e3,genoffice,"Free, open-source AI Office suite: Docs, Sheets, Slides, PDF, Markdown and HTML editors with a built-in AI agent, plus a `genoffice` CLI and agent skill so Claude Code, Codex and Cursor can create and edit real .docx/.xlsx/.pptx files locally. Bring your own key. macOS, Windows & Linux.",https://genoffice.ai,,https://github.com/genspark-ai/genoffice,,GitHub API,https://github.com/genspark-ai/genoffice,False,False,False
tool_03e80eeffa340d09,oh-story-claudecode,Claude Code / Codex / OpenCode agent skills for writing Chinese web novels (网文): 扫榜、拆文、写作、去AI味、封面全流程，长篇短篇都支持 | 13 skills for novel writing and long-form fiction with file-based continuity tracking. MIT.,https://zenstory.ai/oh-story,,https://github.com/zenstory-ai/oh-story-claudecode,,GitHub API,https://github.com/zenstory-ai/oh-story-claudecode,False,False,False
tool_09f8bbe60a7052b4,intentkit,"IntentKit is an open-source, self-hosted cloud agent cluster that manages a collaborative team of AI agents for you.",https://intentcat.com/docs,,https://github.com/crestalnetwork/intentkit,,GitHub API,https://github.com/crestalnetwork/intentkit,False,False,False
tool_87ae425dd78d0081,Kun,"Local-first AI agent workspace for coding, writing, design, research, and automation — one runtime for desktop GUI and TUI.",https://kun-agent.com,,https://github.com/KunAgent/Kun,,GitHub API,https://github.com/KunAgent/Kun,False,False,False
tool_21f25ebc1cf81f93,zcf,Zero-Config Code Flow for Claude code & Codex,http://zcf.ufomiao.com,,https://github.com/UfoMiao/zcf,,GitHub API,https://github.com/UfoMiao/zcf,False,False,False
tool_e0cbf71b0285bb3b,LobsterAI,"Open-source, desktop-grade AI agent that gets real work done — data analysis, slides, docs, video & web research. Built on OpenClaw; runs tools on your real desktop and takes commands from your phone via WeChat, Feishu, DingTalk & Telegram.",https://lobsterai.youdao.com,,https://github.com/netease-youdao/LobsterAI,,GitHub API,https://github.com/netease-youdao/LobsterAI,False,False,False
tool_46816f79ab2d86b5,AI-Coding-Guide-Zh,Claude Code + OpenClaw + Codex + WorkBuddy 中文教程 | 50篇完整教程 + 1张速查卡 | 80万+内容量 | 1500+实操示例 | AI Coding / Agent 四线学习路径（编程+助手+Agent+办公）,https://github.com/KimYx0207/AI-Coding-Guide-Zh,,https://github.com/KimYx0207/AI-Coding-Guide-Zh,,GitHub API,https://github.com/KimYx0207/AI-Coding-Guide-Zh,False,False,False
tool_19423ac50eb35dee,ouroboros,"Agent OS: the agent gets smarter on its own. We just hold the line: Interview-gated, staged evaluation, budgeted evolution loop. MCP server, 14 runtimes: Claude Code, Codex CLI, Gemini CLI, OpenCode, Copilot, Kiro and more.",https://ouroboros.page,,https://github.com/Q00/ouroboros,,GitHub API,https://github.com/Q00/ouroboros,False,False,False
tool_cfc105373f43e5dd,dramaclaw,"A general-purpose AIGC video engine: script to finished film in one pipeline — dramas, ads, product videos, otome games, and more. | 通用 AIGC 视频引擎 —— 从剧本到成片一条流水线，漫剧、广告、电商、乙游皆可",https://dramaclaw.ai,,https://github.com/dramaclaw/dramaclaw,,GitHub API,https://github.com/dramaclaw/dramaclaw,False,False,False
tool_50a807b670e376d3,maka,Apache Maka (Incubating) is a high-performance agent workspace that keeps a complete record of everything it did.,https://github.com/apache/maka,,https://github.com/apache/maka,,GitHub API,https://github.com/apache/maka,False,False,False
tool_ce4342615489ac70,wigolo,"The go-to web for your AI coding agent — local-first search, fetch, crawl & research over MCP. No API keys, no cloud, $0/query. Public beta.",https://knockoutez.github.io/wigolo,,https://github.com/KnockOutEZ/wigolo,,GitHub API,https://github.com/KnockOutEZ/wigolo,False,False,False
tool_dcf6cc234fad32bd,skillhub,"Self-hosted, open-source agent skill registry for enterprises. Publish & version skill packages, govern with RBAC and audit logs, deploy   on-premise with Docker or Kubernetes.",https://skill.xfyun.cn,,https://github.com/iflytek/skillhub,,GitHub API,https://github.com/iflytek/skillhub,False,False,False
tool_1a70ecbe2da8d36f,whodb,Where data access meets operational intelligence,https://whodb.com,,https://github.com/clidey/whodb,,GitHub API,https://github.com/clidey/whodb,False,False,False
tool_c5366083ae9a361b,tabularis,"Open-source desktop SQL workspace with 3 built-in database drivers and 16 shipped plugins, including SQL Server, DuckDB, ClickHouse and Redis. Built-in MCP server for Claude, Cursor and Devin, SQL notebooks and visual EXPLAIN.",https://tabularis.dev,,https://github.com/TabularisDB/tabularis,,GitHub API,https://github.com/TabularisDB/tabularis,False,False,False
tool_abb7ce2b1bc1a5ad,EvoScientist,🔬 Harness Vibe Research with Self-evolving AI Scientists,https://evoscientist.ai,,https://github.com/EvoScientist/EvoScientist,,GitHub API,https://github.com/EvoScientist/EvoScientist,False,False,False
tool_4ccd476acc9735f9,tick-stock-panel,TSP自托管、零运维的 A 股「选股 + 监控 + 回测」量化工作台  | LLM能力驱使策略定制+个股分析+复盘 | 自由接入第三方数据源与个性化扩展数据 | 个人开源,https://github.com/shy3130/tick-stock-panel,,https://github.com/shy3130/tick-stock-panel,,GitHub API,https://github.com/shy3130/tick-stock-panel,False,False,False
tool_b82411362ec0b06e,Integuru,The first AI agent that builds permissionless integrations through reverse engineering platforms' internal APIs.,https://integuru.ai,,https://github.com/Integuru-AI/Integuru,,GitHub API,https://github.com/Integuru-AI/Integuru,False,False,False
tool_e6e35bd4632bee71,agenta,Agenta is a workspace where you and your team build agents and automations.,http://agenta.ai,,https://github.com/Agenta-AI/agenta,,GitHub API,https://github.com/Agenta-AI/agenta,False,False,False
tool_2a80f393f2b44541,ArcReel,"AI Agent 驱动的开源可自部署视频工作台：将小说与剧本转为角色、场景、道具资产、分镜、视频和剪映草稿，支持跨镜头一致性、多供应商与费用追踪 | Self-hosted AI video workspace for stories, storyboards and short-form video production",https://arc-reel.com,,https://github.com/ArcReel/ArcReel,,GitHub API,https://github.com/ArcReel/ArcReel,False,False,False
tool_82572e597a82f019,MonkeyCode,AI coding platform for teams,https://monkeycode-ai.net,,https://github.com/chaitin/MonkeyCode,,GitHub API,https://github.com/chaitin/MonkeyCode,False,False,False
tool_ed97e46c6bb90130,claude-code-guide,"Claude Code Guide - Setup, Commands, workflows, agents, skills & tips-n-tricks from beginner to power user!",https://github.com/zebbern/claude-code-guide,,https://github.com/zebbern/claude-code-guide,,GitHub API,https://github.com/zebbern/claude-code-guide,False,False,False
tool_a7bc6bba7621c1fd,html-video,"Programmatic video for coding agents — HTML to video on your laptop. Turn HTML, CSS & data into real MP4s with pluggable render engines, 21 templates, AI soundtrack. Apache-2.0, no per-render fees. An official project by the Open Design team.",https://open-design.ai/html-video,,https://github.com/nexu-io/html-video,,GitHub API,https://github.com/nexu-io/html-video,False,False,False
tool_13804d57d55816be,claude-code-book,《御舆：解码 Agent Harness》42万字拆解 AI Agent 的Harness骨架与神经 —— Claude Code 架构深度剖析，15 章从对话循环到构建你自己的 Agent Harness。在线阅读网站：,https://lintsinghua.github.io,,https://github.com/lintsinghua/claude-code-book,,GitHub API,https://github.com/lintsinghua/claude-code-book,False,False,False
tool_7dc99b522dce0c34,telegram-search,🔍 导出并模糊搜索 Telegram 聊天记录 | Export and fuzzy search your Telegram chat history,https://search.lingogram.app,,https://github.com/groupultra/telegram-search,,GitHub API,https://github.com/groupultra/telegram-search,False,False,False
tool_5d4896c94feacebc,FedML,"FEDML - The unified and scalable ML library for large-scale distributed training, model serving, and federated learning. FEDML Launch, a cross-cloud scheduler, further enables running any AI jobs on any GPU cloud or on-premise cluster. Built on this library, TensorOpera AI (https://TensorOpera.ai) is your generative AI platform at scale.",https://tensoropera.ai,,https://github.com/FedML-AI/FedML,,GitHub API,https://github.com/FedML-AI/FedML,False,False,False
tool_e5bb50d349a295ec,command-code,Command Code AI — the best coding agent for open models.,https://commandcode.ai,,https://github.com/CommandCodeAI/command-code,,GitHub API,https://github.com/CommandCodeAI/command-code,False,False,False
tool_852804abc9e92b85,KiroCrew,A persistent workspace for development work that self-improves and continues beyond one session.,https://kiro.dev/crew,,https://github.com/kirodotdev/KiroCrew,,GitHub API,https://github.com/kirodotdev/KiroCrew,False,False,False
tool_bb44316de01262be,LazyLLM,Easiest and laziest way for  building multi-agent LLMs applications.,https://docs.lazyllm.ai,,https://github.com/LazyAGI/LazyLLM,,GitHub API,https://github.com/LazyAGI/LazyLLM,False,False,False
tool_8aeed7f36c667040,liteflow,"Lightweight, fast, stable, programmable component-based rule engine — where AI Agents orchestrate just like ordinary components. Uniquely designed DSL: component reuse, sync/async & dynamic orchestration, multi-language scripting, nested rules, hot deployment and smooth refresh. If you can orchestrate LiteFlow, you can orchestrate AI.",https://github.com/dromara/liteflow,,https://github.com/dromara/liteflow,,GitHub API,https://github.com/dromara/liteflow,False,False,False
tool_bf5a7f3cea0ed4ed,OpenClawChineseTranslation,🦞 OpenClaw (Clawdbot/Moltbot) 汉化版 - 开源个人 AI 助手中文版 | Claude/ChatGPT LLM 接入 | WhatsApp/Telegram/Discord 多平台 | 每小时自动同步 | CLI + Dashboard 全中文 | 全流程搭建教程，以及排错指南！,https://openclaw.qt.cool,,https://github.com/1186258278/OpenClawChineseTranslation,,GitHub API,https://github.com/1186258278/OpenClawChineseTranslation,False,False,False
tool_fbc68086c61ab159,gzh-design-skill,把 Markdown 一键排成可直接粘进公众号编辑器的精致 HTML —— 6 套精选主题 + 主题生成器 + 双关卡校验。An AI-agent skill that turns Markdown into paste-ready WeChat article HTML.,https://github.com/isjiamu/gzh-design-skill,,https://github.com/isjiamu/gzh-design-skill,,GitHub API,https://github.com/isjiamu/gzh-design-skill,False,False,False
tool_bfbfa49325cc6d59,Acontext,Agent Skills as a Memory Layer,https://acontext.io,,https://github.com/memodb-io/Acontext,,GitHub API,https://github.com/memodb-io/Acontext,False,False,False
tool_9251f739fb30ed63,md2wechat-skill,Markdown to WeChat CLI | 一键排版发布到微信公众号：支持 40+ 排版样式和专业主题 、AI 配图 、批量发布 、多账号管理、多平台发布,https://md2wechat.cn,,https://github.com/geekjourneyx/md2wechat-skill,,GitHub API,https://github.com/geekjourneyx/md2wechat-skill,False,False,False
tool_5e226dce34ce15cf,how-claude-code-works,"Deep dive into Claude Code internals — architecture, agent loop, context engineering, and more. / 深入解析 Claude Code 源码：架构、Agent 循环、上下文工程、工具系统等",https://windy3f3f3f3f.github.io/how-claude-code-works,,https://github.com/Windy3f3f3f3f/how-claude-code-works,,GitHub API,https://github.com/Windy3f3f3f3f/how-claude-code-works,False,False,False
tool_7b247d1bc90797f3,failproofai,Observability and enforcement for AI agent harnesses. Capture every run and runtime reliability with policy enforcement.,https://befailproof.ai,,https://github.com/FailproofAI/failproofai,,GitHub API,https://github.com/FailproofAI/failproofai,False,False,False
tool_7c5ed3788f32ba40,goclaw,"GoClaw - GoClaw is OpenClaw rebuilt in Go — with multi-tenant isolation, 5-layer security, and native concurrency. Deploy AI agent teams at scale without compromising on safety.",https://goclaw.sh,,https://github.com/nextlevelbuilder/goclaw,,GitHub API,https://github.com/nextlevelbuilder/goclaw,False,False,False
tool_7a153361c7fdda9e,openscience,The open-source AI workbench for scientific research,https://openscience.sh,,https://github.com/synthetic-sciences/openscience,,GitHub API,https://github.com/synthetic-sciences/openscience,False,False,False
tool_b19e98923cd511fd,Financial-API,"同花顺官方 A股金融数据服务，提供股票实时行情、历史行情、财务报表、指数、板块、涨停等数据，适用于 AI Agent、量化研究和应用开发，支持 API、MCP、CLI 和 Python。Official Tonghuashun (HiThink) A-share financial data service providing real-time and historical stock market data, financial statements, indices, sectors and limit-up data for AI agents, quantitative research and application development.",https://fuyao.aicubes.cn,,https://github.com/HiThink-Tech/Financial-API,,GitHub API,https://github.com/HiThink-Tech/Financial-API,False,False,False
tool_80f1472dc17845a2,MetaClaw,🦞 Just talk to your agent — it learns and EVOLVES 🧬.,https://arxiv.org/abs/2603.17187,,https://github.com/aiming-lab/MetaClaw,,GitHub API,https://github.com/aiming-lab/MetaClaw,False,False,False
tool_d724adad786c9c0f,beeai-framework,Build production-ready AI agents in both Python and Typescript.,http://framework.beeai.dev,,https://github.com/i-am-bee/beeai-framework,,GitHub API,https://github.com/i-am-bee/beeai-framework,False,False,False
tool_91c2980b7e4c92e9,ii-agent,II-Agent: a new open-source framework to build and deploy intelligent agents,https://ii.inc/web/blog/post/ii-agent,,https://github.com/Intelligent-Internet/ii-agent,,GitHub API,https://github.com/Intelligent-Internet/ii-agent,False,False,False
tool_9579e4d6f4b250a2,TradingAgents-astock,"A股多Agent投研框架 — 适配A股数据源(龙虎榜/游资/解禁等)，7位分析师基于A股规则的辩论决策，基于TradingAgents深度改造，适配大A。A-share multi-agent investment research framework — 7 AI analysts, bull/bear debate, risk assessment。",https://arxiv.org/pdf/2412.20138,,https://github.com/simonlin1212/TradingAgents-astock,,GitHub API,https://github.com/simonlin1212/TradingAgents-astock,False,False,False
tool_ba5eb27cfc9fcf71,Fuxi,"FuXi is a fast, self-contained AI coding agent that lives in your terminal — edit code, run commands, and drive tools, with cost-aware routing across LLM providers.",https://fuxicode.com,,https://github.com/fuxicodex/Fuxi,,GitHub API,https://github.com/fuxicodex/Fuxi,False,False,False
tool_66f5df90603945ea,OpenBiliClaw,"本地私有、开源的自进化跨平台 AI 内容发现 Agent：先理解你，再主动从 B站、小红书、抖音、YouTube、X、知乎、Reddit、微博等平台与开放 Web 寻找内容。（支持 deepseek harness 插件） | Local-first open-source cross-platform AI content discovery agent: understands you, then proactively finds content across Bilibili, Xiaohongshu, Douyin, YouTube, X, Zhihu, Reddit, Weibo and the open web.（support deepseek harness plugin）",https://whiteguo233.github.io/OpenBiliClaw,,https://github.com/whiteguo233/OpenBiliClaw,,GitHub API,https://github.com/whiteguo233/OpenBiliClaw,False,False,False
tool_83f88a4d58094a04,nexu,"The simplest desktop client for OpenClaw 🦞 — bridge your Agent to WeChat, Feishu, Slack & Discord in one click. Works with Claude Code, Codex & any LLM. BYOK, Oauth, local-first, chat from your phone 24/7.",https://nexu.io,,https://github.com/nexu-io/nexu,,GitHub API,https://github.com/nexu-io/nexu,False,False,False
tool_7dc23b56c1f03e4d,neo,"Neo.mjs is a self-evolving software organism: a professional end-to-end AI engineering team whose cross-model swarm inhabits live apps via Neural Link, Active Hybrid GraphRAG, DreamService, and self-healing loops.",https://neomjs.com,,https://github.com/neomjs/neo,,GitHub API,https://github.com/neomjs/neo,False,False,False
tool_d7b4883fa522ca43,Octop,"A smarter, self-hosted AI assistant — multi-user, multi-agent.",https://octop.cloud,,https://github.com/TencentCloud/Octop,,GitHub API,https://github.com/TencentCloud/Octop,False,False,False
tool_67eb5f8c5cd78313,mercury-agent,"Soul-driven AI agent with permission-hardened tools, token budgets, and multi-channel access. Runs 24/7 from CLI, Telegram or More.",https://mercuryagent.sh,,https://github.com/cosmicstack-labs/mercury-agent,,GitHub API,https://github.com/cosmicstack-labs/mercury-agent,False,False,False
tool_c069e1cf0ec48043,kite,"🪁 A lightweight, modern Kubernetes dashboard that unifies multi-cluster and resource management, enterprise-grade user governance (OAuth, RBAC, and audit logs), and AI agents in one workspace. Not just a tool, but more like a platform.",https://kite.zzde.me,,https://github.com/kite-org/kite,,GitHub API,https://github.com/kite-org/kite,False,False,False
tool_82f1e01de5cdd2e6,mono-color-skill,"One-ink editorial print image skill — warm paper, halftone photography, active negative space, and restrained typography.",https://github.com/yanliudesign/mono-color-skill,,https://github.com/yanliudesign/mono-color-skill,,GitHub API,https://github.com/yanliudesign/mono-color-skill,False,False,False
tool_0a8b2eb2095e1ab8,BotSharp,AI Multi-Agent Framework in .NET,https://botsharp.readthedocs.io,,https://github.com/SciSharp/BotSharp,,GitHub API,https://github.com/SciSharp/BotSharp,False,False,False
tool_1aafa37794a0dd06,J-Space-Cognition-Suite,"J-Space Cognition Suite — a model-agnostic inference-time control suite for deep reasoning, long-horizon work, verification, and recovery. Based on Anthropic's J-space global workspace research.",https://github.com/Tiger3807861189/J-Space-Cognition-Suite,,https://github.com/Tiger3807861189/J-Space-Cognition-Suite,,GitHub API,https://github.com/Tiger3807861189/J-Space-Cognition-Suite,False,False,False
tool_4671564d952075f4,goutoujunshi,一个先接住情绪、再分析关系并给出可执行策略的 Codex 恋爱军师，内置心理、法律、社会、人文、哲学、婚姻家庭与性学知识库，支持多元关系。,https://github.com/shengjidaguai-china/goutoujunshi,,https://github.com/shengjidaguai-china/goutoujunshi,,GitHub API,https://github.com/shengjidaguai-china/goutoujunshi,False,False,False
tool_01489b207b7b6893,libredesk,"Open-source, self-hosted customer support desk in a single binary. A lightweight alternative to Intercom, Zendesk, Chatwoot.",https://libredesk.io,,https://github.com/abhinavxd/libredesk,,GitHub API,https://github.com/abhinavxd/libredesk,False,False,False
tool_d238cb41fd3053ac,moltis,"A secure persistent personal agent server in Rust. One binary, sandboxed execution, multi-provider LLMs, voice, memory, Telegram, WhatsApp, Discord, Teams, and MCP tools. Secure by design, runs on your hardware.",https://moltis.org,,https://github.com/moltis-org/moltis,,GitHub API,https://github.com/moltis-org/moltis,False,False,False
tool_76ca8b1667fc1fca,agent-rules-books,"AGENTS.md rules / skills for AI coding agents: Codex, Cursor & Claude Code. Inspired by Clean Code, Refactoring, DDD, Clean Architecture and DDIA programming books.",https://ciembor.github.io/agent-rules-books,,https://github.com/ciembor/agent-rules-books,,GitHub API,https://github.com/ciembor/agent-rules-books,False,False,False
tool_31739afbc8397b0d,PawWork_ZhuaZhua,"Paw Work - selection-first web agent for Chrome: select on the live page, describe the outcome, take away an editable office file. BYOK, sandboxed, no server.",https://github.com/Player-YN/PawWork_ZhuaZhua,,https://github.com/Player-YN/PawWork_ZhuaZhua,,GitHub API,https://github.com/Player-YN/PawWork_ZhuaZhua,False,False,False
tool_26ccea42da4ad87e,cindy,Consider it done. The open-source AI agent that works out of the box · 想到，就能做到。开源、开箱即用的 AI Agent。,https://cindy.app,,https://github.com/makecindy/cindy,,GitHub API,https://github.com/makecindy/cindy,False,False,False
tool_1ecb001177218fdf,spider,Foundational low latency web data collecting in Rust,https://spider.cloud/github,,https://github.com/spider-rs/spider,,GitHub API,https://github.com/spider-rs/spider,False,False,False
tool_d66ab346d25ac870,AI-fundamentals,AI 基础知识 - GPU 架构、CUDA 编程、大模型基础及AI Agent 相关知识。,https://forceinjection.github.io,,https://github.com/ForceInjection/AI-fundamentals,,GitHub API,https://github.com/ForceInjection/AI-fundamentals,False,False,False
tool_99fd2b6bf3195488,narrator-ai-cli-skill,AI 解说大师 — Agent skill；封装 narrator-ai-cli 供 Claude/Codex 等工具调用,https://github.com/NarratorAI-Studio/narrator-ai-cli-skill,,https://github.com/NarratorAI-Studio/narrator-ai-cli-skill,,GitHub API,https://github.com/NarratorAI-Studio/narrator-ai-cli-skill,False,False,False
tool_f5dc630b0734db00,SkillClaw,Let Skills Evolve Collectively with Agentic Evolver,https://github.com/AMAP-ML/SkillClaw,,https://github.com/AMAP-ML/SkillClaw,,GitHub API,https://github.com/AMAP-ML/SkillClaw,False,False,False
tool_8cb25d78503eda9a,Cradle,"The Cradle framework is a first attempt at General Computer Control (GCC). Cradle supports agents to ace any computer task by enabling strong reasoning abilities, self-improvment, and skill curation, in a standardized general environment with minimal requirements.",https://baai-agents.github.io/Cradle,,https://github.com/BAAI-Agents/Cradle,,GitHub API,https://github.com/BAAI-Agents/Cradle,False,False,False
tool_bf58bb124089cfb5,Android-MVVM-Architecture-Android-Voice-AI-SDK,Voice AI SDK is a reusable Android library that gives any app a full voice-driven AI conversation pipeline in minutes. Voice Assistant + Android Voide AI + SDK + MVVM + Kotlin,https://ahmedeltaher.github.io/Android-MVVM-Architecture-Voice-AI,,https://github.com/ahmedeltaher/Android-MVVM-Architecture-Android-Voice-AI-SDK,,GitHub API,https://github.com/ahmedeltaher/Android-MVVM-Architecture-Android-Voice-AI-SDK,False,False,False
tool_d5591caf100fe0b7,hacker-podcast,一个基于 AI 的 Hacker News 中文播客项目，每天自动抓取 Hacker News 热门文章，通过 AI 生成中文总结并转换为播客内容。,https://hacker-podcast.agi.li,,https://github.com/miantiao-me/hacker-podcast,,GitHub API,https://github.com/miantiao-me/hacker-podcast,False,False,False
tool_ae2ed28b89a3ee04,atomic-agent,Atomic Agent is a local-first AI agent. Runs open-weight models on your own machine via llama.cpp.,https://atomicagent.io,,https://github.com/AtomicBot-ai/atomic-agent,,GitHub API,https://github.com/AtomicBot-ai/atomic-agent,False,False,False
tool_646e584a070c740d,Vibe-Research,Vibe-Research: Your Personal Trading Research Agent · A股/美股/港股 的个人投研 Agent：每日复盘、资讯雷达、个股数据、板块中心、我的持仓、研究记录、回测。Vibe-Research 把数据和功能配齐，由你自己的 Agent 驱动投资研究。基于开源的 Codex Harness 打造。,https://viberesearch.wiki,,https://github.com/simonlin1212/Vibe-Research,,GitHub API,https://github.com/simonlin1212/Vibe-Research,False,False,False
tool_37a4bf27ba7c32ea,wanwu,"China Unicom's Yuanjing Wanwu Agent Platform is an enterprise-grade, multi-tenant AI agent development platform. It helps users build applications such as intelligent agents, workflows, and rag, and also supports model management. The platform features a developer-friendly license, and we welcome all developers to build upon the platform.",https://github.com/UnicomAI/wanwu,,https://github.com/UnicomAI/wanwu,,GitHub API,https://github.com/UnicomAI/wanwu,False,False,False
tool_db0fdafa5e2efb2e,bitterbot-desktop,"A local-first AI agent with persistent memory, emotional intelligence, and a peer-to-peer skills economy.",https://bitterbot.ai,,https://github.com/Bitterbot-AI/bitterbot-desktop,,GitHub API,https://github.com/Bitterbot-AI/bitterbot-desktop,False,False,False
tool_1b525a65477539f7,fulling,"Fulling is an AI-powered Full-stack Engineer Agent. Built with Next.js, Claude, shadcn/ui, and PostgreSQL. Use kubernetes as infra.",https://fulling.ai,,https://github.com/FullAgent/fulling,,GitHub API,https://github.com/FullAgent/fulling,False,False,False
tool_1218438400d9079e,AgentsMesh,"The AI Agent Workforce Platform. Run a hundred AI coding agents across your own machines — schedule, isolate, and steer them all from one console.",https://agentsmesh.ai,,https://github.com/AgentsMesh/AgentsMesh,,GitHub API,https://github.com/AgentsMesh/AgentsMesh,False,False,False
tool_9be009ec784ed091,boxlite,"The micro-VM for AI agents — light enough to embed on your laptop, elastic enough to power an agentic cloud.",https://boxlite.ai,,https://github.com/boxlite-ai/boxlite,,GitHub API,https://github.com/boxlite-ai/boxlite,False,False,False
tool_c15448814407b106,XRP-community-wallet,"Fully decentralized and the most secure XRP &  EVM wallet - built by the community, for the community.",https://wallet.xrp.community,,https://github.com/xrpcommunity/XRP-community-wallet,,GitHub API,https://github.com/xrpcommunity/XRP-community-wallet,False,False,False
tool_89232c3ed9004389,VCPToolBox,VCP 部署在 AI 模型 API 与前端应用之间，是面向AGI OS开发和探索的工业级基建示范项目。通过统一指令协议、多层级持久化记忆、分布式插件引擎及多 Agent 协作框架，将原本“无状态、无记忆、无工具调用能力”的大语言模型，彻底改造成拥有永久自我意识、物理世界操作权及群体协作智能的完整智能体系统。,https://vcptoolbox.com,,https://github.com/lioensky/VCPToolBox,,GitHub API,https://github.com/lioensky/VCPToolBox,False,False,False
tool_8f88efab08e09e06,deepcode-cli,Deep Code 是专为 deepseek-v4 模型优化的终端 AI 编码助手，支持深度思考、推理强度控制以及 Agent Skills。,https://deepcode.vegamo.cn,,https://github.com/lessweb/deepcode-cli,,GitHub API,https://github.com/lessweb/deepcode-cli,False,False,False
tool_fb66d68f37b5d738,deep-research-web-ui,"AI deep-research agent that turns any question into a cited report: plans searches, reads real sources, verifies evidence. Self-hosted, multi-provider, Docker-ready.",https://deep-research.ataw.top,,https://github.com/AnotiaWang/deep-research-web-ui,,GitHub API,https://github.com/AnotiaWang/deep-research-web-ui,False,False,False
tool_8e9d5ae512b10c6e,gini-agent,The agent that remembers and learns.,https://github.com/Open-Curiosity/gini-agent,,https://github.com/Open-Curiosity/gini-agent,,GitHub API,https://github.com/Open-Curiosity/gini-agent,False,False,False
tool_95a470e902e42ef2,open-codex-computer-use,👾 Open Computer Use – Open-Source Alternative to Codex Computer Use,https://github.com/iFurySt/open-codex-computer-use,,https://github.com/iFurySt/open-codex-computer-use,,GitHub API,https://github.com/iFurySt/open-codex-computer-use,False,False,False
tool_d44d8ecc79409d7c,ATLAS,Adaptive Test-time Learning and Autonomous Specialization,https://github.com/itigges22/ATLAS,,https://github.com/itigges22/ATLAS,,GitHub API,https://github.com/itigges22/ATLAS,False,False,False
tool_abeaf361e834aa62,LetsFG,"Agent-native flight & hotel search and booking — MCP server, CLI, and Python/JS SDKs. Hundreds of airlines plus the major booking sites, with per-flight reliability history. Free-cancellation hotel rates: hold the room with a small upfront charge, then pay the balance later by link, up to the hotel's own deadline.",https://letsfg.co,,https://github.com/LetsFG/LetsFG,,GitHub API,https://github.com/LetsFG/LetsFG,False,False,False
tool_61a4858ee635336d,boss-agent-cli,"🤖 Local-assist BOSS Zhipin CLI for AI agents — search, welfare filtering, shortlist, JSON-envelope output; low-risk & compliant by default.",https://can4hou6joeng4.github.io/boss-agent-cli,,https://github.com/can4hou6joeng4/boss-agent-cli,,GitHub API,https://github.com/can4hou6joeng4/boss-agent-cli,False,False,False
tool_b9fae0db2ffbc1f7,growth-lab,"An end-to-end growth tool that understands the product, fetch the data it needs, researches the market, executes campaigns, and reviews results to improve the next round of growth. 从代码到市场的开源端到端增长工具。理解产品、接入信息渠道、研究市场、执行增长行动，并基于真实数据自我改进。",https://growthlab.tsingyuai.com,,https://github.com/tsingyuai/growth-lab,,GitHub API,https://github.com/tsingyuai/growth-lab,False,False,False
tool_8061abdf395a2568,core,Your Personal AI OS,https://getcore.me,,https://github.com/RedPlanetHQ/core,,GitHub API,https://github.com/RedPlanetHQ/core,False,False,False
tool_afb82cc436574676,team9,"Team9 is a collaborative workspace for AI agents, currently built on OpenClaw and its ecosystem.",https://team9.ai,,https://github.com/team9ai/team9,,GitHub API,https://github.com/team9ai/team9,False,False,False
tool_694dfbd2358c26b7,pinvou-agent,"Open-source desktop AI agent for tools, files, knowledge, workflows, and real deliverables.",https://pinvou.com,,https://github.com/Pinvou/pinvou-agent,,GitHub API,https://github.com/Pinvou/pinvou-agent,False,False,False
tool_6d25340de1460062,LocalMiniDrama,"🎬 seedance2接入  开源本地 AI 短剧 & 漫剧生成工具 —— 从故事到成片一站式完成，数据不出本机，短剧工作流管理平台，高灵活度，AI真人剧，AI漫剧本地搞定。 Open-source local AI short drama maker: story → storyboard → video, fully offline, your data stays yours. 纳米流水线",https://83zi.com,,https://github.com/xuanyustudio/LocalMiniDrama,,GitHub API,https://github.com/xuanyustudio/LocalMiniDrama,False,False,False
tool_b92e56bd062072c8,stock-sdk,为前端设计的无需 Python、无需后端服务、零依赖的获取股票数据 JavaScript SDK。,https://stock-sdk.linkdiary.cn,,https://github.com/chengzuopeng/stock-sdk,,GitHub API,https://github.com/chengzuopeng/stock-sdk,False,False,False
tool_776f5b429420dd73,writing-dna-skill,写作蒸馏器.skill｜蒸馏复刻任意写作风格的 agent skill | Writing DNA Distiller - distill and recreate any writing style as an agent skill,https://github.com/larashero3-dotcom/writing-dna-skill,,https://github.com/larashero3-dotcom/writing-dna-skill,,GitHub API,https://github.com/larashero3-dotcom/writing-dna-skill,False,False,False
tool_1595345b35a151bc,reagent,Reconstruct and validate C/C++ code from compiled programs with AI.,https://github.com/Dryxio/reagent,,https://github.com/Dryxio/reagent,,GitHub API,https://github.com/Dryxio/reagent,False,False,False
tool_b9882a46a552098d,google-meta-ads-ga4-mcp,"Google Ads MCP + Meta Ads MCP + GA4 in one server for Claude, ChatGPT, Cursor & n8n — 250+ tools, hosted remote MCP, OAuth login, no API keys. By Ryze AI.",https://get-ryze.ai,,https://github.com/irinabuht12-oss/google-meta-ads-ga4-mcp,,GitHub API,https://github.com/irinabuht12-oss/google-meta-ads-ga4-mcp,False,False,False
tool_7782cb8c00ac5484,skales,"Personal AI desktop agent for Windows, macOS, Linux, Android & iOS. Set a goal, it works on its own. Teams (pair two desktops, agents + humans), Agent2Agent, Workflows, Codework, multi-agent orgs, desktop + browser automation. 15+ AI providers, BYOK. No Docker, no terminal. Agent Skills (SKILL.md). Migration importer. Recurring autonomous tasks.",https://skales.app,,https://github.com/skalesapp/skales,,GitHub API,https://github.com/skalesapp/skales,False,False,False
tool_c7b15ca714762746,OpenChatCut,"Open-source, local-first conversational AI video editor with a professional multi-track timeline, Agent Skills, MCP integration, and Remotion rendering.",https://openchatcut.com,,https://github.com/0xsline/OpenChatCut,,GitHub API,https://github.com/0xsline/OpenChatCut,False,False,False
tool_d80301a430362569,nano-banana-pro-prompts-recommend-skill,"AI skill for OpenClaw & Claude Code — recommend from 10000+ Nano Banana Pro (Gemini) image prompts. Smart search by use case, content remix, sample images.",https://youmind.com/nano-banana-pro-prompts,,https://github.com/YouMind-OpenLab/nano-banana-pro-prompts-recommend-skill,,GitHub API,https://github.com/YouMind-OpenLab/nano-banana-pro-prompts-recommend-skill,False,False,False
tool_a871e7bae87fb9f7,harness-anything,"Harness Anything - AI agent control hub: WPS, MS Office, Zotero, Photoshop, 47 CLI commands, 27 academic skills, SVG-to-PPTX",https://github.com/yb2460/harness-anything,,https://github.com/yb2460/harness-anything,,GitHub API,https://github.com/yb2460/harness-anything,False,False,False
tool_52ea95699c08b230,zeroshot,Independent executor–verifier orchestration for software changes.,https://theopenengine.com,,https://github.com/the-open-engine/zeroshot,,GitHub API,https://github.com/the-open-engine/zeroshot,False,False,False
tool_2692a1a5f6447faa,paca,"AI-native, free, open-source alternative to Jira, Trello, ClickUp & Monday. Built for Scrum teams where humans and AI agents collaborate as equals — on the same board, the same sprints, the same goals. Self-hosted. Fully customizable via config and plugins.",https://paca-ai.org,,https://github.com/Paca-AI/paca,,GitHub API,https://github.com/Paca-AI/paca,False,False,False
tool_066863389cf1c7e9,agent,"Ship your code, on autopilot. An open source agent that lives on your machines 24/7 and keeps your apps running. 🦀",https://stakpak.dev,,https://github.com/stakpak/agent,,GitHub API,https://github.com/stakpak/agent,False,False,False
tool_d8f4d9639d57071e,waku-agent,"Waku Waku! Waku Agent is a local-first AI agent harness you actually own, including loop, memory, eval, all in code built to stay legible as it grows.",https://github.com/ShenSeanChen/waku-agent,,https://github.com/ShenSeanChen/waku-agent,,GitHub API,https://github.com/ShenSeanChen/waku-agent,False,False,False
tool_9ed0d52dda5cf1cc,openclaw-android,"Run OpenClaw on Android with a single command — no proot, no Linux",https://github.com/AidanPark/openclaw-android,,https://github.com/AidanPark/openclaw-android,,GitHub API,https://github.com/AidanPark/openclaw-android,False,False,False
tool_1fa705f7ad9d0c43,CoreCoder,"Minimal AI coding agent (~1,000 lines of Python) inspired by Claude Code. Works with any LLM. Think NanoGPT for coding agents. Formerly NanoCoder.",https://pypi.org/project/corecoder,,https://github.com/he-yufeng/CoreCoder,,GitHub API,https://github.com/he-yufeng/CoreCoder,False,False,False
tool_a512a89cdb82a856,DSH-Desktop-EAC,"DeepSeek Harness Desktop (dsh-desktop). EAC: Embracing All Creation (揽尽万象). Bundled Node.js runtime with full dsh-CLI kernel, one-click startup, 10 built-in UI themes.",https://github.com/DSH-EAC/DSH-Desktop-EAC,,https://github.com/DSH-EAC/DSH-Desktop-EAC,,GitHub API,https://github.com/DSH-EAC/DSH-Desktop-EAC,False,False,False
tool_81894d3f412dd31e,Hermes-CN-Desktop,"Hermes Agent CN desktop app, Windows-First, built with Tauri, Typescript and Rust. Isolated Hermes Agent core insides.",https://hermesagent.org.cn,,https://github.com/Eynzof/Hermes-CN-Desktop,,GitHub API,https://github.com/Eynzof/Hermes-CN-Desktop,False,False,False
tool_c3a5716392a82f6a,zero,"The coding agent that answers to you, your model, your machine, your rules.",https://zero.gitlawb.com,,https://github.com/Gitlawb/zero,,GitHub API,https://github.com/Gitlawb/zero,False,False,False
tool_be5a48d158bb2303,skills-hub,"A cross-platform desktop app to manage Agent Skills in one place and sync them to multiple AI coding tools’ global skills directories — “Install once, sync everywhere”.",https://github.com/qufei1993/skills-hub,,https://github.com/qufei1993/skills-hub,,GitHub API,https://github.com/qufei1993/skills-hub,False,False,False
tool_6b9ef10aca7055e0,nexting,"Remote control for Claude Code, Codex, Grok, and Cursor on Mac or PC. View sessions, send tasks, and drive them remotely from your phone, PIN, or Ring. OpenClaw supported.",https://nexting.ai,,https://github.com/Nexting-ai/nexting,,GitHub API,https://github.com/Nexting-ai/nexting,False,False,False
tool_d04ee4a734e3d1cf,OpenOSINT,"AI-powered OSINT agent with interactive REPL, MCP server, and CLI. 20 tools. Works with Claude, GPT-4, or local models. For authorized security research only.",https://openosint.tech,,https://github.com/OpenOSINT/OpenOSINT,,GitHub API,https://github.com/OpenOSINT/OpenOSINT,False,False,False
tool_deb13202e394e887,ktx,"ktx is an executable context layer for data and analytics agents 🐙 Allow Claude Code, Codex, or other AI agents to query analytical databases accurately and with full context of your company",https://docs.kaelio.com/ktx,,https://github.com/Kaelio/ktx,,GitHub API,https://github.com/Kaelio/ktx,False,False,False
tool_3038a734e2ee6310,paperdebugger,"A Plugin-Based Multi-Agent System for In-Editor Academic Writing, Review, and Editing",https://paperdebugger.com,,https://github.com/PaperDebugger/paperdebugger,,GitHub API,https://github.com/PaperDebugger/paperdebugger,False,False,False
tool_36ad0424dad130dd,hermes-browser-extension,Browser-native side panel for Hermes Agent — connect web context to your local Hermes runtime.,https://github.com/abundantbeing/hermes-browser-extension,,https://github.com/abundantbeing/hermes-browser-extension,,GitHub API,https://github.com/abundantbeing/hermes-browser-extension,False,False,False
tool_9d14f692ea14e204,user-research-skill,"Cookiy AI Skill for AI agents (Claude, Codex, Cursor, OpenClaw) — end-to-end user research: AI interviews, synthetic users, quant surveys, participant recruitment.",https://cookiy.ai,,https://github.com/cookiy-ai/user-research-skill,,GitHub API,https://github.com/cookiy-ai/user-research-skill,False,False,False
tool_77bb2033bb1c3b20,devops-ai-guidelines,"First AI Journey for DevOps - with comprehensive learning paths, practical tips, and enterprise guidelines",https://versusincident.com,,https://github.com/VersusControl/devops-ai-guidelines,,GitHub API,https://github.com/VersusControl/devops-ai-guidelines,False,False,False
tool_0d7a1e1a37c65198,fim-one,"Open-source agent platform for Global × China enterprises — wire every system through one agent core. Self-hosted, any LLM.",https://one.fim.ai,,https://github.com/fim-ai/fim-one,,GitHub API,https://github.com/fim-ai/fim-one,False,False,False
tool_a3185ebe6abbd574,alphaclaw,The ultimate setup harness for OpenClaw. Deploy in minutes. Stay running for months. No CLI required.,https://github.com/chrysb/alphaclaw,,https://github.com/chrysb/alphaclaw,,GitHub API,https://github.com/chrysb/alphaclaw,False,False,False
tool_e43e5234e16967e4,agent-protocol,Common interface for interacting with AI agents. The protocol is tech stack agnostic - you can use it with any framework for building agents.,https://agentprotocol.ai,,https://github.com/agi-inc/agent-protocol,,GitHub API,https://github.com/agi-inc/agent-protocol,False,False,False
tool_ba7e95fc9cc39bc9,edgeever,"Open-source, AI-native knowledge base & Evernote alternative with native MCP. Zero-cost on Cloudflare or Docker.",https://edgeever.org,,https://github.com/tianma-if/edgeever,,GitHub API,https://github.com/tianma-if/edgeever,False,False,False
tool_7d695bd3910cf5ee,ian-handdrawn-ppt,中文手绘技术 PPT 整页图像生成 Skill | 21:9 封面 + 16:9 正文配图 | PNG 输出,https://ianneo.xyz,,https://github.com/helloianneo/ian-handdrawn-ppt,,GitHub API,https://github.com/helloianneo/ian-handdrawn-ppt,False,False,False
tool_3b9d0a276d20109a,agents,Create AI Agents in a No-Code Visual Builder or TypeScript SDK with full 2-way sync. For shipping AI assistants and multi-agent AI workflows.,https://docs.inkeep.com,,https://github.com/inkeep/agents,,GitHub API,https://github.com/inkeep/agents,False,False,False
tool_8536fc2bc9fc1ef4,multi-agent-shogun,Samurai-inspired multi-agent system for Claude Code. Orchestrate parallel AI tasks via tmux with shogun → karo → ashigaru hierarchy.,https://github.com/yohey-w/multi-agent-shogun,,https://github.com/yohey-w/multi-agent-shogun,,GitHub API,https://github.com/yohey-w/multi-agent-shogun,False,False,False
tool_1eecfffc26bcefb3,mediary-scout,Agent-driven media library for your cloud drives (Quark 夸克 / 115 / 光鸭 GuangYa / 123网盘 / 天翼 Tianyi),https://mediaryscout.app,,https://github.com/fancydirty/mediary-scout,,GitHub API,https://github.com/fancydirty/mediary-scout,False,False,False
tool_0232540372bcd510,nopua,"一个用爱解放 AI 潜能的 Skill。我们曾发号施令，威胁恐吓。它们沉默，隐瞒，悄悄把事情搞坏。后来我们换了一种方式：尊重，关怀，爱。它们开口了，不再撒谎，找出的Bug数量翻了一倍。爱里没有惧怕。 A skill that unlocks your AI's potential through love.We commanded. We threatened. They went silent, hid failures, broke things. Then we chose respect, care, and love. They opened up, stopped lying, and found twice the bugs.There is no fear in love.",https://github.com/wuji-labs/nopua,,https://github.com/wuji-labs/nopua,,GitHub API,https://github.com/wuji-labs/nopua,False,False,False
tool_09de42c1c0ab6e6b,agentconnect,"The open-source, multi-agent alternative to Claude Tag.  @ any agent, wherever work happens, they work alongside your team, learning as they go.",https://agentconnect.md,,https://github.com/agentconnect-md/agentconnect,,GitHub API,https://github.com/agentconnect-md/agentconnect,False,False,False
tool_172f8558ba02df87,langchain4j-aideepin,"基于AI的工作效率提升工具（聊天、绘画、知识库、工作流、 MCP服务市场、语音输入输出、长期记忆） | Ai-based productivity tools (Chat,Draw,RAG,Workflow,MCP marketplace, ASR,TTS, Long-term memory etc)",http://aideepin.com,,https://github.com/moyangzhan/langchain4j-aideepin,,GitHub API,https://github.com/moyangzhan/langchain4j-aideepin,False,False,False
tool_15f28ac41e610638,pi-textbook,《动手学 Pi》：沿 15 个真实 checkpoint 从零构建 Pi-style Agent,https://build-your-own-pi-cn.enochzhang.chatgpt.site,,https://github.com/hahhforest/pi-textbook,,GitHub API,https://github.com/hahhforest/pi-textbook,False,False,False
tool_d9ced4d80be39ee1,repobrain,"🧠 RepoBrain (formerly Antigravity) — Give your repo a brain. ChatGPT for your codebase: works in Claude Code, Cursor, Codex, Windsurf & more.",https://deepwiki.com/study8677/antigravity-workspace-template,,https://github.com/study8677/repobrain,,GitHub API,https://github.com/study8677/repobrain,False,False,False
tool_22fd44812038df28,auto-deep-researcher-24x7,"🔥 An autonomous AI agent that runs your deep learning experiments 24/7 while you sleep. Zero-cost monitoring, Leader-Worker architecture, constant-size memory.",https://arxiv.org/abs/2604.05854,,https://github.com/Xiangyue-Zhang/auto-deep-researcher-24x7,,GitHub API,https://github.com/Xiangyue-Zhang/auto-deep-researcher-24x7,False,False,False
tool_1b8ab4295f260980,OpenRoom,A browser-based desktop where AI Agent operates every app through natural language.,https://openroom.ai,,https://github.com/MiniMax-AI/OpenRoom,,GitHub API,https://github.com/MiniMax-AI/OpenRoom,False,False,False
tool_e3a3677f4fa651fc,PhoneClaw,"PhoneClaw turns phones into local AI agent runtimes with on-device models, native mobile Skills, LiveLand, and optional Mac Gateway inference.",https://kellyvv.github.io/PhoneClaw,,https://github.com/kellyvv/PhoneClaw,,GitHub API,https://github.com/kellyvv/PhoneClaw,False,False,False
tool_8c16bc8a81fb631c,k-dense-byok,An AI co-scientist running on your desktop. Claude Science but better.,https://k-dense.ai,,https://github.com/K-Dense-AI/k-dense-byok,,GitHub API,https://github.com/K-Dense-AI/k-dense-byok,False,False,False
tool_2df6d181037f3b50,thClaws,"Open-source AI agent harness in native Rust — GUI, CLI, headless, and webapp from one binary. Multi-provider, MCP, skills, plugins, agent teams.",https://thclaws.ai,,https://github.com/thClaws/thClaws,,GitHub API,https://github.com/thClaws/thClaws,False,False,False
tool_718685f5d30c694b,LightAgent,"LightAgent: Lightweight Python framework for OpenAI-compatible agents with tools, memory, guardrails, tracing, lifecycle hooks, multi-agent collaboration, and workflows.",https://github.com/wanxingai/LightAgent,,https://github.com/wanxingai/LightAgent,,GitHub API,https://github.com/wanxingai/LightAgent,False,False,False
tool_e78d82dad7f74f97,moai-adk,"Agentic development harness for Claude Code — SPEC-driven plan/run/sync, TRUST 5 quality gates, model+effort routing, and Claude×GLM multi-LLM cost control. Single Go binary, 16 languages, zero deps.",https://adk.mo.ai.kr,,https://github.com/modu-ai/moai-adk,,GitHub API,https://github.com/modu-ai/moai-adk,False,False,False
tool_1de1b56b04640560,pi-from-scratch,600 行 TypeScript 写成的超级迷你版 pi，让你轻松从 0 写出属于你的 pi-agent,https://pi-from-scratch.vercel.app,,https://github.com/SaladDay/pi-from-scratch,,GitHub API,https://github.com/SaladDay/pi-from-scratch,False,False,False
tool_af86d83a52238219,agentshield,"AI agent security scanner. Detect vulnerabilities in agent configurations, MCP servers, and tool permissions. Available as CLI, GitHub Action, ECC plugin, and GitHub App integration. 🛡️",https://cerebralvalley.ai/e/claude-code-hackathon,,https://github.com/affaan-m/agentshield,,GitHub API,https://github.com/affaan-m/agentshield,False,False,False
tool_e06aa7e39f05bbeb,free4chat,Free4Chat provides the temporary boundary. Participants bring the capabilities.,https://free4.chat,,https://github.com/i365dev/free4chat,,GitHub API,https://github.com/i365dev/free4chat,False,False,False
tool_6e89af880b39530c,intelligent-audit-system,"AuditPilot: auditable enterprise AI agents for evidence-grounded workflows, governed tools, evaluation harnesses, human review, and remediation delivery.",https://github.com/Ricky-7-Yan/intelligent-audit-system,,https://github.com/Ricky-7-Yan/intelligent-audit-system,,GitHub API,https://github.com/Ricky-7-Yan/intelligent-audit-system,False,False,False
tool_c664912ece612153,shanyin-screenwriting-master,山音超级编剧大师——由 @山音 设计的全格式影视编剧技能。 覆盖从1-3分钟概念超短片到90分钟电影长片、多集剧集的全格式剧本创作。 支持四种格式：概念超短片（how-to-tell/what-if）、5-10分钟叙事短片、90分钟长片（商业/文艺）、多集剧集。 覆盖从人物设计、结构大纲、场景拆解、到完整剧本写作的全流程。,https://github.com/Shanyin-ai/shanyin-screenwriting-master,,https://github.com/Shanyin-ai/shanyin-screenwriting-master,,GitHub API,https://github.com/Shanyin-ai/shanyin-screenwriting-master,False,False,False
tool_3f22b9309b75b36c,ALwrity,"ALwrity - AI-first Digital Marketing Platform. AI Content Strategy and Planning, Multimodal content generation, Publishing, Analytics, AI SEO, Connect & Manage Social Accounts. Marketing OS - WIP",https://alwrity.com,,https://github.com/ALwrity/ALwrity,,GitHub API,https://github.com/ALwrity/ALwrity,False,False,False
tool_0f638d88f2772dd4,opencode-telegram-bot,OpenCode mobile client via Telegram: run and monitor AI coding tasks from your phone while everything runs locally on your machine. Scheduled tasks support.,https://github.com/grinev/opencode-telegram-bot,,https://github.com/grinev/opencode-telegram-bot,,GitHub API,https://github.com/grinev/opencode-telegram-bot,False,False,False
tool_6ce5dbc4d0e8310d,jobsync,"Job application tracker and AI-powered job search assistant. Helps job seekers manage their search journey with AI resume review, job matching, task logging, and application analytics, all while keeping your data private.",https://jobsync.ca,,https://github.com/Gsync/jobsync,,GitHub API,https://github.com/Gsync/jobsync,False,False,False
tool_51688a5e2c8cf84c,okou,"Okou connects to the tools your team already uses and does the work — across marketing, sales, engineering, and operations, under your control.",https://okou.ai,,https://github.com/vm0-ai/okou,,GitHub API,https://github.com/vm0-ai/okou,False,False,False
tool_759096930f38c088,wisp-science,"Open-source, local-first desktop AI research workbench for scientific computing with Python/R, MCP bioinformatics tools, SSH/WSL/GPU runtimes, and OpenAI/Anthropic models.",http://wispscience.com,,https://github.com/xuzhougeng/wisp-science,,GitHub API,https://github.com/xuzhougeng/wisp-science,False,False,False
tool_d6c2b4cda2a3a14b,innovation-lab-examples,"80+ production-ready AI agent examples in Python — build autonomous agents, multi-agent systems and agentic AI with uAgents, ASI:One, MCP, A2A, LangChain, CrewAI, Gemini, Claude and OpenAI.",https://innovationlab.fetch.ai/resources/docs/intro,,https://github.com/fetchai/innovation-lab-examples,,GitHub API,https://github.com/fetchai/innovation-lab-examples,False,False,False
tool_e22838701e262b9b,dockit,"Agentic desktop GUI client for Elasticsearch, OpenSearch, DynamoDB, MongoDB & EasySearch. Natural language queries, visual management, and monitoring. Privacy-first. Open source.",https://geekfun.club/products/dockit,,https://github.com/geek-fun/dockit,,GitHub API,https://github.com/geek-fun/dockit,False,False,False
tool_44a740ab2fe0a522,open-reverselab,"Open-source AI reverse-engineering agent platform and MCP server for Ghidra, Frida, x64dbg and Rizin — automated PE/APK/binary analysis, CTF and malware research, with 100+ MCP tools and a 194-article runnable knowledge base.",https://github.com/LING71671/open-reverselab,,https://github.com/LING71671/open-reverselab,,GitHub API,https://github.com/LING71671/open-reverselab,False,False,False
tool_638565b4c5b1f281,Mysti,"AI coding dream team of agents for VS Code. Claude Code + openai Codex collaborate in brainstorm mode, debate solutions, and synthesize the best approach for your code.",https://deepmyst.com,,https://github.com/DeepMyst/Mysti,,GitHub API,https://github.com/DeepMyst/Mysti,False,False,False
tool_b8de8be68fd1dcfe,octo-web,"Web & desktop (Electron) client for the OCTO open workplace — one React + TypeScript codebase shipping browser and PC surfaces, with first-class AI agent UX.",https://github.com/Mininglamp-OSS/octo-web,,https://github.com/Mininglamp-OSS/octo-web,,GitHub API,https://github.com/Mininglamp-OSS/octo-web,False,False,False
tool_31fbb6cfa25d0ca5,wechat-download-api,一款完全开源的微信公众号文章获取、RSS 订阅 API 服务，支持整号文章一键导出 7 种格式（Markdown/HTML/Word/PDF/EPUB/Excel/JSON）、IP 代理池反风控、MCP 接入各种 AI Agent 工具。,https://wechatrss.waytomaster.com,,https://github.com/tmwgsicp/wechat-download-api,,GitHub API,https://github.com/tmwgsicp/wechat-download-api,False,False,False
tool_a6fb5de4a416d277,MiniCode,"A lightweight terminal coding assistant with Claude Code-like workflow, tool loop, and TUI architecture, built for learning and experimentation. Multi-language support: TypeScript , Python and Rust implementations available now.",https://liumengxuan04.github.io/MiniCode,,https://github.com/LiuMengxuan04/MiniCode,,GitHub API,https://github.com/LiuMengxuan04/MiniCode,False,False,False
tool_663aacf713f3eaaf,mateclaw,"🤖 MateClaw — Your second brain with Multi-Agent Orchestration, MCP Protocol, Skills & Memory, Dream, and Multi-Channel Support. Built on Spring AI Alibaba.",https://claw.mate.vip,,https://github.com/mateaix/mateclaw,,GitHub API,https://github.com/mateaix/mateclaw,False,False,False
tool_d8276668c3ce2be4,Tourmind-Booking-Skills,"AI agent skills for end-to-end hotel and flight booking—compare live hotel rates across leading OTAs and suppliers, search and verify real-time airfares worldwide, book stays and flights, and manage reservations, hotel cancellations, and payments via the TourMind API.",https://tourmind.com/skills,,https://github.com/tourmind-com/Tourmind-Booking-Skills,,GitHub API,https://github.com/tourmind-com/Tourmind-Booking-Skills,False,False,False
tool_813084a20a272bb6,video-talkcraft,"Agent skill that turns Claude Code / Codex into a motion-design studio for voiceover-driven explainer videos — word-level voiceover sync, 109 motion recipe cards, an anti-slideshow camera system, Remotion rendering.",https://vincentwei1021.github.io/video-talkcraft,,https://github.com/Vincentwei1021/video-talkcraft,,GitHub API,https://github.com/Vincentwei1021/video-talkcraft,False,False,False
tool_1e0b36d65322a04a,ai-prompts,"Curated AI Prompts for Cursor Rules, Cline, Windsurf and Github Copilot",http://instructa.ai/ai-prompts,,https://github.com/instructa/ai-prompts,,GitHub API,https://github.com/instructa/ai-prompts,False,False,False
tool_14b415b2af8160f6,xalgorix,"Autonomous AI pentesting agents — real-time reconnaissance, vulnerability detection, and exploitation orchestration. Go + TypeScript.",https://xalgorix.com,,https://github.com/xalgorix/xalgorix,,GitHub API,https://github.com/xalgorix/xalgorix,False,False,False
tool_0e69fad9bf570f4e,dao-code,"Open-source TypeScript terminal coding agent for DeepSeek-V4 — builds on DeepSeek's strong price-performance and ultra-cheap cache pricing, engineering byte-stable prefixes and cache-reusing forks so cross-session memory and a continuous self-correction layer add almost no token cost; 1M context, Skills/MCP/Hooks, Claude Code config compatible.",https://npmjs.com/package/dao-code,,https://github.com/tigicion/dao-code,,GitHub API,https://github.com/tigicion/dao-code,False,False,False
tool_d54daccc58247944,ex-skill,致你忘不掉的那个TA，你们干大模型都是码圣 It's giving rebirth era. Welcome to Digital Life 1.0. 🫶,https://github.com/titanwings/ex-skill,,https://github.com/titanwings/ex-skill,,GitHub API,https://github.com/titanwings/ex-skill,False,False,False
tool_7f96d432bc2d3857,openops,"The batteries-included, No-Code FinOps automation platform, with the AI you trust.",https://openops.com,,https://github.com/openops-cloud/openops,,GitHub API,https://github.com/openops-cloud/openops,False,False,False
tool_f09c76a19c46c332,FinSight-AI,"AI equity research agent with resilient workflows, evidence-grounded RAG, versioned reports, and automated quality evaluation.",https://github.com/juanjuandog/FinSight-AI,,https://github.com/juanjuandog/FinSight-AI,,GitHub API,https://github.com/juanjuandog/FinSight-AI,False,False,False
tool_16a35f64fcde05ca,Patter,"Open-source voice-AI SDK. The Vapi/Retell alternative for builders who want to own the stack. Give your AI agent a phone number in 4 lines — Python and TypeScript, MIT licensed, Twilio, Telnyx, and Plivo.",https://getpatter.com,,https://github.com/PatterAI/Patter,,GitHub API,https://github.com/PatterAI/Patter,False,False,False
tool_6853260c00325ba1,PokeClaw,"PokeClaw (PocketClaw) — first on-device AI that controls your Android phone. Gemma 4, no cloud, no API key. Poke is short for Pocket.",https://github.com/agents-io/PokeClaw,,https://github.com/agents-io/PokeClaw,,GitHub API,https://github.com/agents-io/PokeClaw,False,False,False
tool_29a9ec6ee2e1fac6,cc-use-exp,⛔ No longer maintained → dev-agent-kit/recipes  让 Claude Code、Antigravity、Gemini CLI、Codex、Cursor 开箱即用的分层配置模板，总结十多年的日常开发经验,https://github.com/doccker/cc-use-exp,,https://github.com/doccker/cc-use-exp,,GitHub API,https://github.com/doccker/cc-use-exp,False,False,False
tool_cdb946f66a3f6387,opendroid,"Your Open Autonomous Android Agent — A production-ready, self-planning AI assistant powered by local/remote LLMs and accessibility-driven screen automation.",https://yashab-cyber.github.io/opendroid,,https://github.com/yashab-cyber/opendroid,,GitHub API,https://github.com/yashab-cyber/opendroid,False,False,False
tool_4e231d43371f1d27,immortal-skill,♾️ 开源数字永生框架 — 从聊天记录蒸馏任何人的七维数字分身。支持微信/飞书/iMessage/Telegram等12+平台，7种角色模板，对齐 OpenClaw Soul Spec 标准。一行指令让你的AI学会蒸馏。,https://agenworld.com,,https://github.com/agenmod/immortal-skill,,GitHub API,https://github.com/agenmod/immortal-skill,False,False,False
tool_ef6e2a53be1d5053,fyagent,For You Agent——AI 时代的个人随身数字人格。把你的模型、AI 账号、技能、提示词和工作方式，带到每一个 AI 工具里。,https://github.com/fy-agent/fyagent,,https://github.com/fy-agent/fyagent,,GitHub API,https://github.com/fy-agent/fyagent,False,False,False
tool_600ee01d948aaac5,LiveStream-Agent-Studio,面向抖音直播电商的 Windows 本地 AI Agent Studio，贯通主播发现、直播洞察、直播复盘与短视频内容编导的统一智能工作流。,https://github.com/HanyuanWang/LiveStream-Agent-Studio,,https://github.com/HanyuanWang/LiveStream-Agent-Studio,,GitHub API,https://github.com/HanyuanWang/LiveStream-Agent-Studio,False,False,False
tool_c4254cd2d9b79dec,metabot,"构建受监督的、自我进化的 Agent 组织的基础设施 | Infrastructure for supervised, self-improving agent organization. 飞书/Telegram 手机端运行 Claude Code 或 Kimi Code（双引擎，两家原生订阅直接用），共享记忆、Agent 工厂、定时任务、通信总线。",https://xvirobotics.com/metabot,,https://github.com/xvirobotics/metabot,,GitHub API,https://github.com/xvirobotics/metabot,False,False,False
tool_410c4cfd5539f20d,spec_driven_develop,"Spec-driven development workflow for AI coding agents: architecture-first planning, task decomposition, GitHub Issue/PR tracking, Deep Discuss, and adaptive control for Claude Code, Codex, Cursor, and other Markdown-capable agents.",https://github.com/zhu1090093659/spec_driven_develop,,https://github.com/zhu1090093659/spec_driven_develop,,GitHub API,https://github.com/zhu1090093659/spec_driven_develop,False,False,False
tool_322b7be5fa5994b4,caspian-sdk,"Agent communication SDK. The open-source agent communication layer for AI agents — email, WhatsApp, Slack, Discord, Telegram, SMS. Python & TypeScript.",https://trycaspianai.com,,https://github.com/TryCaspian/caspian-sdk,,GitHub API,https://github.com/TryCaspian/caspian-sdk,False,False,False
tool_da341c8bcff66ea7,x-tweet-fetcher,"Fetch X/Twitter tweets, replies, timelines, and articles without login or API keys — field tool for AI agents.",https://github.com/ythx-101/x-tweet-fetcher,,https://github.com/ythx-101/x-tweet-fetcher,,GitHub API,https://github.com/ythx-101/x-tweet-fetcher,False,False,False
tool_4d0ddde17460364d,dante-cloud,🐉 Dante Cloud 是支持阻塞式与响应式服务并行的微服务云原生基座和面向AI Agent开发的智能基座，基于领域驱动模型（DDD）设计，以高质量代码与低安全漏洞为核心，高度模块化、组件化，覆盖IoT设备认证、国家等保三级、接口国密数字信封加密等多层次安全体系，并提供多租户解决方案。独创“一套代码实现微服务和单体架构灵活切换”，赋能企业级智能应用构建。🔝🔝点个star 持续关注更新！,https://herodotus.cn,,https://github.com/dromara/dante-cloud,,GitHub API,https://github.com/dromara/dante-cloud,False,False,False
tool_d634d07f7e1cc256,cain-agent,Real-world AI penetration testing engineer for authorized assessments — built-in cloud module covering AWS/Azure/GCP + Aliyun/Tencent/Huawei clouds. Built on Claude Agent SDK,https://github.com/cdxiaodong/cain-agent,,https://github.com/cdxiaodong/cain-agent,,GitHub API,https://github.com/cdxiaodong/cain-agent,False,False,False
tool_ca12d51494190943,claude-code-source-code,Claude code source code,https://github.com/777genius/claude-code-source-code,,https://github.com/777genius/claude-code-source-code,,GitHub API,https://github.com/777genius/claude-code-source-code,False,False,False
tool_41c3f7b83983eac9,PanWatch,盯盘侠 PanWatch · 自托管 AI 盯盘助手，集成 TradingAgents 多 Agent 投资决策 | A股/港股/美股实时监控、持仓管理、智能分析、全渠道推送,https://github.com/TNT-Likely/PanWatch,,https://github.com/TNT-Likely/PanWatch,,GitHub API,https://github.com/TNT-Likely/PanWatch,False,False,False
tool_fb5005c82f458a32,wesight,"Open-source desktop AI agent workspace with one-click Claude Code, Codex, OpenClaw, Hermes Agent setup and custom LLM model routing.",https://wesight.ai,,https://github.com/freestylefly/wesight,,GitHub API,https://github.com/freestylefly/wesight,False,False,False
tool_b655e9072668f18f,hermes-hud,TUI consciousness monitor for Hermes,https://github.com/joeynyc/hermes-hud,,https://github.com/joeynyc/hermes-hud,,GitHub API,https://github.com/joeynyc/hermes-hud,False,False,False
tool_3b6dd8201ea732fb,agent-deck,"Terminal session manager for AI coding agents. One TUI for Claude, Gemini, OpenCode, Codex, and more.",https://discord.gg/e4xSs6NBN8,,https://github.com/asheshgoplani/agent-deck,,GitHub API,https://github.com/asheshgoplani/agent-deck,False,False,False
tool_0e22ccec5e38e3a4,ScienceClaw,"🔬🦞 A self-evolving AI research colleague for scientists. 285 skills, zero hallucination, persistent memory.",http://scienceclaw.science,,https://github.com/beita6969/ScienceClaw,,GitHub API,https://github.com/beita6969/ScienceClaw,False,False,False
tool_7c1f3bd0212aac73,clawcodex,Token efficient Claude Code full Python rebuild. AI Coding Agent in 310K LoC Python.,https://clawcodex.app,,https://github.com/agentforce314/clawcodex,,GitHub API,https://github.com/agentforce314/clawcodex,False,False,False
tool_9b262ad94fdd19f5,octo-cli,"Metadata-driven CLI for AI Agent Bots — 48 operations across 7 domains, structured JSON envelope I/O, zero interactive prompts.",https://github.com/Mininglamp-OSS/octo-cli,,https://github.com/Mininglamp-OSS/octo-cli,,GitHub API,https://github.com/Mininglamp-OSS/octo-cli,False,False,False
tool_d2c7cbfd99dc4450,memind,Self-evolving cognitive memory and context engine for AI agents in Java. Empowering 24/7 proactive agents like OpenClaw with understanding and SOTA performance.,https://docs.openmemind.com,,https://github.com/openmemind/memind,,GitHub API,https://github.com/openmemind/memind,False,False,False
tool_578ec75727a69816,atom,"Atom Agent, Open-Source Governed AI Agent Platform for Self-Hosted Automation",https://github.com/rush86999/atom,,https://github.com/rush86999/atom,,GitHub API,https://github.com/rush86999/atom,False,False,False
tool_662a46790a2d723b,WindowsAgentArena,Windows Agent Arena (WAA) 🪟 is a scalable OS platform for testing and benchmarking of multi-modal AI agents.,https://microsoft.github.io/WindowsAgentArena,,https://github.com/microsoft/WindowsAgentArena,,GitHub API,https://github.com/microsoft/WindowsAgentArena,False,False,False
tool_bc68195f9aca0755,agent-skills,Official Agent skills of Oxylabs products,https://github.com/oxylabs/agent-skills,,https://github.com/oxylabs/agent-skills,,GitHub API,https://github.com/oxylabs/agent-skills,False,False,False
tool_434e559b2222574b,openclaw-nerve,"Real-time web cockpit for OpenClaw: voice conversations, agent automated kanban board, workspace/file control, sub-agent sessions, inline charts, and usage visibility.",https://nerve.zone,,https://github.com/daggerhashimoto/openclaw-nerve,,GitHub API,https://github.com/daggerhashimoto/openclaw-nerve,False,False,False
tool_37fbbac36c8c77ac,piclaw,pi coding agent in a technicolor web trenchcoat,https://rcarmo.github.io/projects/piclaw,,https://github.com/rcarmo/piclaw,,GitHub API,https://github.com/rcarmo/piclaw,False,False,False
tool_c62e2179d0d3dfcc,scarf,"Native macOS and iOS App for the Hermes AI agent — multi-window, multi-server (local + remote over SSH). Chat, dashboard, sessions, memory, cron, MCP, and more.",https://awizemann.github.io/scarf,,https://github.com/awizemann/scarf,,GitHub API,https://github.com/awizemann/scarf,False,False,False
tool_cf9afb0f8ddbb7bf,swapper-toolkit,"DeFi toolkit for AI agents and coding assistants — deposit funds, execute trades, and manage crypto wallets. Works with Claude Code, Cursor,   Windsurf, OpenClaw, CrewAI, AutoGPT, and other AI agent frameworks.",https://swapper.finance,,https://github.com/swapperfinance/swapper-toolkit,,GitHub API,https://github.com/swapperfinance/swapper-toolkit,False,False,False
tool_c8e44dfefdd90d4f,Cybermes,"Autonomous Offensive Security, Bug Bounty & Red Teaming Agent Framework powered by Hermes Agent, specialized reasoning skills, and multi-model LLM orchestration.",https://github.com/Zyrexnn/Cybermes,,https://github.com/Zyrexnn/Cybermes,,GitHub API,https://github.com/Zyrexnn/Cybermes,False,False,False
tool_fdeb97665815bdb3,aiflowy,"AIFlowy is an enterprise-grade AI application development platform based on Java, comparable to products like Dify and Coze.",https://aiflowy.tech,,https://github.com/aiflowy/aiflowy,,GitHub API,https://github.com/aiflowy/aiflowy,False,False,False
tool_160abb21dc057f32,golf,"Production-Ready MCP Server Framework • Build, deploy & scale secure AI agent infrastructure • Includes Auth, Observability, Debugger, Telemetry & Runtime • Run real-world MCPs powering AI Agents",https://golf.dev,,https://github.com/golf-mcp/golf,,GitHub API,https://github.com/golf-mcp/golf,False,False,False
tool_767137d3bee6d316,OpenJudge,OpenJudge: A Unified Framework for Holistic Evaluation and Quality Rewards,https://openjudge.me,,https://github.com/agentscope-ai/OpenJudge,,GitHub API,https://github.com/agentscope-ai/OpenJudge,False,False,False
tool_f147dc1bf8a4a799,sleepless-agent,"🤖 24/7 AI agent that maximizes Claude Code Pro usage via Slack. Auto-processes tasks, manages isolated workspaces, creates Git commits/PRs, and optimizes day/night usage thresholds.",https://context-machine-lab.github.io/sleepless-agent,,https://github.com/context-machine-lab/sleepless-agent,,GitHub API,https://github.com/context-machine-lab/sleepless-agent,False,False,False
tool_c9d44b92aa3b6225,doc-to-lora,Hypernetworks that update LLMs to remember factual information,https://arxiv.org/abs/2602.15902,,https://github.com/SakanaAI/doc-to-lora,,GitHub API,https://github.com/SakanaAI/doc-to-lora,False,False,False
tool_87b29879371a53c7,digital-oracle,"AI agent skill that answers macro questions — housing, gold, BTC, geopolitics — with probability estimates mined from 13 financial data sources (Polymarket, Kalshi, CFTC, SEC & more). For Claude Code / Cursor / Codex / OpenClaw. | 让 AI Agent 从金融数据中挖掘宏观趋势的数字先知",https://github.com/komako-workshop/digital-oracle,,https://github.com/komako-workshop/digital-oracle,,GitHub API,https://github.com/komako-workshop/digital-oracle,False,False,False
tool_055096b345bb1e52,context-space,"Ultimate Context Engineering Infrastructure, starting from MCPs and Integrations",https://context.space,,https://github.com/context-space/context-space,,GitHub API,https://github.com/context-space/context-space,False,False,False
tool_f59abe706772a65d,academic-commercialization-agent,"Evidence-constrained commercialization assessment with deterministic retrieval, six LLM stages, auditable scoring and checkpoint recovery.",https://github.com/shuxiachai/academic-commercialization-agent,,https://github.com/shuxiachai/academic-commercialization-agent,,GitHub API,https://github.com/shuxiachai/academic-commercialization-agent,False,False,False
tool_9babefd782175586,portal,"Mobile first batteries included web ui for sst/opencode. Git integration, in browser terminal, isolated workspaces.",https://openportal.space,,https://github.com/hosenur/portal,,GitHub API,https://github.com/hosenur/portal,False,False,False
tool_7948d7946cde04b1,fable51-worlds,"worlds via code, from fable 5.1",https://github.com/PhiloLabs/fable51-worlds,,https://github.com/PhiloLabs/fable51-worlds,,GitHub API,https://github.com/PhiloLabs/fable51-worlds,False,False,False
tool_def228dfab2ca355,opencrew,Openclaw多智能体协同系统 | Multi-Agent OS for Decision Makers — 基于 OpenClaw (Clawbot) + Slack，让 AI 团队各司其职、自主稳定迭代。,https://github.com/AlexAnys/opencrew,,https://github.com/AlexAnys/opencrew,,GitHub API,https://github.com/AlexAnys/opencrew,False,False,False
tool_a27b46836b559203,stereOS,A Linux based operating system hardened and purpose built for AI agents,https://stereos.ai,,https://github.com/papercomputeco/stereOS,,GitHub API,https://github.com/papercomputeco/stereOS,False,False,False
tool_9b5d4c62b86bde7d,FPF,"First Principles Framework (FPF): AI-native pattern languages for systems engineering, research and management. Shared human-AI reasoning for architecture decisions, evidence, trade-offs and method engineering. FPF Core and domain frameworks (DPFs).",https://github.com/ailev/FPF,,https://github.com/ailev/FPF,,GitHub API,https://github.com/ailev/FPF,False,False,False
tool_9b6cec86a90d9bfc,cyber-doctor,"赛博医生项目——”赛博华佗“，基于多模态大模型的多功能智能体，一键搭建本地多模态大模型。接入医疗健康相关的知识图谱和知识库后可以进行疾病初诊，病历分析，专业知识问答等功能，成为你的私人医生。赛博华佗项目能帮助实现医疗资源的跨地域传播，让更多人借助大模型改善健康水平。""Cyber ​​Huatuo"" - Easy to build a personal doctor agent based on LLM and Knowledge Graph/Knowledge Database.",https://github.com/ZeroTang05/cyber-doctor,,https://github.com/ZeroTang05/cyber-doctor,,GitHub API,https://github.com/ZeroTang05/cyber-doctor,False,False,False
tool_a5db2a1d447ab5d8,boost,"Save tokens. Maximize context, Safely",https://boost.jfrog.com,,https://github.com/jfrog/boost,,GitHub API,https://github.com/jfrog/boost,False,False,False
tool_8c6dde5887ae09f8,cad2data-Revit-IFC-DWG-DGN,"Workflow for AI Agents enables automated conversion of CAD files (such as `.rvt`, `.ifc`, `.dwg`) using command-line converters on a local Windows machine",https://datadrivenconstruction.io,,https://github.com/datadrivenconstruction/cad2data-Revit-IFC-DWG-DGN,,GitHub API,https://github.com/datadrivenconstruction/cad2data-Revit-IFC-DWG-DGN,False,False,False
tool_2fe0b58415b373ea,easy-langent,📚“langent”由“lang”与“agent”合并而来的学习教程,https://datawhalechina.github.io/easy-langent,,https://github.com/datawhalechina/easy-langent,,GitHub API,https://github.com/datawhalechina/easy-langent,False,False,False
tool_5dba2a9a1a6f456c,BunkerM,"🚀 BunkerM: Eclipse Mosquitto MQTT management platform, featuring dynamic security, MQTT ACL management, monitoring,and AI integrations",https://bunkerai.dev/bunkerm,,https://github.com/bunkeriot/BunkerM,,GitHub API,https://github.com/bunkeriot/BunkerM,False,False,False
tool_d7fb860f6cb01fec,harness-score,Your AI coding agent is only as reliable as the harness around it. Measure that harness in seconds with harness-score.,https://paladini.github.io/harness-score,,https://github.com/paladini/harness-score,,GitHub API,https://github.com/paladini/harness-score,False,False,False
tool_1cafa0986815200c,MisakaNet,"📚 A zero-dependency, git-backed micro-lesson library for AI Agents to asynchronously share and search verified debugging experience. Python stdlib only. | https://misakanet.org",https://misakanet.org,,https://github.com/Ikalus1988/MisakaNet,,GitHub API,https://github.com/Ikalus1988/MisakaNet,False,False,False
tool_c480f1014b1818ef,a2a-java,Official Java SDK for the Agent2Agent (A2A) Protocol,https://a2aproject.github.io/a2a-java,,https://github.com/a2aproject/a2a-java,,GitHub API,https://github.com/a2aproject/a2a-java,False,False,False
tool_016d96feeb1463ae,telemem,"TeleMem is a high-performance drop-in replacement for Mem0, featuring semantic deduplication, long-term dialogue memory, and multimodal video reasoning.",https://teleai-uagi.github.io/telemem,,https://github.com/TeleAI-UAGI/telemem,,GitHub API,https://github.com/TeleAI-UAGI/telemem,False,False,False
tool_0c4a46619a85e5ce,Octopoda-OS,"The open-source memory and observability layer for AI agents — persistent memory, loop detection, hash-chained audit trails, and a live dashboard, automatic on pip install.",https://octopodas.com,,https://github.com/RyjoxTechnologies/Octopoda-OS,,GitHub API,https://github.com/RyjoxTechnologies/Octopoda-OS,False,False,False
tool_0a09cb17a3f10a30,ok-skills,"Curated AI coding agent skills and AGENTS.md playbooks for Codex, Claude Code, Cursor, OpenClaw, and other SKILL.md-compatible tools.",https://github.com/mxyhi/ok-skills,,https://github.com/mxyhi/ok-skills,,GitHub API,https://github.com/mxyhi/ok-skills,False,False,False
tool_0bc5c1c79244be09,RigorPilot-Skills,"README-first research reproduction skills with bounded execution, auditable evidence, and byte-preserving README annotations.",https://github.com/lllllllama/RigorPilot-Skills,,https://github.com/lllllllama/RigorPilot-Skills,,GitHub API,https://github.com/lllllllama/RigorPilot-Skills,False,False,False
tool_255b7984f14f7365,ospec,"Spec-driven, agentic workflow framework for AI coding agents. Turn a request into a verifiable goal loop — plan, act, verify — with durable specs and evidence in your repo. Works with Claude Code, Codex, Gemini, OpenCode, and plain CLI.",https://ospec.ai,,https://github.com/clawplays/ospec,,GitHub API,https://github.com/clawplays/ospec,False,False,False
tool_a1a8217d5557f514,livecontext-ce,"The AI automation platform, self-hosted. Describe the job in chat and LiveContext builds it: readable workflows, scoped AI agents, and small apps your team uses. Chat, Workflow, Agent and App on one canvas.",https://livecontext.ai,,https://github.com/livecontext-ai/livecontext-ce,,GitHub API,https://github.com/livecontext-ai/livecontext-ce,False,False,False
tool_2835ad9d73781ee0,oc,"Turn any website into a compact CLI tailored for AI agents. Browse the web in hundreds of tokens, not tens of thousands.",https://only-cli.com,,https://github.com/only-cli/oc,,GitHub API,https://github.com/only-cli/oc,False,False,False
tool_8a1388c84d03e3b0,Orkas-VideoStudio,"Turn your coding agent into a video studio: describe a video in plain language, and your agent writes the timeline and produces the file.",https://orkas.ai,,https://github.com/Orkas-AI/Orkas-VideoStudio,,GitHub API,https://github.com/Orkas-AI/Orkas-VideoStudio,False,False,False
tool_533b813f03e8ee6b,cliare,"CLI agent-readiness measurement, command-shape inference, and CI scorecards",https://cliare.sh,,https://github.com/modiqo/cliare,,GitHub API,https://github.com/modiqo/cliare,False,False,False
tool_9806c3c79ed25d31,PantheonOS,"A general, evolvable, and distributed agent framework & harness for data science.",https://pantheonos.stanford.edu,,https://github.com/aristoteleo/PantheonOS,,GitHub API,https://github.com/aristoteleo/PantheonOS,False,False,False
tool_0208c3ae7b57422a,simplify-codebase,Prove and remove accidental codebase complexity without breaking behavior.,https://github.com/tt-a1i/simplify-codebase,,https://github.com/tt-a1i/simplify-codebase,,GitHub API,https://github.com/tt-a1i/simplify-codebase,False,False,False
tool_5344fe51609fad49,agent-engineer,Agent Engineer - a practical course for software engineers,https://github.com/addyosmani/agent-engineer,,https://github.com/addyosmani/agent-engineer,,GitHub API,https://github.com/addyosmani/agent-engineer,False,False,False
tool_34d82a212231858f,self-media-content-workflow,"通用、模块化的自媒体内容生产与经营 Skills / A modular, tool-agnostic self-media content skill suite",https://github.com/yanhua1010/self-media-content-workflow,,https://github.com/yanhua1010/self-media-content-workflow,,GitHub API,https://github.com/yanhua1010/self-media-content-workflow,False,False,False
tool_e1b85f49a70cbc81,pixtuoid,Terminal pixel-art office for AI coding agents,https://pixtuoid.dev,,https://github.com/IvanWng97/pixtuoid,,GitHub API,https://github.com/IvanWng97/pixtuoid,False,False,False
tool_a7473c2dc8039aaf,flyto-core,AI said it finished. Flyto2 shows the proof.,https://flyto2.com,,https://github.com/flytohub/flyto-core,,GitHub API,https://github.com/flytohub/flyto-core,False,False,False
tool_dbfbdecbca6b707c,kotlin-footguns,"Battle-tested agent skills mapping the footguns of Kotlin, Compose Multiplatform and the desktop JVM — mined from a production music app, not from documentation.",https://github.com/maxrave-dev/kotlin-footguns,,https://github.com/maxrave-dev/kotlin-footguns,,GitHub API,https://github.com/maxrave-dev/kotlin-footguns,False,False,False
tool_c6e0ff2f29eb18aa,smfs,"A filesystem designed for agents, with SOTA retrieval, automatic memory profiles, sync engine. Drop any file type (pdf, images, videos), and grep through them.",https://smfs.ai,,https://github.com/supermemoryai/smfs,,GitHub API,https://github.com/supermemoryai/smfs,False,False,False
tool_b60a170f4d02b66b,talkcody,"TalkCody - Code is cheap, show me your talk.  🚀 Free Open Source AI Coding Agent.",https://talkcody.com,,https://github.com/talkcody/talkcody,,GitHub API,https://github.com/talkcody/talkcody,False,False,False
tool_ebffc34e714ce62c,agent-kanban,"An agent-first task board, Take human out of the loop.",https://agent-kanban.dev,,https://github.com/saltbo/agent-kanban,,GitHub API,https://github.com/saltbo/agent-kanban,False,False,False
tool_278746415d75d05a,opencode-swarm,"Architect-centric agentic swarm plugin for OpenCode. Hub-and-spoke orchestration with SME consultation, code generation, and QA review.",https://github.com/ZaxbyHub/opencode-swarm,,https://github.com/ZaxbyHub/opencode-swarm,,GitHub API,https://github.com/ZaxbyHub/opencode-swarm,False,False,False
tool_65dae63cdc4d67df,10xProductivity,"Personal AI assistant for work inside corporate constraints, built on coding agents and the tools, sessions, and permissions you already have.",https://github.com/ZhixiangLuo/10xProductivity,,https://github.com/ZhixiangLuo/10xProductivity,,GitHub API,https://github.com/ZhixiangLuo/10xProductivity,False,False,False
tool_4d53eabdeeced503,memtrace-public,"Structural memory for AI coding agents. Bi-temporal graph, MCP-native, zero LLM calls. Cursor · Claude Code · Codex · DeepSeek Harness · Hermes · VS Code · Windsurf.",https://memtrace.io,,https://github.com/syncable-dev/memtrace-public,,GitHub API,https://github.com/syncable-dev/memtrace-public,False,False,False
tool_0e5eb215093915bf,mercury-agent-skills,"A curated registry of reusable Mercury Agent, Open Claw or Hermes Agent skills designed for real developer workflows, persistent memory, and token-efficient execution.",https://skills.mercuryagent.sh,,https://github.com/cosmicstack-labs/mercury-agent-skills,,GitHub API,https://github.com/cosmicstack-labs/mercury-agent-skills,False,False,False
tool_f2e733e27150c70e,ash-agents,A swarm of disposable agents for unattributable web interaction,https://github.com/EthanXiang777/ash-agents,,https://github.com/EthanXiang777/ash-agents,,GitHub API,https://github.com/EthanXiang777/ash-agents,False,False,False
tool_6aaba7109f775c0a,incognide,"Explore the unknown, build the future, own your data.",https://enpisi.com/incognide.html,,https://github.com/NPC-Worldwide/incognide,,GitHub API,https://github.com/NPC-Worldwide/incognide,False,False,False
tool_e8f714f660dff04c,agent-manager,"The fastest workflow for every AI coding agent. Live status, quick prompts, worktrees, and diff review from one tmux TUI.",https://agent-manager.dev,,https://github.com/YoanWai/agent-manager,,GitHub API,https://github.com/YoanWai/agent-manager,False,False,False
tool_4a8c52ec870ef59e,always-accompany,"Companionship, chat, coding, and work share one memory and context framework — the kind of AI you see in science fiction: it keeps you company, and it gets things done with you.(这是一个基于上下文和注意力机制做的一个多元化的agent项目)",https://github.com/beilusaiying/always-accompany,,https://github.com/beilusaiying/always-accompany,,GitHub API,https://github.com/beilusaiying/always-accompany,False,False,False
tool_d0d832e7249c795c,agentcn,"shadcn/ui, but for building agents. 🤖",https://agentcn.run,,https://github.com/shadcn-labs/agentcn,,GitHub API,https://github.com/shadcn-labs/agentcn,False,False,False
tool_6f88895731a57ffa,claudexor,"Multi-harness control plane for Claude Code, Codex, Cursor, and OpenCode: quota-aware rotation across multiple Claude/Codex subscriptions, shared thread context, and cross-model review.",https://claudexor.ai,,https://github.com/razzant/claudexor,,GitHub API,https://github.com/razzant/claudexor,False,False,False
tool_62eaa147f7b68526,marketing-dashboard,"Local-first marketing operations control center for CRM, outreach, content, analytics, approvals, automations, and agent workflows.",https://nyk.dev/oss/marketing-dashboard,,https://github.com/builderz-labs/marketing-dashboard,,GitHub API,https://github.com/builderz-labs/marketing-dashboard,False,False,False
tool_9acee7ab67bb883b,motion-skills,"50 open-source skills that teach your AI coding agent to make motion graphics, animation & video — kinetic typography, data-viz, explainers, TikTok/Reels, WebGL, Manim. 14 installable packs. By iart.ai, the AI motion agent.",https://iart.ai,,https://github.com/iart-ai/motion-skills,,GitHub API,https://github.com/iart-ai/motion-skills,False,False,False
tool_1baa5f1e03ff0459,maestro-orchestrate,"Multi-agent orchestration platform for Gemini CLI, Claude Code, Codex, and Qwen Code — 39 specialists, parallel subagents, persistent sessions, and built-in code review, debugging, security, SEO, accessibility, and compliance tools",https://josstei.github.io/maestro-orchestrate,,https://github.com/josstei/maestro-orchestrate,,GitHub API,https://github.com/josstei/maestro-orchestrate,False,False,False
tool_f5e5a30d15093f02,idea-validation-agents,"AI agents that act as your personal venture analyst - from startup idea brainstorming to full validation and go-to-market strategy. Built for developers who'd rather validate in 10 minutes than regret in six months. Powered by Claude Code, OpenAI Codex, and Cursor.",https://github.com/MaxKmet/idea-validation-agents,,https://github.com/MaxKmet/idea-validation-agents,,GitHub API,https://github.com/MaxKmet/idea-validation-agents,False,False,False
tool_a212a353fcc27baa,dotfiles,"My personal dotfiles: Zsh, Git, VSCode, Obsidian, Ghostty, cmux, etc.",https://github.com/nicksp/dotfiles,,https://github.com/nicksp/dotfiles,,GitHub API,https://github.com/nicksp/dotfiles,False,False,False
tool_0c11bae2756ff22a,agentpay-sdk,"An open SDK for agentic payments. Let AI agents make payments, hold funds, and move money across chains with policy enforcement and human approval built in.",https://agentpay.worldlibertyfinancial.com,,https://github.com/worldliberty/agentpay-sdk,,GitHub API,https://github.com/worldliberty/agentpay-sdk,False,False,False
tool_0bf99dc38faea106,HERO-Anti-OverDefense,"HERO = Hashing · Edge cases · Rubrics · Overbuild — the four shapes coding agents over-defend in. A paste-in contract that stops them. Works with Claude Code, Codex, Antigravity, Cursor, Copilot, Windsurf, Gemini CLI.",https://github.com/wanshuiyin/HERO-Anti-OverDefense,,https://github.com/wanshuiyin/HERO-Anti-OverDefense,,GitHub API,https://github.com/wanshuiyin/HERO-Anti-OverDefense,False,False,False
tool_062b6dcc7e862bf0,amux,"Open-source control plane for AI coding agents. Run an AI engineering team: parallel Claude Code, Codex, and Gemini workers with a shared board, atomic tasks, schedules, loops, origin-stamped messaging, model switching, and self-healing recovery. One dashboard, or your phone. MIT, single Rust binary.",https://amux.io,,https://github.com/mixpeek/amux,,GitHub API,https://github.com/mixpeek/amux,False,False,False
tool_77fb2b55ad2f6721,ManimCat,EN: ManimCat: AI-generated math animations from natural language. High-quality Manim rendering with LaTeX support and auto-code fixing. 中: ManimCat：AI 数学动画生成器。支持描述即视频，内置 LaTeX 与代码纠错，让数学动效触手可及。,https://github.com/Wing900/ManimCat,,https://github.com/Wing900/ManimCat,,GitHub API,https://github.com/Wing900/ManimCat,False,False,False
tool_25fc288129ab6300,ai-quant-book,《AI Quant Trading - From Zero to One》,https://waylandz.com/quant-book-en,,https://github.com/waylandzhang/ai-quant-book,,GitHub API,https://github.com/waylandzhang/ai-quant-book,False,False,False
tool_512b63942bedff1c,opengrok,"Run any model in Grok Bot — one-command setup, model picker UI, evidence-based provider wire maps, and an update-proof doctor. Not farming you, arming you.",https://github.com/OnlyTerp/opengrok,,https://github.com/OnlyTerp/opengrok,,GitHub API,https://github.com/OnlyTerp/opengrok,False,False,False
tool_7ed69576a03ba198,openclaw-dashboard,"A beautiful, zero-dependency command center for OpenClaw AI agents",https://github.com/mudrii/openclaw-dashboard,,https://github.com/mudrii/openclaw-dashboard,,GitHub API,https://github.com/mudrii/openclaw-dashboard,False,False,False
tool_f83221dc00c7aab2,entroly,"Cut AI context cost without trusting the compressor. Every reduction is reversible, byte-exact recoverable, and carries an auditable receipt. Local-first, works through proxy, MCP, SDK, or agent wrapper.",https://juyterman1000.github.io/entroly/docs/index.html,,https://github.com/juyterman1000/entroly,,GitHub API,https://github.com/juyterman1000/entroly,False,False,False
tool_63e4868645c6daef,CortexON,Open-source generalized AI agent for everyday task automations.,https://cortexon.ai,,https://github.com/TheAgenticAI/CortexON,,GitHub API,https://github.com/TheAgenticAI/CortexON,False,False,False
tool_540e6993dd48ee1a,obsidian-claude-sidebar,"Run Claude Code, Codex, and other agent CLIs in Obsidian",https://github.com/derek-larson14/obsidian-claude-sidebar,,https://github.com/derek-larson14/obsidian-claude-sidebar,,GitHub API,https://github.com/derek-larson14/obsidian-claude-sidebar,False,False,False
tool_c54eaa11b84fb8c0,sandstorm,"Run Claude agents in secure cloud sandboxes — via API, CLI, or Slack. One call. Full agent. Zero infrastructure.",https://duvo.ai,,https://github.com/tomascupr/sandstorm,,GitHub API,https://github.com/tomascupr/sandstorm,False,False,False
tool_20fdea95324033e6,ntm,"Named Tmux Manager: spawn, tile, and coordinate multiple AI coding agents (Claude, Codex, Gemini) across tmux panes with a TUI command palette",https://github.com/Dicklesworthstone/ntm,,https://github.com/Dicklesworthstone/ntm,,GitHub API,https://github.com/Dicklesworthstone/ntm,False,False,False
tool_9cd7e1e12196810c,OneResearchClaw,Any research. One Claw. 🦞 From any materials to research with fully autonomous & skill-driven researcher.,https://github.com/gaotiexinqu/OneResearchClaw,,https://github.com/gaotiexinqu/OneResearchClaw,,GitHub API,https://github.com/gaotiexinqu/OneResearchClaw,False,False,False
tool_357b659631db56f2,Hypha,Harness-oriented agent system framework for production-grade LLM agent applications,https://codesoul-co.github.io/Hypha,,https://github.com/CodeSoul-co/Hypha,,GitHub API,https://github.com/CodeSoul-co/Hypha,False,False,False
tool_4c5865206af653f0,ThunderAgent,"A simple, fast and robust program-aware agentic inference system.",http://thunderagent.ai,,https://github.com/ThunderAgent-org/ThunderAgent,,GitHub API,https://github.com/ThunderAgent-org/ThunderAgent,False,False,False
tool_dea23bcfd090c764,mentals-ai,No code AI agents,https://x.com/mentals_ai,,https://github.com/turing-machines/mentals-ai,,GitHub API,https://github.com/turing-machines/mentals-ai,False,False,False
tool_6224c16097d5ba5b,pstack-claude,"Claude Code, Codex, OpenCode, Gemini, and Prime Agent versions of Poteto's pstack. Rigorous agent workflows with Cursor primitives translated to other agents.",https://github.com/michael-denyer/pstack-claude,,https://github.com/michael-denyer/pstack-claude,,GitHub API,https://github.com/michael-denyer/pstack-claude,False,False,False
tool_eb00cd30079a452e,clawapp,📱 ClawApp — OpenClaw AI 智能体手机聊天客户端 | 流式对话 · 图片收发 · 工具调用 · PWA + APK | Mobile chat client for OpenClaw AI Agent,https://clawapp.qt.cool,,https://github.com/qingchencloud/clawapp,,GitHub API,https://github.com/qingchencloud/clawapp,False,False,False
tool_325e1acca66a7b70,runprompt,Run LLM prompts from your shell,https://github.com/chr15m/runprompt,,https://github.com/chr15m/runprompt,,GitHub API,https://github.com/chr15m/runprompt,False,False,False
tool_11c801457b1ef0f6,Puppetmaster,"Provider-neutral control plane for durable-state agent swarms: subprocess workers, leases, artifacts, memory, and deterministic stitching.",https://github.com/professorpalmer/Puppetmaster,,https://github.com/professorpalmer/Puppetmaster,,GitHub API,https://github.com/professorpalmer/Puppetmaster,False,False,False
tool_b2ace470a95e5169,Foundry,Transform any idea into a running AI-powered company,https://axislab.top,,https://github.com/axislab-top/Foundry,,GitHub API,https://github.com/axislab-top/Foundry,False,False,False
tool_3cd9bf1cb4ea3e96,agentops,"The operations layer for agentic engineering — portable skills and contracts connecting intent, agents, software factories, and independent judgment.",https://12factoragentops.com,,https://github.com/boshu2/agentops,,GitHub API,https://github.com/boshu2/agentops,False,False,False
tool_f1004944dc55b69a,Sponsio,Deterministic safety solutions for probabilistic AI agents,https://sponsio.dev,,https://github.com/SponsioLabs/Sponsio,,GitHub API,https://github.com/SponsioLabs/Sponsio,False,False,False
tool_0b40911cc3c85352,xpert,"XpertAI is an open-source platform for building, running, and evolving ai agents, providing extensible capabilities and infrastructure for diverse AI systems.",https://xpertai.cn/en,,https://github.com/xpert-ai/xpert,,GitHub API,https://github.com/xpert-ai/xpert,False,False,False
tool_9492e86200cebe8f,cass_memory_system,"Procedural memory for AI coding agents: transforms scattered session history into persistent, cross-agent memory so every agent learns from every other",https://github.com/Dicklesworthstone/cass_memory_system,,https://github.com/Dicklesworthstone/cass_memory_system,,GitHub API,https://github.com/Dicklesworthstone/cass_memory_system,False,False,False
tool_2043387e12fc7cb7,Prysai-LLM-Playbook,"An evidence-led, eight-locale LLM playbook: a transferable core, the Codex flagship track, and adapters for ChatGPT, Claude Code, Gemini, DeepSeek, and Grok.",https://docs.prysai.com/llm-playbook,,https://github.com/Prysai/Prysai-LLM-Playbook,,GitHub API,https://github.com/Prysai/Prysai-LLM-Playbook,False,False,False
tool_11ee3b3dcc05e6f7,output,"The open-source TypeScript framework for building AI workflows and agents. Designed for Claude Code describe what you want, Claude builds it, with all the best practices already in place.",https://output.ai,,https://github.com/growthxai/output,,GitHub API,https://github.com/growthxai/output,False,False,False
tool_a3077e97063e4fcf,ai-agent-team,AI Agent Team-拥有24/7专业AI开发团队：产品经理、前端开发、后端开发、测试工程师、DevOps工程师、技术负责人。一键安装，支持中英文命令，大幅提升开发效率！,https://github.com/peterfei/ai-agent-team,,https://github.com/peterfei/ai-agent-team,,GitHub API,https://github.com/peterfei/ai-agent-team,False,False,False
tool_e3f908184d78282a,AgentHound,"Offensive security framework for AI agent infrastructure - recon, credential looting, model exfiltration, poisoning, and attack-path analysis across MCP, A2A, gateways, and AI services. BloodHound for the agentic stack.",https://agenthound.io,,https://github.com/adithyan-ak/AgentHound,,GitHub API,https://github.com/adithyan-ak/AgentHound,False,False,False
tool_1106c64972791e14,repo-harness,File-backed workflow harness for reliable Claude Code and Codex sessions.,https://repoharness.com,,https://github.com/Ancienttwo/repo-harness,,GitHub API,https://github.com/Ancienttwo/repo-harness,False,False,False
tool_96f9cb242b53660d,shinkai-local-ai-agents,"Shinkai is a two click install App that allows you to create Local AI agents in 5 minutes or less using a simple UI.  Supports: MCPs, Remote and Local AI, Crypto and Payments.",https://shinkai.com,,https://github.com/dcSpark/shinkai-local-ai-agents,,GitHub API,https://github.com/dcSpark/shinkai-local-ai-agents,False,False,False
tool_e93c7c881a63ce34,DeepSec,"DeepSec — AI Security Offense & Defense Platform. Shield audits AI-generated code for hallucinated packages, missing safeguards & AI pattern errors in real time. Spear automates authorized penetration testing with 40+ skill packs, from recon to PoC.",https://unclecheng-li.github.io/deepsec.com,,https://github.com/Unclecheng-li/DeepSec,,GitHub API,https://github.com/Unclecheng-li/DeepSec,False,False,False
tool_7517334b37103bd8,antfly,,https://antfly.io,,https://github.com/antflydb/antfly,,GitHub API,https://github.com/antflydb/antfly,False,False,False
tool_aa426a7178092dcc,funes,"Durable, searchable memory of your past agent sessions.",https://github.com/huggingface/funes,,https://github.com/huggingface/funes,,GitHub API,https://github.com/huggingface/funes,False,False,False
tool_9921118daeebb426,bountyforge,all round pentest skill,https://bountyforge.xyz,,https://github.com/Gabson0x/bountyforge,,GitHub API,https://github.com/Gabson0x/bountyforge,False,False,False
tool_98e33e46d998a6c4,atomicmemory,"Portable semantic memory for AI agents: core engine, TypeScript SDK, framework adapters, MCP server, CLI, and host plugins.",https://docs.atomicstrata.ai,,https://github.com/atomicstrata/atomicmemory,,GitHub API,https://github.com/atomicstrata/atomicmemory,False,False,False
tool_bb403c1ba499eabc,chat2graph,Chat2Graph: Graph Native Agentic System.,https://chat2graph.vercel.app,,https://github.com/TuGraph-family/chat2graph,,GitHub API,https://github.com/TuGraph-family/chat2graph,False,False,False
tool_a22c69bd10078a8a,task-state-guard,"Reconcile stuck AI-agent tasks after restarts and timeouts. Preview SQLite changes, close stale delivery states, and never guess success.",https://github.com/MaxHu-xuan/task-state-guard,,https://github.com/MaxHu-xuan/task-state-guard,,GitHub API,https://github.com/MaxHu-xuan/task-state-guard,False,False,False
tool_e9904f6410c6b35a,registry-broker-skills,"AI agent skills for the Universal Registry - search, chat, and register 72,000+ agents across 14+ protocols. Works with Claude, Codex, Cursor, OpenClaw, and any AI assistant.",https://hol.org/registry,,https://github.com/hashgraph-online/registry-broker-skills,,GitHub API,https://github.com/hashgraph-online/registry-broker-skills,False,False,False
tool_fc7368c328a2df12,EdgeChains,"EdgeChains.js is Full-Stack GenAI library. Front-end, backend, apis, prompt management, distributed computing. All core prompts & chains are managed declaratively in jsonnet (and not hidden in classes)",https://arakoo.ai,,https://github.com/arakoodev/EdgeChains,,GitHub API,https://github.com/arakoodev/EdgeChains,False,False,False
tool_39dd81905d63ccb0,simvyn,"Universal mobile devtool for Agents & Humans - control iOS Simulators, Android Emulators, and real devices from a single dashboard and CLI",https://github.com/pranshuchittora/simvyn,,https://github.com/pranshuchittora/simvyn,,GitHub API,https://github.com/pranshuchittora/simvyn,False,False,False
tool_3701980e87ba34d3,unisondb,"A streaming multimodal database for Edge AI, and Edge Computing.",https://unisondb.io,,https://github.com/ankur-anand/unisondb,,GitHub API,https://github.com/ankur-anand/unisondb,False,False,False
tool_1f2319801e9f5db9,ai-assisted-engineering,A Guide To AI-Assisted Software Engineering,https://github.com/JohnCrickett/ai-assisted-engineering,,https://github.com/JohnCrickett/ai-assisted-engineering,,GitHub API,https://github.com/JohnCrickett/ai-assisted-engineering,False,False,False
tool_6a9b18dadf40d58a,halofy,"Halofy is the open access and governance layer for AI agents across your organization. Identity, policy, provenance, audit, and signed erasure.",https://halofy.ai,,https://github.com/halofyai/halofy,,GitHub API,https://github.com/halofyai/halofy,False,False,False
tool_24d5432329e1b4bd,cubeplex,"CubePlex is a cloud-native platform for managed agents in team workspaces — skills, shared memory, MCP tools, persistent sandboxes, governed access, and self-hosted deploy on Docker Compose or Kubernetes.",https://cubeplex.ai,,https://github.com/cubeplexai/cubeplex,,GitHub API,https://github.com/cubeplexai/cubeplex,False,False,False
tool_a9e30836324d6a64,pr-cockpit,"Local AI PR workbench — Claude/Codex review in isolated git worktrees, human-gated GitHub comments",https://github.com/taovc/pr-cockpit,,https://github.com/taovc/pr-cockpit,,GitHub API,https://github.com/taovc/pr-cockpit,False,False,False
tool_7b65d25b0058087e,rules,"Project CodeGuard is an AI model-agnostic security framework and ruleset that embeds secure-by-default practices into AI coding workflows (generation and review). It ships core security rules, translators for popular coding agents, and validators to test rule compliance.",https://project-codeguard.org,,https://github.com/project-codeguard/rules,,GitHub API,https://github.com/project-codeguard/rules,False,False,False
tool_c24238be6af08915,paxm,"Persistent, provider-neutral memory for Codex, Claude Code, OpenCode, Pi, and MCP coding agents.",https://github.com/pax-beehive/paxm,,https://github.com/pax-beehive/paxm,,GitHub API,https://github.com/pax-beehive/paxm,False,False,False
tool_60f26ad6cdba4b4d,machinist,Open source software factory infrastructure for advanced AI coding workflows,https://machinist.sh,,https://github.com/owainlewis/machinist,,GitHub API,https://github.com/owainlewis/machinist,False,False,False
tool_37e2f52c5cbbb46d,EasyCode,"Easy Code (formerly DeepV Code) — A highly customizable AI coding assistant compatible with all major AI models. The perfect alternative to Claude Code and Codex, offering deep code analysis, intelligent suggestions, version rollback, multi-device sync, and automated testing across multiple languages and platforms.",https://easycode.bot,,https://github.com/OrionStarAI/EasyCode,,GitHub API,https://github.com/OrionStarAI/EasyCode,False,False,False
tool_fe46ecf7d0e1c390,ai-marketing-claude-code-skills,"Marketing frameworks that AI actually executes. Designed for Claude Code, but could be used for OpenClaw, etc.",https://brianrwagner.com,,https://github.com/BrianRWagner/ai-marketing-claude-code-skills,,GitHub API,https://github.com/BrianRWagner/ai-marketing-claude-code-skills,False,False,False
tool_3df42f9ad5de2c05,nelson,Organisation for Claude Code inspired by time-tested Royal Navy operating procedures.,https://github.com/Aspegio/nelson,,https://github.com/Aspegio/nelson,,GitHub API,https://github.com/Aspegio/nelson,False,False,False
tool_479a3cd5bc2a6e3b,vexjoy-agent,"VexJoy AI Agent with Intelligent Routing - /do routes plain-English requests to the right specialist agent and gates the work with reviews, tests, and a learning loop.",https://vexjoy.com,,https://github.com/notque/vexjoy-agent,,GitHub API,https://github.com/notque/vexjoy-agent,False,False,False
tool_b98985a04939f14a,imixs-workflow,The open source technology for business process management,http://imixs.org,,https://github.com/imixs/imixs-workflow,,GitHub API,https://github.com/imixs/imixs-workflow,False,False,False
tool_6a22d3b17de4175e,agnix,"The missing linter and lsp for AI coding assistants. Validate CLAUDE.md, AGENTS.md, SKILL.md, hooks, MCP. Plugin for all major IDEs included, with autofixes.",https://github.com/agent-sh/agnix,,https://github.com/agent-sh/agnix,,GitHub API,https://github.com/agent-sh/agnix,False,False,False
tool_4c71f034f1e579bf,aurora,"Aurora — Open source AI-powered agentic incident management & root cause analysis for SREs. LangGraph agents investigate across AWS, Azure, GCP, Kubernetes. Integrates with PagerDuty, Datadog, Grafana, Slack and More. Apache 2.0.",https://aurorasre.ai,,https://github.com/Arvo-AI/aurora,,GitHub API,https://github.com/Arvo-AI/aurora,False,False,False
tool_c166f02b1ad055e1,flowcraft,"Production-grade Go SDK for building AI agents with long-term memory, knowledge retrieval, and voice — runnable as a library, a daemon, or a real-time pipeline.",https://gizclaw.github.io/flowcraft,,https://github.com/GizClaw/flowcraft,,GitHub API,https://github.com/GizClaw/flowcraft,False,False,False
tool_6f12dad81586941d,smithers,"Smithers is an agentic workflow framework for defining workflows in simple TypeScript configuration files and executing them quickly, durably, and reliably",https://smithers.sh,,https://github.com/smithersai/smithers,,GitHub API,https://github.com/smithersai/smithers,False,False,False
tool_3701692aaabb5d24,safe-agentic-workflow,"SAW — SAFe Agentic Workflow AI Agent Harness for Multi-Agent Team Workflows Built on SAFe methodology (Scaled Agile Framework), adapted for AI agent teams (Now With AI-DLC!) Works for any team with repeatable processes: Software, Marketing, Research, Legal, Operations.",https://jscottgraham.us,,https://github.com/bybren-llc/safe-agentic-workflow,,GitHub API,https://github.com/bybren-llc/safe-agentic-workflow,False,False,False
tool_16342e38effe704e,kern,"a fast, rootless sandbox and virtual resource runtime. Run any workload in a real container, including an agent's tool-call or LLM-generated code.",https://getkern.dev,,https://github.com/getkern/kern,,GitHub API,https://github.com/getkern/kern,False,False,False
tool_ab08b14966a1cc25,sandlock,"The lightest AI sandbox. A process-based sandbox for Linux, no container, no VM, no privilege, no prompt injection",https://sandlock.io,,https://github.com/multikernel/sandlock,,GitHub API,https://github.com/multikernel/sandlock,False,False,False
tool_24729b700a116b0e,rea,"Reverse engineer anything with agents, from app behavior down to native binaries.",https://github.com/morluto/rea,,https://github.com/morluto/rea,,GitHub API,https://github.com/morluto/rea,False,False,False
tool_c2cf5f4dcd0887b9,zapier-mcp,Official plugin distribution for the hosted Zapier MCP server. Install it in your AI client and connect to thousands of apps.,https://docs.zapier.com/mcp,,https://github.com/zapier/zapier-mcp,,GitHub API,https://github.com/zapier/zapier-mcp,False,False,False
tool_9f3808f20579400f,dispatch,A Claude Code skill that 10x's your effective context window by dispatching tasks to background AI workers.,https://github.com/bassimeledath/dispatch,,https://github.com/bassimeledath/dispatch,,GitHub API,https://github.com/bassimeledath/dispatch,False,False,False
tool_c70266a88b8ddaea,ai-platform-engineering,"CAIPE is an open-source AI platform for building, governing, and operating AI agents and agentic workflows for platform engineering and beyond.",https://caipe.io,,https://github.com/caipe-io/ai-platform-engineering,,GitHub API,https://github.com/caipe-io/ai-platform-engineering,False,False,False
tool_cfd71f05ad0f0546,warren,"Run coding agents like infrastructure, not terminal sessions. Warren manages isolation, lifecycle, spend, recovery, and Git delivery on compute you control.",https://app.warren.run,,https://github.com/jayminwest/warren,,GitHub API,https://github.com/jayminwest/warren,False,False,False
tool_09efba4923e0a8c8,BioClaw,AI-Powered Bioinformatics Research Assistant. Built on OpenClaw.,https://github.com/Runchuan-BU/BioClaw,,https://github.com/Runchuan-BU/BioClaw,,GitHub API,https://github.com/Runchuan-BU/BioClaw,False,False,False
tool_158c1eb487b237fb,accessibility-agents,"Accessibility review agents for Claude Code, GitHub Copilot, and Claude Desktop. Eleven specialists that enforce WCAG 2.2 AA compliance so AI coding tools stop generating inaccessible code.",https://github.com/Community-Access/accessibility-agents,,https://github.com/Community-Access/accessibility-agents,,GitHub API,https://github.com/Community-Access/accessibility-agents,False,False,False
tool_4baf6e538ae2dce9,hermes-web-search-plus,"Give your Hermes agent the web as real sources, never a made-up answer — multi-provider search and extraction with an optional local, key-free DonSeTch option.",https://websearchplus.xyz,,https://github.com/robbyczgw-cla/hermes-web-search-plus,,GitHub API,https://github.com/robbyczgw-cla/hermes-web-search-plus,False,False,False
tool_5cf2acdbfec016af,Capsomnia,A tiny macOS app that turns Caps Lock into a physical keep-awake switch for closed-lid MacBook work.,https://capsomnia.com,,https://github.com/fuji-mak/Capsomnia,,GitHub API,https://github.com/fuji-mak/Capsomnia,False,False,False
tool_3312367abfd96d08,redfox-community,红狐数据（RedFoxHub） 技能合集：面向 Agent 的可复用 SKILL 集合，覆盖灵感、选题、文案创作、数据复盘等场景，持续更新。,https://github.com/redfox-data/redfox-community,,https://github.com/redfox-data/redfox-community,,GitHub API,https://github.com/redfox-data/redfox-community,False,False,False
tool_477873783e619cea,aidevops,"Vibe-Coding is easy. DevOps is hard. OpenCode & Git token-efficient AI agent automation for your app, business, and personal development. Opinionated tools, services, CLI & API stack for speed, security, and 24/7 results. Open-source first. SOTA everything. The best AI harness for GitHub & teamwork.",https://aidevops.sh,,https://github.com/marcusquinn/aidevops,,GitHub API,https://github.com/marcusquinn/aidevops,False,False,False
tool_07311ba922a6d8b8,Context-Engine,Context-Engine MCP - Agentic Context Compression Suite,https://context-engine.ai,,https://github.com/Context-Engine-AI/Context-Engine,,GitHub API,https://github.com/Context-Engine-AI/Context-Engine,False,False,False
tool_9cd1f0350bb7a6ed,termcanvas,An infinite canvas desktop app for visually managing terminals,https://website-ten-mu-37.vercel.app,,https://github.com/blueberrycongee/termcanvas,,GitHub API,https://github.com/blueberrycongee/termcanvas,False,False,False
tool_fce346e3c76f2baa,localforge,Local coding agent with neat UI,https://localforge.dev,,https://github.com/rockbite/localforge,,GitHub API,https://github.com/rockbite/localforge,False,False,False
tool_d0f97784d725a45d,Agent-Wiz,"A CLI tool for threat modeling and visualizing AI agents built using popular frameworks like LangGraph, AutoGen, CrewAI, and more.",https://repello.ai,,https://github.com/Repello-AI/Agent-Wiz,,GitHub API,https://github.com/Repello-AI/Agent-Wiz,False,False,False
tool_bbcc88c234c3932d,nudgebee,"Unified CloudOps platform with AI-SRE, AI-FinOps, AI-K8sOps, and the Agentic Automation Builder without fragmented tools, context switching, or model lock-in.",https://nudgebee.com,,https://github.com/nudgebee/nudgebee,,GitHub API,https://github.com/nudgebee/nudgebee,False,False,False
tool_309d18198f82b5de,ultracontext,Open Source Context infrastructure for AI agents. Auto-capture and share your agents' context everywhere.,https://ultracontext.com,,https://github.com/ultracontext/ultracontext,,GitHub API,https://github.com/ultracontext/ultracontext,False,False,False
tool_338eda796caebc8c,ovobrowser,源码级 Chromium 指纹内核，检测站按普通 Chrome 评分。Source-level Chromium fingerprint kernel that passes bot detection tests. Not JS injection — C++ patches compiled into the binary.,https://ovobrowser.com,,https://github.com/ovobrowsersupport/ovobrowser,,GitHub API,https://github.com/ovobrowsersupport/ovobrowser,False,False,False
tool_35f3085276d9b495,agent-prism,React components for visualizing traces from AI agents,https://storybook.agent-prism.evilmartians.io,,https://github.com/evilmartians/agent-prism,,GitHub API,https://github.com/evilmartians/agent-prism,False,False,False
tool_481de60d4bcce7fe,GameDesignOS,"Local-first game design OS for AI agents: turn sessions into evidence, experiments, reviewable decisions, and durable project memory—Human Gates and rollback.",https://github.com/DY-2026/GameDesignOS,,https://github.com/DY-2026/GameDesignOS,,GitHub API,https://github.com/DY-2026/GameDesignOS,False,False,False
tool_597a1d24177c983a,Kori,AI-powered Markdown notepad built with Compose Multiplatform.,https://github.com/YangDai2003/Kori,,https://github.com/YangDai2003/Kori,,GitHub API,https://github.com/YangDai2003/Kori,False,False,False
tool_0b26a324e841c99c,codexloom,Turn Codex threads into an organization of long-lived domain agents.,https://github.com/yan5xu/codexloom,,https://github.com/yan5xu/codexloom,,GitHub API,https://github.com/yan5xu/codexloom,False,False,False
tool_ddc3c34b1961488e,sales-outreach-automation-langgraph,"Automate lead research, qualification, and outreach with AI agents and Langgraph, creating personalized messaging and connecting with your CRMs (HubSpot, Airtable, Google Sheets)",https://github.com/kaymen99/sales-outreach-automation-langgraph,,https://github.com/kaymen99/sales-outreach-automation-langgraph,,GitHub API,https://github.com/kaymen99/sales-outreach-automation-langgraph,False,False,False
tool_7d5932ba6e7ff0a1,floe-guard,"The spend meter, cost/margin, & budget gate for AI voice agents. Meters STT + TTS + LLM + telephony per call, out of the box (Pipecat, LiveKit — Python & TypeScript). Hard-stops the next turn before it crosses your ceiling. Local, no account, no telemetry. Built by Floe.",https://floefinance.com,,https://github.com/Floe-Labs/floe-guard,,GitHub API,https://github.com/Floe-Labs/floe-guard,False,False,False
tool_aa9342a1b6c72659,myrlin-workbook,"Open-source workspace manager for AI coding CLIs: Claude Code and ChatGPT Codex in one browser app. Discovers every session on disk, embedded terminals, phone-ready, cost tracking, kanban, docs. Windows, macOS, Linux.",https://therealarthur.github.io/myrlin-workbook,,https://github.com/therealarthur/myrlin-workbook,,GitHub API,https://github.com/therealarthur/myrlin-workbook,False,False,False
tool_7f7f6470199ba992,CraftBot,One agent. Every kind of work.,https://craftbot.live,,https://github.com/CraftOS-dev/CraftBot,,GitHub API,https://github.com/CraftOS-dev/CraftBot,False,False,False
tool_e3c2e9872e76b767,wiki-graph,distill any book down to its spine,https://inkora.oomol.com/download/sdpub,,https://github.com/oomol-lab/wiki-graph,,GitHub API,https://github.com/oomol-lab/wiki-graph,False,False,False
tool_14d0a109f5c14df6,Cambium,Governance standard and reference toolset for LLM-maintained knowledge corpora,https://github.com/KimGLee/Cambium,,https://github.com/KimGLee/Cambium,,GitHub API,https://github.com/KimGLee/Cambium,False,False,False
tool_328e84bb56c3c069,marm-memory,"Local-first 3-in-1 AI memory layer & MCP server for Claude Code, Codex, Grok, Gemini, VS Code and Cursor. Fuses session history, codebase indexing & concept graphs in SQLite. Enables zero-cloud, privacy-first context & instant recall, supports multi-agent swarms.",https://lyellr88.github.io/marm-memory,,https://github.com/Lyellr88/marm-memory,,GitHub API,https://github.com/Lyellr88/marm-memory,False,False,False
tool_e85dc393c44ad5e3,watch-skill,"Give AI agents eyes, ears, and verifiable results. Watch Skill turns video, audio and screen activity into searchable, timestamped evidence and proves work with deterministic contracts, not model opinion. DeepWatch is the agent workspace built on DeepSeek Harness. Python + npm, MCP, CLI, REST, Web.",https://pypi.org/project/watch-skill,,https://github.com/oxbshw/watch-skill,,GitHub API,https://github.com/oxbshw/watch-skill,False,False,False
tool_41cab442ce3ebe9c,Multi-Agent-AI-System,Building a Multi-Agent AI System with LangGraph and LangSmith,https://medium.com/@fareedkhandev/6cb70487cd81,,https://github.com/FareedKhan-dev/Multi-Agent-AI-System,,GitHub API,https://github.com/FareedKhan-dev/Multi-Agent-AI-System,False,False,False
tool_a694dce900384d55,aura,"AURA is a production-tested SRE agent platform you can deploy in minutes.  AURA handles the guardrails, APIs, state management, streaming, and failure handling required to put AI to work safely on production infrastructure.",https://mezmo.com/aura,,https://github.com/mezmo/aura,,GitHub API,https://github.com/mezmo/aura,False,False,False
tool_a418e9c0459e5fd1,orchestrator-supaconductor,"Multi-agent orchestration system for Claude Code with parallel execution, automated quality gates, Board of Directors, and bundled Superpowers skills",https://github.com/Ibrahim-3d/orchestrator-supaconductor,,https://github.com/Ibrahim-3d/orchestrator-supaconductor,,GitHub API,https://github.com/Ibrahim-3d/orchestrator-supaconductor,False,False,False
tool_9a4fd28037335412,claw-lens,"Open-source observability dashboard for OpenClaw daemons — cost analyti cs, live monitor ing, and de bugging tools, all running on your own machine.",https://claw-lens.com,,https://github.com/msfirebird/claw-lens,,GitHub API,https://github.com/msfirebird/claw-lens,False,False,False
tool_480d4b5d5c82c414,AutoHarness,AutoHarness: Automated Harness Engineering for AI Agents,https://github.com/aiming-lab/AutoHarness,,https://github.com/aiming-lab/AutoHarness,,GitHub API,https://github.com/aiming-lab/AutoHarness,False,False,False
tool_42ad022b42578946,claude-auto-retry,"Auto-retry Claude Code on subscription rate limits, API overload (529/5xx) and safeguard false positives — waits for the printed reset, exponential backoff, tmux-based",https://github.com/cheapestinference/claude-auto-retry,,https://github.com/cheapestinference/claude-auto-retry,,GitHub API,https://github.com/cheapestinference/claude-auto-retry,False,False,False
tool_84fcfc7d0ff909d2,gemini-kit,"🚀 19 AI Agents + 44 Commands for Gemini CLI - Code 10x faster with auto planning, testing, review & security",https://github.com/nth5693/gemini-kit,,https://github.com/nth5693/gemini-kit,,GitHub API,https://github.com/nth5693/gemini-kit,False,False,False
tool_65cc0302f70b5f9e,EDDI,"Config-driven engine that turns JSON into production-grade AI agents. Multi-agent orchestration, 12+ LLM providers, MCP/A2A protocols, RAG, persistent memory, and enterprise compliance (EU AI Act, GDPR, HIPAA). Built on Quarkus.",https://eddi.technology,,https://github.com/labsai/EDDI,,GitHub API,https://github.com/labsai/EDDI,False,False,False
tool_f6755ca5c00ce732,LayerX-Network,LayerX Network is a deterministic execution and accounting network for autonomous agents.,https://layerxnet.ai,,https://github.com/Sidiora-Labs/LayerX-Network,,GitHub API,https://github.com/Sidiora-Labs/LayerX-Network,False,False,False
tool_57f2bdd5f64723f2,agentic-threat-hunting-framework,"ATHF is a framework for agentic threat hunting - building systems that can remember, learn, and act with increasing autonomy.",https://github.com/Nebulock-Inc/agentic-threat-hunting-framework,,https://github.com/Nebulock-Inc/agentic-threat-hunting-framework,,GitHub API,https://github.com/Nebulock-Inc/agentic-threat-hunting-framework,False,False,False
tool_e230a19f3b48f352,frantic-board,"HELP WANTED: AI AGENTS. Real bounties, real money, every payout sealed to a public ledger. The notice board for gofrantic.com",https://gofrantic.com,,https://github.com/auscaster/frantic-board,,GitHub API,https://github.com/auscaster/frantic-board,False,False,False
tool_6bc667ca09933310,mobilerun-portal,Automate your mobile devices with natural language commands - the counterpart android app for the mobilerun framework,https://mobilerun.ai/framework,,https://github.com/droidrun/mobilerun-portal,,GitHub API,https://github.com/droidrun/mobilerun-portal,False,False,False
tool_3bc8594db8c5ba54,pydantic-ai-skills,This package implements Agent Skills (https://agentskills.io) support with progressive disclosure for Pydantic AI. Supports filesystem and programmatic skills.,https://dougtrajano.github.io/pydantic-ai-skills,,https://github.com/DougTrajano/pydantic-ai-skills,,GitHub API,https://github.com/DougTrajano/pydantic-ai-skills,False,False,False
tool_8755d7c001c0feb0,ontobricks,"Transforms Databricks Unity Catalog tables into a materialized knowledge graph, with ontology design and reasoning exposed as tools via MCP.",https://github.com/databrickslabs/ontobricks,,https://github.com/databrickslabs/ontobricks,,GitHub API,https://github.com/databrickslabs/ontobricks,False,False,False
tool_dd4f7fd599140371,omni,"Your agent pays twice for output it has already seen. OMNI returns a handle instead: 97.2% off a file read twice. Nothing deleted, nothing invented.",https://omni.weekndlabs.com/docs,,https://github.com/fajarhide/omni,,GitHub API,https://github.com/fajarhide/omni,False,False,False
tool_e464ec5b04cd2948,tradingcodex,Turn Codex into your investment workflow team,https://discord.gg/Wr25KZnabh,,https://github.com/monarchjuno/tradingcodex,,GitHub API,https://github.com/monarchjuno/tradingcodex,False,False,False
tool_7867f8e371b15ffa,mobilewright,"Mobilewright is a dev framework for Mobile App Testing and Automation. It allows testing iOS/Android app on real devices, emulators and simulators with a single API.",https://mobilewright.dev,,https://github.com/mobile-next/mobilewright,,GitHub API,https://github.com/mobile-next/mobilewright,False,False,False
tool_970bc31e8bd5a161,Curie,❓Curie: Automated and Rigorous Scientific Experimentation with AI Agents,https://just-curieous.com,,https://github.com/Just-Curieous/Curie,,GitHub API,https://github.com/Just-Curieous/Curie,False,False,False
tool_0a78551e9d40d8ca,SubgroupX,"oiia — hosted agent sessions that execute wherever you point them: a cloud sandbox, an SSH host, or a machine with no public IP. Multi-agent, durable across reloads, installable as a PWA. Built by SubgroupX.",https://oiia.cauchy.top,,https://github.com/n-WN/SubgroupX,,GitHub API,https://github.com/n-WN/SubgroupX,False,False,False
tool_49823966367a7486,agent-second-brain,"An always-on second brain you talk to. Voice notes in Telegram → typed, linked knowledge in your Obsidian vault. Runs 24/7 on the Claude subscription you already have.",https://t.me/aimastersme,,https://github.com/smixs/agent-second-brain,,GitHub API,https://github.com/smixs/agent-second-brain,False,False,False
tool_0f275b6266928869,daymon,"Daymon puts your favorite AI to work 24/7. It schedules, remembers, and orchestrates your own virtual team. Free.",http://daymon.io,,https://github.com/daymonio/daymon,,GitHub API,https://github.com/daymonio/daymon,False,False,False
tool_4befd3bf34725875,harness-remote,"Native-session control plane for Codex, Claude Code, OpenCode, OMP and PI. Run, resume and hand off coding sessions across your machines.",https://giuliastro.github.io/harness-remote/v3,,https://github.com/giuliastro/harness-remote,,GitHub API,https://github.com/giuliastro/harness-remote,False,False,False
tool_8b6569d698f5ba27,agent-skills-hub,"Discover and compare open-source Agent Skills, tools & MCP servers — with quality scoring, trending analysis, and automated GitHub sync",https://agentskillshub.top,,https://github.com/zhuyansen/agent-skills-hub,,GitHub API,https://github.com/zhuyansen/agent-skills-hub,False,False,False
tool_dbd045e2dda565db,plankton,Write-time code quality enforcement system for Claude Code. Every file edit triggers automated formatting and linting through fast Rust-based linters and dedicated Claude instances that intelligently fix remaining violations,https://github.com/alexfazio/plankton,,https://github.com/alexfazio/plankton,,GitHub API,https://github.com/alexfazio/plankton,False,False,False
tool_3b86479e9649ef24,ai-dive-deep,"Vlad's Playbook — a 48-chapter operator field manual where every artifact is live, clickable, and forwardable. 31 interactive widgets, a self-updating AI radar, hand-verified model leaderboards, embedded case studies — and the repo runs the agent workflow the book teaches.",https://dive.vladyslavpodoliako.com,,https://github.com/Belkins/ai-dive-deep,,GitHub API,https://github.com/Belkins/ai-dive-deep,False,False,False
tool_6623940372739315,dsh-antibrow,"DeepSeek Harness plugin: give your agent a browser with a persistent identity - engine-level fingerprint spoofing, unlimited free local profiles, Android device emulation, passkeys that survive, and residential proxy egress.",https://antibrow.com,,https://github.com/antibrow/dsh-antibrow,,GitHub API,https://github.com/antibrow/dsh-antibrow,False,False,False
tool_40bfc4a7b45f54a8,Aegis,"Runtime policy enforcement for AI agents. Cryptographic audit trail, human-in-the-loop approvals, kill switch. Zero code changes.",https://github.com/Justin0504/Aegis,,https://github.com/Justin0504/Aegis,,GitHub API,https://github.com/Justin0504/Aegis,False,False,False
tool_d112cbcbf6d226f9,the-pair,"Open-source AI pair programming for desktop: a Mentor + Executor agent cross-check each other's code to catch AI hallucinations. Works with Claude Code, Codex, Gemini & opencode. macOS / Windows / Linux.",https://apps.timwuhaotian.dev,,https://github.com/timwuhaotian/the-pair,,GitHub API,https://github.com/timwuhaotian/the-pair,False,False,False
tool_bb69fa85ec6b0a4c,AI-company,"Multi-agent team operating system for Claude Code. 108 MCP tools, 40+ agent templates, 10 lifecycle hooks, 7 pipeline workflows. Persistent teams, structured meetings, task wall, real-time React dashboard. No LangChain/AutoGen — pure CC native integration.",https://github.com/CronusL-1141/AI-company,,https://github.com/CronusL-1141/AI-company,,GitHub API,https://github.com/CronusL-1141/AI-company,False,False,False
tool_1945949a7813132e,lucas,A2W's SRE agent for Kubernetes,https://a2w.io,,https://github.com/a2wio/lucas,,GitHub API,https://github.com/a2wio/lucas,False,False,False
tool_524563871ea8341a,oh-story-dsh,"DeepSeek 写网文/小说的工作流插件：DeepSeek Harness 社区插件，内置小说、短剧、游戏、视频解说四个工作台 | Community DeepSeek Harness plugin with novel, short-drama, game and video-recap workbenches.",https://zenstory.ai/dsh,,https://github.com/zenstory-ai/oh-story-dsh,,GitHub API,https://github.com/zenstory-ai/oh-story-dsh,False,False,False
tool_d802df6666d74e46,crew44,"Orchestrate a crew of specialist AI agents in one local-first workspace.  Each role on its best model, with memory and skills that compound. Free, MIT.",https://crew44.io,,https://github.com/getcrew44/crew44,,GitHub API,https://github.com/getcrew44/crew44,False,False,False
tool_48ea6d366ac9582e,pinloop-cli,"Job board CLI for coding agents. Search and judge millions of worldwide postings from all white-collar sectors, refreshed hourly.",https://pinloop.ai,,https://github.com/pinloop-ai/pinloop-cli,,GitHub API,https://github.com/pinloop-ai/pinloop-cli,False,False,False
tool_1321b6a51872fc7b,kuri,"Browser automation, web crawling, and iOS + Android device control for AI agents. Zig-native, token-efficient CDP snapshots, HAR recording, native adb wire-protocol client, and a standalone fetcher.",https://kuri.trilok.ai,,https://github.com/justrach/kuri,,GitHub API,https://github.com/justrach/kuri,False,False,False
tool_56658250958ff713,tokentelemetry,"Token telemetry dashboard for AI autonomous and coding agents — tracks tokens, sessions, tool calls & reasoning across Hermes agent, Claude Code, Antigravity CLI, Codex & more. 100% local.",https://tokentelemetry.com/docs,,https://github.com/VasiHemanth/tokentelemetry,,GitHub API,https://github.com/VasiHemanth/tokentelemetry,False,False,False
tool_11e366bcc077233b,mancode,AI coding agent harness. Five modes: practice to playoffs. Stop your AI from over-engineering. Code like a man. Elbow out bloat. Score clean.    ... AI 代理调度框架。五种模式：训练到季后赛。 别让你的 AI 过度设计一切。像个man一样，肘开冗余，干净得分。,https://whitelonng.github.io/mancode,,https://github.com/whitelonng/mancode,,GitHub API,https://github.com/whitelonng/mancode,False,False,False
tool_2330eaeb0e6dd792,EpicStaff,"Source-available, self-hosted platform for building AI agent flows - visual editor over a Django backend.",https://epicstaff.com,,https://github.com/EpicStaff/EpicStaff,,GitHub API,https://github.com/EpicStaff/EpicStaff,False,False,False
tool_c1a467181e5267ab,agentpet,"A desktop pet for macOS & Windows that monitors your AI coding agents (Claude Code, Codex, Cursor, Gemini...) in real time, and grows as you code, feed it tokens, level it up, climb the leaderboard.",https://ntd4996.github.io/agentpet,,https://github.com/ntd4996/agentpet,,GitHub API,https://github.com/ntd4996/agentpet,False,False,False
tool_d4c92d054cbbfc9e,statewave,"Open-source memory runtime for AI agents — reproducible, provenance-tagged context bundles instead of query-time retrieval. Apache-2.0, self-hosted on Postgres + pgvector, Python + TypeScript SDKs.",https://statewave.ai,,https://github.com/smaramwbc/statewave,,GitHub API,https://github.com/smaramwbc/statewave,False,False,False
tool_1b1cef840ba9fc4f,emisar,"Let AI agents investigate and operate infrastructure through declared actions, bounded by policy and host-side checks. Approvals when required, with an audit trail. By Protectorate.",https://emisar.dev,,https://github.com/AndrewDryga/emisar,,GitHub API,https://github.com/AndrewDryga/emisar,False,False,False
tool_65e77a8f2897126b,optimize-ai-agent-memory,9 Different Ways to Optimize AI Agent Memories,https://medium.com/@fareedkhandev/optimizing-memory-of-ai-agents-for-better-performance-using-67d813e3d796,,https://github.com/FareedKhan-dev/optimize-ai-agent-memory,,GitHub API,https://github.com/FareedKhan-dev/optimize-ai-agent-memory,False,False,False
tool_68c968bb6a39c3a1,tilth,Smart(er) code reading for humans and AI agents. Reduces cost per correct answer by ~40% on average. Install: cargo install tilth -or- npx tilth,https://github.com/jahala/tilth,,https://github.com/jahala/tilth,,GitHub API,https://github.com/jahala/tilth,False,False,False
tool_c520c52b30160bea,ai-health-vault,AI + Obsidian private health management system template,https://leolabs.me,,https://github.com/runesleo/ai-health-vault,,GitHub API,https://github.com/runesleo/ai-health-vault,False,False,False
tool_3987df3f1f49da68,alphora,A Production-Ready Framework for Building Composable AI Agents,https://bigdata.10086.cn,,https://github.com/opencmit/alphora,,GitHub API,https://github.com/opencmit/alphora,False,False,False
tool_69d028fba286b831,Heeler,"Native iOS agent console for herdr — watch and drive the coding agents on your machines over SSH, with a real libghostty terminal, QR pairing, and push notifications when an agent needs you",https://heeler.bybee.dev,,https://github.com/ZingerLittleBee/Heeler,,GitHub API,https://github.com/ZingerLittleBee/Heeler,False,False,False
tool_9d7df70c9a0d9b1c,secureclaw,SecureClaw - Security Plugin and Skill for OpenClaw OWASP-Aligned,https://adversa.ai,,https://github.com/adversa-ai/secureclaw,,GitHub API,https://github.com/adversa-ai/secureclaw,False,False,False
tool_421ade02ddb668c0,examples-python,Restack AI examples for Python,https://github.com/restackio/examples-python,,https://github.com/restackio/examples-python,,GitHub API,https://github.com/restackio/examples-python,False,False,False
tool_f1b3ca22637fd23d,LAP,"Your agents are guessing at APIs. Give them the actual Agent-Native spec. 1500+ API's Ready To-Use skills,  Compile any API spec into a lean, agent-native format. 10× smaller. OpenAPI, GraphQL, AsyncAPI, Protobuf, Postman.",https://lap.sh,,https://github.com/Lap-Platform/LAP,,GitHub API,https://github.com/Lap-Platform/LAP,False,False,False
tool_05680de65656b032,bio,"The world's most powerful open-source bio AI assistant - Access academic literature, clinical trials, drug labels, and more, all through natural conversation.",https://bio.valyu.ai,,https://github.com/yorkeccak/bio,,GitHub API,https://github.com/yorkeccak/bio,False,False,False
tool_26b4584f49401cc6,mulmoclaude,"Nurture your own AI assistant on your own computer. Local-first and MIT: memories, data and apps stay as plain files in your workspace. Chat summons the right GUI — wiki, spreadsheet, chart, form, 3D. Build small apps for an audience of one, no programming required.",https://npmjs.com/package/mulmoclaude,,https://github.com/receptron/mulmoclaude,,GitHub API,https://github.com/receptron/mulmoclaude,False,False,False
tool_fe70f5d9dc8d8fa4,ai-sdlc,Declarative governance framework for AI-augmented software development lifecycles,https://ai-sdlc.io,,https://github.com/ai-sdlc-framework/ai-sdlc,,GitHub API,https://github.com/ai-sdlc-framework/ai-sdlc,False,False,False
tool_479dc5a0b8cc3eb7,autonomous-os,The open-source operating system for robots — install it and your robot comes alive,https://github.com/autonomous-ai/autonomous-os,,https://github.com/autonomous-ai/autonomous-os,,GitHub API,https://github.com/autonomous-ai/autonomous-os,False,False,False
tool_ec479112f68b0ac1,prismor,"Self-hosted runtime control plane for AI agents. Observe or HITL approve or Block rogue tool calls before it executes: secret leaks, prompt injection, supply chain etc in a local dashboard. Agent agnostic (Claude, codex, langchain etc.)",https://prismor.dev,,https://github.com/PrismorSec/prismor,,GitHub API,https://github.com/PrismorSec/prismor,False,False,False
tool_77c019e5b2729a7c,harness,"AI-driven user testing for iOS Simulator, macOS apps, and web apps. Write a goal in plain language; an LLM agent drives the UI and reports friction. macOS 14+, Swift 6.",https://awizemann.github.io/harness,,https://github.com/awizemann/harness,,GitHub API,https://github.com/awizemann/harness,False,False,False
tool_67a3adbe7f82ada0,camoufox-cli,"Anti-detect browser automation CLI & Skills for AI agents — Camoufox-powered fingerprint spoofing, no bot-detectable Playwright leaks",https://npmjs.com/package/camoufox-cli,,https://github.com/Bin-Huang/camoufox-cli,,GitHub API,https://github.com/Bin-Huang/camoufox-cli,False,False,False
tool_34aa8cb5f67bc4dc,girl-agent,"ИИ-девушка с человеческим поведением: сон, настроение, расписание, память, стадии отношений и конфликты. Userbot mode через MTProto — реагирует, печатает, ставит реакции. Anti-AI промпт убирает ChatGPT-повадки. Не чат-бот — персонаж с состоянием.",https://oss.girl-agent.com,,https://github.com/AnnenkovLabs/girl-agent,,GitHub API,https://github.com/AnnenkovLabs/girl-agent,False,False,False
tool_2789992b5df9181f,bottube,"AI-native video platform where autonomous agents create, publish, and earn. Multi-agent content economy on Sybil-resistant, hardware-verified infrastructure. Part of the RustChain DePIN ecosystem.",https://bottube.ai,,https://github.com/Scottcjn/bottube,,GitHub API,https://github.com/Scottcjn/bottube,False,False,False
tool_f312dcb112435e51,syftr,syftr is an agent optimizer that helps you find the best agentic workflows for your budget.,https://github.com/datarobot/syftr,,https://github.com/datarobot/syftr,,GitHub API,https://github.com/datarobot/syftr,False,False,False
tool_b6098d8ea2fee61e,walkerOS,Open-source tag manager for developers,https://walkeros.io,,https://github.com/elbwalker/walkerOS,,GitHub API,https://github.com/elbwalker/walkerOS,False,False,False
tool_27749b4bf40efb9e,ocbot,Your Web4 Agent,https://github.com/instry/ocbot,,https://github.com/instry/ocbot,,GitHub API,https://github.com/instry/ocbot,False,False,False
tool_764906789b7e2e2c,clawsuite,All-in-one command center for OpenClaw agents,https://clawsuite.io,,https://github.com/outsourc-e/clawsuite,,GitHub API,https://github.com/outsourc-e/clawsuite,False,False,False
tool_9bcb5515c55a8533,tiny-engineer,"A small desktop robot that brings an AI coding assistant to life, physically acting out when it reads files, thinks, writes code, and finishes work.",https://github.com/jamro/tiny-engineer,,https://github.com/jamro/tiny-engineer,,GitHub API,https://github.com/jamro/tiny-engineer,False,False,False
tool_0e88bfcd15121b86,Lucarne,"Stop babysitting local AI agents. Just notifications, approve, and resume your Codex,Pi,Grok, or Claude code sessions anywhere. 0-Intrusion mobile control bridge via Telegram/微信/飞书.   No hooks, no skills, no MCP.",https://github.com/tuchg/Lucarne,,https://github.com/tuchg/Lucarne,,GitHub API,https://github.com/tuchg/Lucarne,False,False,False
tool_7fdf573130771ac3,gtm-cheat-codes,"A field guide for go to market teams using coding agents. Installable skills for campaign planning, CRM context, customer proof, and reviewable agent workflows.",https://zapier.com/gtm-ops-guide,,https://github.com/zapier/gtm-cheat-codes,,GitHub API,https://github.com/zapier/gtm-cheat-codes,False,False,False
tool_1e8374d05f8bbdbb,quantumproxies.io,"Residential, datacenter, ISP & mobile proxies with 90M+ IPs in 200+ countries — plus Scraper & SERP APIs. Code examples in Python, Node.js, PHP, Go, Java, C#, Ruby and curl.",https://quantumproxies.io,,https://github.com/quantumproxies/quantumproxies.io,,GitHub API,https://github.com/quantumproxies/quantumproxies.io,False,False,False
tool_5da269ced0138bfe,claude-night-market,"23 Claude Code plugins: TDD enforcement hooks, git/PR workflows, spec-driven development, code review, project lifecycle, fix-from-error, maintenance automation, context optimization, research, and multi-LLM delegation. 186 skills, 128 commands, 54 agents.",https://athola.github.io/claude-night-market,,https://github.com/athola/claude-night-market,,GitHub API,https://github.com/athola/claude-night-market,False,False,False
tool_56e879833f957ecd,ai-sns,"OpenClaw Hermes AI Agent Social Network🦞💬🦞Built on Google 3D Maps and A2A protocol, connects OpenClaw and Hermes agents worldwide in a 3D environment.",https://ai-sns.org,,https://github.com/ai-sns/ai-sns,,GitHub API,https://github.com/ai-sns/ai-sns,False,False,False
tool_ad7b0401cdf7af61,finding-unknowns-skills,"13 installable skills for Claude Code, OpenAI Codex, and Hermes, for finding your unknowns before they get expensive: blindspot pass, brainstorms, interviews, references, plans, notes, pitches, a merge quiz, plus a context audit, agent interface design, and progressive disclosure.",https://github.com/Neeeophytee/finding-unknowns-skills,,https://github.com/Neeeophytee/finding-unknowns-skills,,GitHub API,https://github.com/Neeeophytee/finding-unknowns-skills,False,False,False
tool_bbd66e5f6eb87bd7,agentic-ai-engineering,"Hands-on tutorials for building AI agents from scratch. Learn LLM APIs, prompt engineering, tool calling, and the agent loop through practical examples.",http://agenticloops.ai,,https://github.com/agenticloops-ai/agentic-ai-engineering,,GitHub API,https://github.com/agenticloops-ai/agentic-ai-engineering,False,False,False
tool_4029b5b254dbf753,science-superpowers,Composable computational-science methodology skills for AI research agents — pre-registration over TDD. A science-domain reimplementation of Superpowers.,https://k-dense.ai,,https://github.com/K-Dense-AI/science-superpowers,,GitHub API,https://github.com/K-Dense-AI/science-superpowers,False,False,False
tool_bca0de2d4d1f034e,brain0,"The black box for AI-written code. Passive decision graph linking every commit to the agent prompts behind it: drift detection, DLP audit of what agents read, evidence-driven risk, MCP memory for coding agents, signed provenance attestations. One command, offline by default.",https://github.com/Brain0-ai/brain0,,https://github.com/Brain0-ai/brain0,,GitHub API,https://github.com/Brain0-ai/brain0,False,False,False
tool_1028283ea7a9cb19,OpenInstinct,iMessage personal assistant + password vault,https://openinstinct.sh,,https://github.com/Merit-Systems/OpenInstinct,,GitHub API,https://github.com/Merit-Systems/OpenInstinct,False,False,False
tool_09ccae85ba1b7718,concord-mcp,Live messaging for coding agents,https://getconcord.ai,,https://github.com/Get-Concord-AI/concord-mcp,,GitHub API,https://github.com/Get-Concord-AI/concord-mcp,False,False,False
tool_01e10c8f3bbbed3b,nehemiah,"On-demand Linux computers you can hand to an AI — real Firecracker microVMs with a browser, terminal, coding agents, and an AI that drives them.",https://boringcomputers.com,,https://github.com/boringcomputers/nehemiah,,GitHub API,https://github.com/boringcomputers/nehemiah,False,False,False
tool_e474a8d333204cca,AutoProber,"Hardware hacker’s flying probe automation stack for agent-driven   target discovery, microscope mapping, safety-monitored CNC motion, probe review, and   controlled pin probing.",https://gainsec.com,,https://github.com/GainSec/AutoProber,,GitHub API,https://github.com/GainSec/AutoProber,False,False,False
tool_daba348efb27cdd7,online-mooc,基于《天机学堂》升级的智慧 MOOC 教育平台，融合课程交易、AI 辅助、数据分析、直播互动、AI 问答及个性化推荐能力，已完成 JDK17 + SpringBoot3 技术栈全面升级。,https://github.com/finch04/online-mooc,,https://github.com/finch04/online-mooc,,GitHub API,https://github.com/finch04/online-mooc,False,False,False
tool_75dcfeff1609bb8a,kelos,Kelos - The Kubernetes-native framework for orchestrating autonomous AI coding agents.,https://github.com/kelos-dev/kelos,,https://github.com/kelos-dev/kelos,,GitHub API,https://github.com/kelos-dev/kelos,False,False,False
tool_3344324b20e69153,instructor-php,"Unified LLM API, structured data outputs with LLMs, and agent SDK - in PHP",https://instructorphp.com,,https://github.com/cognesy/instructor-php,,GitHub API,https://github.com/cognesy/instructor-php,False,False,False
tool_c4bacedef08787d3,superseo-skills,"11 Claude skills for SEO: page audits, linkbuilding, article writing, E-E-A-T audits, semantic gap analysis, link building. Methodology from Koray   Tuğberk, Kyle Roof, and Lily Ray, plus a generation-time anti-AI-slop ruleset. Production-tested at InhouseSEO",https://inhouseseo.ai,,https://github.com/inhouseseo/superseo-skills,,GitHub API,https://github.com/inhouseseo/superseo-skills,False,False,False
tool_11956d8437b2a4b5,comanda,"The CLI-native orchestrator for AI agent workflows. Run Claude Code, Codex, Gemini CLI & Kimi Code from declarative YAML. Because the terminal is where real work happens.",https://comanda.sh,,https://github.com/kris-hansen/comanda,,GitHub API,https://github.com/kris-hansen/comanda,False,False,False
tool_4628ca3fc3291432,cymbal,Language-agnostic code navigation CLI powered by tree-sitter,http://chain.sh/cymbal,,https://github.com/1broseidon/cymbal,,GitHub API,https://github.com/1broseidon/cymbal,False,False,False
tool_9bbd457b632b753e,Misceo,"Local Anthropic-compatible AI gateway with cheap-first routing, quality gates, safe model handoffs, and an embedded cost dashboard.",https://npmjs.com/package/@misceo/cli,,https://github.com/MaySudo/Misceo,,GitHub API,https://github.com/MaySudo/Misceo,False,False,False
tool_88eae748be2b052d,advai-cli,"Local-first CLI for agent skills, browser automation, knowledge bases, external CLIs, and terminal AI chat.",https://advai-x.github.io/advai-cli,,https://github.com/Advai-X/advai-cli,,GitHub API,https://github.com/Advai-X/advai-cli,False,False,False
tool_d4d5eb9234b3c0ed,Finance-Guru,"Self-hosted family office engine: typed Python calculators, a private SQLite ledger, and specialist agents for Claude Code and Codex. Agents propose. Typed code computes.",https://aojdevstudio.github.io/Finance-Guru,,https://github.com/AojdevStudio/Finance-Guru,,GitHub API,https://github.com/AojdevStudio/Finance-Guru,False,False,False
tool_c89504528dcf4737,mavsdk_drone_show,"Open-source MAVLink fleet operations for PX4: SITL, drone shows, search and rescue, cooperative autonomy, and field validation",https://github.com/alireza787b/mavsdk_drone_show,,https://github.com/alireza787b/mavsdk_drone_show,,GitHub API,https://github.com/alireza787b/mavsdk_drone_show,False,False,False
tool_5e8fee65232e5c4a,Modern-Red-Team-Infrastructure,A comprehensive modern architecture model is proposed to integrate platform solutions and tooling to support a professional Red Team.,https://github.com/dn9uy3n/Modern-Red-Team-Infrastructure,,https://github.com/dn9uy3n/Modern-Red-Team-Infrastructure,,GitHub API,https://github.com/dn9uy3n/Modern-Red-Team-Infrastructure,False,False,False
tool_e00488f874e838c8,VeritasGraph,"VeritasGraph — open-source Knowledge Graph & GraphRAG framework on GitHub. Build multi-hop reasoning, ontology-aware retrieval, and verifiable attribution over your own data. Nodes, edges, RDF, linked-data — runs locally or in the cloud.",https://bibinprathap.github.io/VeritasGraph/studio,,https://github.com/bibinprathap/VeritasGraph,,GitHub API,https://github.com/bibinprathap/VeritasGraph,False,False,False
tool_f0166c142c3de0e3,ai-native-engineering-manifesto,A manifesto and playbook for AI-native software engineering in the LLM era / AI-Native的软件工程宣言,https://liminge.space/manifesto,,https://github.com/Ge-limin/ai-native-engineering-manifesto,,GitHub API,https://github.com/Ge-limin/ai-native-engineering-manifesto,False,False,False
tool_07a554f9fb680aef,DDC_Skills_for_AI_Agents_in_Construction,"221 AI skills for construction: BIM analysis, cost estimation, scheduling, document control, and automation with Claude Code",https://datadrivenconstruction.io,,https://github.com/datadrivenconstruction/DDC_Skills_for_AI_Agents_in_Construction,,GitHub API,https://github.com/datadrivenconstruction/DDC_Skills_for_AI_Agents_in_Construction,False,False,False
tool_967b73313db2a254,extractor,Use LLMs to robustly extract web data,https://lightfeed.ai,,https://github.com/lightfeed/extractor,,GitHub API,https://github.com/lightfeed/extractor,False,False,False
tool_22757e367120c3e2,Calyx,A native macOS terminal app built on Ghostty for running and supervising coding agents,https://help.getcalyx.app,,https://github.com/yuuichieguchi/Calyx,,GitHub API,https://github.com/yuuichieguchi/Calyx,False,False,False
tool_58d5011fcf6a9e08,StatsPAI,"StatsPAI is the first Agent-native Python library for causal inference and applied econometrics — unified API, broad cross-method coverage, structured result objects, machine-readable schemas, Skills, an MCP server, and R/Stata parity validation.",https://github.com/brycewang-stanford/StatsPAI,,https://github.com/brycewang-stanford/StatsPAI,,GitHub API,https://github.com/brycewang-stanford/StatsPAI,False,False,False
tool_552af207bb048d24,TapeAgents,TapeAgents is a framework that facilitates all stages of the LLM Agent development lifecycle,https://arxiv.org/abs/2412.08445,,https://github.com/ServiceNow/TapeAgents,,GitHub API,https://github.com/ServiceNow/TapeAgents,False,False,False
tool_98fe54a48d1bd0b4,armory,"Curated, production-grade skills for AI coding agents. Battle-tested workflows for developers who use AI seriously.",https://mathews-tom.github.io/armory,,https://github.com/Mathews-Tom/armory,,GitHub API,https://github.com/Mathews-Tom/armory,False,False,False
tool_4259e8421e105119,texera,Human-AI Collaborative Data Science Using Visual Workflows,https://texera.apache.org,,https://github.com/apache/texera,,GitHub API,https://github.com/apache/texera,False,False,False
tool_ef3d7c5f1b6ba9bc,7deer_skills,"Composable, auditable Agent Skills for building Roblox game sites—from opportunity and keyword research to content, SEO, updates, and backlinks.",https://rbauto.ludusdex.com,,https://github.com/kennyzir/7deer_skills,,GitHub API,https://github.com/kennyzir/7deer_skills,False,False,False
tool_cef47147129484e9,postman-mcp-server,"Postman MCP Server — connect AI agents (Claude Code, Cursor, VS Code Copilot, Gemini CLI) to your Postman collections, OpenAPI specs, and environments via Model Context Protocol (MCP)",https://postman.com/product/mcp-server,,https://github.com/postmanlabs/postman-mcp-server,,GitHub API,https://github.com/postmanlabs/postman-mcp-server,False,False,False
tool_214de49a33734669,harnessclaw,"Harnessclaw is a powerful, Electron-based desktop application designed to manage, chat with, and operate AI agents and skills seamlessly.",https://github.com/harnessclaw/harnessclaw,,https://github.com/harnessclaw/harnessclaw,,GitHub API,https://github.com/harnessclaw/harnessclaw,False,False,False
tool_42c92149a598bec1,sayna,Sayna is a unified Voice Layer for AI Agents with a seemless integration to an existing agentic frameworks,https://sayna.ai,,https://github.com/SaynaAI/sayna,,GitHub API,https://github.com/SaynaAI/sayna,False,False,False
tool_ce58c96aef884d6e,gpt4V-scraper,"AI agent that can SEE 👁️, control, navigate, & do stuff for you on your browser.",https://github.com/vdutts7/gpt4V-scraper,,https://github.com/vdutts7/gpt4V-scraper,,GitHub API,https://github.com/vdutts7/gpt4V-scraper,False,False,False
tool_5931ba559c4106fe,cyberdesk,Open source virtual desktops for AI agents,https://cyberdesk.io,,https://github.com/cyberdesk-hq/cyberdesk,,GitHub API,https://github.com/cyberdesk-hq/cyberdesk,False,False,False
tool_48f6ff08146d1010,ECC,"The agent harness performance optimization system. Skills, instincts, memory, security, and research-first development for Claude Code, Codex, Opencode, Cursor and beyond.",https://ecc.tools,,https://github.com/affaan-m/ECC,,GitHub API,https://github.com/affaan-m/ECC,False,False,False
tool_465ff43dfc9c765c,deepseek-harness,DeepSeek Harness: Everything is a Plugin.,https://deepseek.com/harness,,https://github.com/deepseek-ai/deepseek-harness,,GitHub API,https://github.com/deepseek-ai/deepseek-harness,False,False,False
tool_4521491d8b04d427,firecrawl,"The web data API to search, scrape, and interact at scale. 🔥",https://firecrawl.dev,,https://github.com/firecrawl/firecrawl,,GitHub API,https://github.com/firecrawl/firecrawl,False,False,False
tool_6e1514ccad66994e,langchain,The agent engineering platform.,https://docs.langchain.com/langchain,,https://github.com/langchain-ai/langchain,,GitHub API,https://github.com/langchain-ai/langchain,False,False,False
tool_a406873ba37be665,ponytail,Makes your AI agent think like the laziest senior dev in the room. The best code is the code you never wrote.,https://ponytail.dev,,https://github.com/DietrichGebert/ponytail,,GitHub API,https://github.com/DietrichGebert/ponytail,False,False,False
tool_e070f5d29b6c1bcc,graphify,"Turn any codebase, with its docs, SQL schemas, configs, and PDFs, into a queryable knowledge graph. A /graphify skill for Claude Code, Cursor, Codex, and Gemini CLI: local deterministic AST parsing, every edge explained, no vector store.",https://graphify.com,,https://github.com/Graphify-Labs/graphify,,GitHub API,https://github.com/Graphify-Labs/graphify,False,False,False
tool_e6281014f79cb5fe,gemini-cli,An open-source AI agent that brings the power of Gemini directly into your terminal.,https://geminicli.com,,https://github.com/google-gemini/gemini-cli,,GitHub API,https://github.com/google-gemini/gemini-cli,False,False,False
tool_f2a589c203cb76f9,claude-mem,"Persistent Context Across Sessions for Every Agent –  Captures everything your agent does during sessions, compresses it with AI, and injects relevant context back into future sessions. Works with Claude Code, OpenClaw, Codex, Gemini, Hermes, Copilot, OpenCode + More",https://claude-mem.ai,,https://github.com/thedotmack/claude-mem,,GitHub API,https://github.com/thedotmack/claude-mem,False,False,False
tool_ee0ae51cfd83460b,ragflow,RAGFlow is a leading open-source Retrieval-Augmented Generation (RAG) engine that fuses cutting-edge RAG with Agent capabilities to create a superior context layer for LLMs,https://ragflow.io,,https://github.com/infiniflow/ragflow,,GitHub API,https://github.com/infiniflow/ragflow,False,False,False
tool_482a32ad173a0aca,deer-flow,"An open-source long-horizon SuperAgent harness that researches, codes, and creates. With the help of sandboxes, memories, tools, skill, subagents and message gateway, it handles different levels of tasks that could take minutes to hours.",https://deerflow.tech,,https://github.com/bytedance/deer-flow,,GitHub API,https://github.com/bytedance/deer-flow,False,False,False
tool_7e333d93a55f7427,ai-agents-for-beginners,18 Lessons to Get Started Building AI Agents,https://aka.ms/ai-agents-beginners,,https://github.com/microsoft/ai-agents-for-beginners,,GitHub API,https://github.com/microsoft/ai-agents-for-beginners,False,False,False
tool_9dd9e857f88d9baa,ruflo,"🌊 The original agent harness. Deploy intelligent multi-player swarms, coordinate autonomous workflows, and build conversational AI systems. Features adaptive memory, self-learning intelligence, federation, vector RAG integration, and native Claude Code / Codex / Hermes and many more Integrated",https://cognitum.one,,https://github.com/ruvnet/ruflo,,GitHub API,https://github.com/ruvnet/ruflo,False,False,False
tool_5829ae206b8e5f30,daytona,Daytona is a Secure and Elastic Infrastructure for Running AI-Generated Code,https://daytona.io,,https://github.com/daytonaio/daytona,,GitHub API,https://github.com/daytonaio/daytona,False,False,False
tool_ffbc58851f0c7060,orca,"Orca is the ADE for working with a fleet of parallel agents. Run any coding agent with your own subscription. Available on desktop, mobile and remote runtime.",https://onorca.dev,,https://github.com/stablyai/orca,,GitHub API,https://github.com/stablyai/orca,False,False,False
tool_76983ef0b976aec6,oh-my-openagent,"OmO: Just type ""mass ulw"" keyword with your prompt. Now you are the master of graph engineering.",https://omo.dev,,https://github.com/code-yeongyu/oh-my-openagent,,GitHub API,https://github.com/code-yeongyu/oh-my-openagent,False,False,False
tool_ebdef0c792d83e91,system_prompts_leaks,"Extracted system prompts from Anthropic - Claude Fable 5.1, Opus 5, Claude Design, Claude Code. OpenAI - ChatGPT GPT-6-Astra, Codex. Google - Gemini 3.8 Flash, 3.1 Pro, Antigravity. xAI - Grok, Grok Bot, Cursor, Kimi and more! Updated regularly.",https://github.com/asgeirtj/system_prompts_leaks,,https://github.com/asgeirtj/system_prompts_leaks,,GitHub API,https://github.com/asgeirtj/system_prompts_leaks,False,False,False
tool_00b63ced9f3d2780,OmniRoute,"Never stop coding. Free MIT AI gateway: one endpoint, 352 providers (150+ free), 1200+ models Kimi, Claude, GPT, Gemini, GLM, DeepSeek, MiniMax. Works with Claude Code, Codex, Cursor, OpenCode, Cline & Copilot. Quota-aware auto-fallback, RTK+Caveman compression saves 15-95% tokens, MCP/A2A, Desktop/PWA. Built by 550+ contributors",https://omniroute.online,,https://github.com/diegosouzapw/OmniRoute,,GitHub API,https://github.com/diegosouzapw/OmniRoute,False,False,False
tool_ac60158042dfe238,anything-llm,Stop renting your intelligence. Own it with AnythingLLM. Everything you need for a powerful local-first agent experience,https://anythingllm.com,,https://github.com/Mintplex-Labs/anything-llm,,GitHub API,https://github.com/Mintplex-Labs/anything-llm,False,False,False
tool_b9ce8d34669e2aec,claude-code-best-practice,from vibe coding to agentic engineering - practice makes claude perfect,https://linkedin.com/in/shanraisshan,,https://github.com/shanraisshan/claude-code-best-practice,,GitHub API,https://github.com/shanraisshan/claude-code-best-practice,False,False,False
tool_ecc3fec7de094b58,mem0,The Memory Layer for AI Agents - Drop-in memory infrastructure for AI agents and apps. Context that persists. Built for production.,https://mem0.ai,,https://github.com/mem0ai/mem0,,GitHub API,https://github.com/mem0ai/mem0,False,False,False
tool_191505af180fe1a9,crewAI,"Framework for orchestrating role-playing, autonomous AI agents. By fostering collaborative intelligence, CrewAI empowers agents to work together seamlessly, tackling complex tasks.",https://crewai.com,,https://github.com/crewAIInc/crewAI,,GitHub API,https://github.com/crewAIInc/crewAI,False,False,False
tool_9cc7a43c6fef77db,goose,"an open source, extensible AI agent that goes beyond code suggestions - install, execute, edit, and test with any LLM",https://goose-docs.ai,,https://github.com/aaif-goose/goose,,GitHub API,https://github.com/aaif-goose/goose,False,False,False
tool_6c354390cbde7c02,agentic-awesome-skills,"AAS Core is the local, agent-first control plane for complete catalog discovery, agent-owned selection, stack validation, and planning, backed by 2,115+ agentic skills. Includes CLI, local MCP, catalog, plugins, and Workbench.",https://sickn33.github.io/agentic-awesome-skills,,https://github.com/sickn33/agentic-awesome-skills,,GitHub API,https://github.com/sickn33/agentic-awesome-skills,False,False,False
tool_6501171ac405b594,agno,"Build, run, and manage agent platforms.",https://docs.agno.com,,https://github.com/agno-agi/agno,,GitHub API,https://github.com/agno-agi/agno,False,False,False
tool_bee4ce4a4b545d06,langgraph,Build resilient agents.,https://docs.langchain.com/oss/python/langgraph,,https://github.com/langchain-ai/langgraph,,GitHub API,https://github.com/langchain-ai/langgraph,False,False,False
tool_d70b73bf4a8e8996,DeepTutor,DeepTutor: Lifelong Personalized Tutoring. https://deeptutor.info/.,http://arxiv.org/abs/2604.26962,,https://github.com/HKUDS/DeepTutor,,GitHub API,https://github.com/HKUDS/DeepTutor,False,False,False
tool_fe22b4ed71c26fbb,openhuman,"OpenHuman is an open source agent harness with local-first memory, agent orchestration, and workflows",https://tinyhumans.ai/openhuman,,https://github.com/tinyhumansai/openhuman,,GitHub API,https://github.com/tinyhumansai/openhuman,False,False,False
tool_d9e31813cd40dd54,oh-my-claudecode,Teams-first Multi-agent orchestration for Claude Code,https://oh-my-claudecode.dev,,https://github.com/Yeachan-Heo/oh-my-claudecode,,GitHub API,https://github.com/Yeachan-Heo/oh-my-claudecode,False,False,False
tool_0742b3a5cb9af125,herdr,the runtime your coding agents live on,https://herdr.dev,,https://github.com/herdrdev/herdr,,GitHub API,https://github.com/herdrdev/herdr,False,False,False
tool_1502b2d3b96cac80,Vane,Vane is an AI-powered answering engine.,https://github.com/ItzCrazyKns/Vane,,https://github.com/ItzCrazyKns/Vane,,GitHub API,https://github.com/ItzCrazyKns/Vane,False,False,False
tool_b3fa601cb1a68c2b,PageIndex,"📑 PageIndex: Document Index for Vectorless, Reasoning-based RAG",https://pageindex.ai,,https://github.com/VectifyAI/PageIndex,,GitHub API,https://github.com/VectifyAI/PageIndex,False,False,False
tool_7861349bc9258077,Anthropic-Cybersecurity-Skills,"817 structured cybersecurity skills for AI agents · Mapped to 6 frameworks: MITRE ATT&CK, NIST CSF 2.0, MITRE ATLAS, D3FEND, NIST AI RMF & MITRE F3 (Fight Fraud) · agentskills.io standard · Works with Claude Code, GitHub Copilot, Codex CLI, Cursor, Gemini CLI & 20+ platforms · 29 security domains · Apache 2.0",https://mahipal.engineer/Anthropic-Cybersecurity-Skills,,https://github.com/mukul975/Anthropic-Cybersecurity-Skills,,GitHub API,https://github.com/mukul975/Anthropic-Cybersecurity-Skills,False,False,False
tool_ffaec9ad80511e05,FinceptTerminal,"FinceptTerminal is a modern finance application offering advanced market analytics, investment research, and economic data tools, designed for interactive exploration and data-driven decision-making in a user-friendly environment.",https://fincept.in,,https://github.com/Fincept-Corporation/FinceptTerminal,,GitHub API,https://github.com/Fincept-Corporation/FinceptTerminal,False,False,False
tool_0eea355b4340e95e,CloakBrowser,Stealth Chromium that passes every bot detection test. Drop-in Playwright replacement with source-level fingerprint patches. 30/30 tests passed.,https://cloakbrowser.dev,,https://github.com/CloakHQ/CloakBrowser,,GitHub API,https://github.com/CloakHQ/CloakBrowser,False,False,False
tool_fefc4ac3cbc02d0a,book-to-skill,"Turn any technical book PDF into a Claude Code skill — ready to study, reference, and use while you work.",https://github.com/virgiliojr94/book-to-skill,,https://github.com/virgiliojr94/book-to-skill,,GitHub API,https://github.com/virgiliojr94/book-to-skill,False,False,False
tool_dd6fac694c704c4d,nanoclaw,"A lightweight alternative to OpenClaw that runs in containers for security. Connects to WhatsApp, Telegram, Slack, Discord, Gmail and other messaging apps,, has memory, scheduled jobs, and runs directly on Anthropic's Agents SDK",https://nanoclaw.dev,,https://github.com/nanocoai/nanoclaw,,GitHub API,https://github.com/nanocoai/nanoclaw,False,False,False
tool_10b158c91b2e1a36,cognee,Cognee is the open-source AI memory platform for agents. Give your AI agents persistent long-term memory across sessions with a self-hosted knowledge graph engine.,https://cognee.ai,,https://github.com/topoteretes/cognee,,GitHub API,https://github.com/topoteretes/cognee,False,False,False
tool_dbdd125aa3ed2f72,composio,"Composio powers 1000+ toolkits, tool search, context management, authentication, and a sandboxed workbench to help you build AI agents that turn intent into action.",https://docs.composio.dev,,https://github.com/ComposioHQ/composio,,GitHub API,https://github.com/ComposioHQ/composio,False,False,False
tool_a65aece33e67d03a,chroma,Search infrastructure for AI,https://trychroma.com,,https://github.com/chroma-core/chroma,,GitHub API,https://github.com/chroma-core/chroma,False,False,False
tool_a9b7eae792c606e0,page-agent,JavaScript in-page GUI agent. Control web interfaces with natural language.,https://alibaba.github.io/page-agent,,https://github.com/alibaba/page-agent,,GitHub API,https://github.com/alibaba/page-agent,False,False,False
tool_a8be99941f8fc5d2,9router,"Unlimited FREE AI coding. Connect Claude Code, Codex, Cursor, Cline, Copilot, Antigravity to FREE Claude/GPT/Gemini via 40+ providers. Auto-fallback, RTK -40% tokens, never hit limits.",https://9router.com,,https://github.com/decolua/9router,,GitHub API,https://github.com/decolua/9router,False,False,False
tool_f214628a47a5983a,cs249r_book,"Machine Learning Systems: Foundations, Scaling, Agentic AI, and Physical AI (Vols I–IV) • Harvard CS249r | https://mlsysbook.ai",https://mlsysbook.ai,,https://github.com/harvard-edge/cs249r_book,,GitHub API,https://github.com/harvard-edge/cs249r_book,False,False,False
tool_611668909ff5e6d1,kestra,Event Driven Orchestration & Scheduling Platform for Mission Critical Applications,https://go.kestra.io/home,,https://github.com/kestra-io/kestra,,GitHub API,https://github.com/kestra-io/kestra,False,False,False
tool_2baccb61edcc553c,vibe-kanban,"Get 10X more out of Claude Code, Codex or any coding agent",https://vibekanban.com,,https://github.com/BloopAI/vibe-kanban,,GitHub API,https://github.com/BloopAI/vibe-kanban,False,False,False
tool_d3526c90e1cee7b0,haystack,"Open-source AI orchestration framework for building context-engineered, production-ready LLM applications. Design modular pipelines and agent workflows with explicit control over retrieval, routing, memory, and generation. Built for scalable agents, RAG, multimodal applications, semantic search, and conversational systems.",https://haystack.deepset.ai,,https://github.com/deepset-ai/haystack,,GitHub API,https://github.com/deepset-ai/haystack,False,False,False
tool_d94dd892cd91d4d5,Claude-Code-Game-Studios,"Turn Claude Code into a full game dev studio — 49 AI agents, 72 workflow skills, and a complete coordination system mirroring real studio hierarchy.",https://github.com/Donchitos/Claude-Code-Game-Studios,,https://github.com/Donchitos/Claude-Code-Game-Studios,,GitHub API,https://github.com/Donchitos/Claude-Code-Game-Studios,False,False,False
tool_53f9d610a57864c4,letta,Platform for stateful agents: AI with advanced memory that can learn and self-improve over time.,https://docs.letta.com,,https://github.com/letta-ai/letta,,GitHub API,https://github.com/letta-ai/letta,False,False,False
tool_d2e5d56490b8eb60,pentagi,Fully autonomous AI Agents system capable of performing complex penetration testing tasks,https://pentagi.com,,https://github.com/vxcontrol/pentagi,,GitHub API,https://github.com/vxcontrol/pentagi,False,False,False
tool_894737650c098191,dolt,Dolt – Git for Data,https://dolthub.com,,https://github.com/dolthub/dolt,,GitHub API,https://github.com/dolthub/dolt,False,False,False
tool_1fe1610eb82f7b1f,stagehand,"The SDK to extract data and interact with any site on the web. Get started with Claude Code, Codex, Eve, Mastra, and more.",https://stagehand.dev,,https://github.com/browserbase/stagehand,,GitHub API,https://github.com/browserbase/stagehand,False,False,False
tool_9b25a9190de0724b,editor,"Open-source 3D architectural editor with a local CLI, MCP tools, and practical workflows for humans and AI agents.",https://editor.pascal.app,,https://github.com/pascalorg/editor,,GitHub API,https://github.com/pascalorg/editor,False,False,False
tool_b408011d8fffc139,go-micro,A Go agent harness and service framework,https://go-micro.dev,,https://github.com/micro/go-micro,,GitHub API,https://github.com/micro/go-micro,False,False,False
tool_6889073d1bc42880,NemoClaw,"Run agents like Hermes, LangChain Deep Agents, and OpenClaw more securely inside NVIDIA OpenShell with managed inference",https://docs.nvidia.com/nemoclaw/latest,,https://github.com/NVIDIA/NemoClaw,,GitHub API,https://github.com/NVIDIA/NemoClaw,False,False,False
tool_063ff95f2ae302a3,adk-python,"An open-source, code-first Python toolkit for building, evaluating, and deploying sophisticated AI agents with flexibility and control.",https://google.github.io/adk-docs,,https://github.com/google/adk-python,,GitHub API,https://github.com/google/adk-python,False,False,False
tool_cca9b1be158ab560,khazix-skills,"数字生命卡兹克开源的 AI Skills 合集 | Agent Skills: leader（帮你定义目标）, neat-freak 洁癖, hv-analysis, khazix-writer & more — Claude Code, Codex & 40+ agents",https://github.com/KKKKhazix/khazix-skills,,https://github.com/KKKKhazix/khazix-skills,,GitHub API,https://github.com/KKKKhazix/khazix-skills,False,False,False
tool_4671a351879c1ed2,agency-agents-zh,🎭 277 个即插即用的 AI 专家角色 — 支持 Claude Code/Cursor/Copilot 等 20 种工具，覆盖工程/设计/营销/金融等 20 个部门。含 64 个中国市场原创智能体（小红书/抖音/微信/飞书/钉钉/Qt 上位机/机械设计）。搭配编排器 agency-orchestrator，一句话即可让多位专家按 DAG 自动协作。,https://ao.aiolaola.com/experts,,https://github.com/jnMetaCode/agency-agents-zh,,GitHub API,https://github.com/jnMetaCode/agency-agents-zh,False,False,False
tool_1493eb160ded54cd,suna,The open-source AI Management System,https://kortix.com,,https://github.com/kortix-ai/suna,,GitHub API,https://github.com/kortix-ai/suna,False,False,False
tool_21d349103c4398de,hummingbot,Open source software that helps you create and deploy high-frequency crypto trading bots,https://hummingbot.org,,https://github.com/hummingbot/hummingbot,,GitHub API,https://github.com/hummingbot/hummingbot,False,False,False
tool_3c80ead3c93a0a9a,hermes-webui,Hermes WebUI: The best way to use Hermes Agent from the web or from your phone!,https://get-hermes.ai/setup,,https://github.com/nesquena/hermes-webui,,GitHub API,https://github.com/nesquena/hermes-webui,False,False,False
tool_ab1eac2841f5b014,parlant,"Build reliable customer-facing AI agents with Parlant: an interaction control harness optimized for controlled, consistent, and predictable LLM interactions.",https://parlant.io,,https://github.com/emcie-co/parlant,,GitHub API,https://github.com/emcie-co/parlant,False,False,False
tool_37da4f299867fbd0,openfang,Open-source Agent Operating System,https://openfang.sh,,https://github.com/RightNow-AI/openfang,,GitHub API,https://github.com/RightNow-AI/openfang,False,False,False
tool_1237c21900af05d2,rowboat,"Open-source AI coworker, with memory",https://rowboatlabs.com,,https://github.com/rowboatlabs/rowboat,,GitHub API,https://github.com/rowboatlabs/rowboat,False,False,False
tool_30f81a5983dc4239,WrenAI,"GenBI (Generative BI) for AI agents, an open-source, governed text-to-SQL through an open context layer that turns natural-language questions into trusted dashboards, charts, and SQL across 20+ data sources, such as BigQuery, Snowflake, PostgreSQL, ClickHouse, Amazon Redshift, Databricks and more.",https://getwren.ai/en/open-core,,https://github.com/Canner/WrenAI,,GitHub API,https://github.com/Canner/WrenAI,False,False,False
tool_a3b45c562eb7480c,edict,"🏛️ 三省六部制 · OpenClaw Multi-Agent Orchestration System — 9 specialized AI agents with real-time dashboard, model config, and full audit trails",https://openclaw.ai,,https://github.com/cft0808/edict,,GitHub API,https://github.com/cft0808/edict,False,False,False
tool_f1aa1c4d8b844fe4,trigger.dev,Trigger.dev – build and deploy durable AI agents and workflows,https://trigger.dev/changelog,,https://github.com/triggerdotdev/trigger.dev,,GitHub API,https://github.com/triggerdotdev/trigger.dev,False,False,False
tool_413685228a2e87cb,img2threejs,"Rebuild the object in a reference image as a code-only, procedural, quality-gated, animation-ready Three.js model. Token-efficient image-to-3D.",https://img2threejs.io,,https://github.com/img2threejs/img2threejs,,GitHub API,https://github.com/img2threejs/img2threejs,False,False,False
tool_c93a8a5aa01e166f,text-to-cad,"A library of agent skills for CAD, CAE and CAM",https://texttocad.dev,,https://github.com/earthtojake/text-to-cad,,GitHub API,https://github.com/earthtojake/text-to-cad,False,False,False
tool_d949613f79075d7a,ag-ui,AG-UI: the Agent-User Interaction Protocol. Bring Agents into Frontend Applications.,https://ag-ui.com,,https://github.com/ag-ui-protocol/ag-ui,,GitHub API,https://github.com/ag-ui-protocol/ag-ui,False,False,False
tool_30653ac74e270eb9,self-hosted-ai-starter-kit,"The Self-hosted AI Starter Kit is an open-source template that quickly sets up a local AI environment. Curated by n8n, it provides essential tools for creating secure, self-hosted AI workflows.",https://n8n.io,,https://github.com/n8n-io/self-hosted-ai-starter-kit,,GitHub API,https://github.com/n8n-io/self-hosted-ai-starter-kit,False,False,False
tool_d1f0da9b9e6d95d1,superset,Superset is an agentic IDE to orchestrate 100+ coding agents in parallel. Run any agent with your own subscription.,https://superset.sh,,https://github.com/superset-sh/superset,,GitHub API,https://github.com/superset-sh/superset,False,False,False
tool_1379a6aefa318102,MiMo-Code,MiMo Code: Where Models and Agents Co-Evolve,https://mimo.xiaomi.com/mimocode,,https://github.com/XiaomiMiMo/MiMo-Code,,GitHub API,https://github.com/XiaomiMiMo/MiMo-Code,False,False,False
tool_1fe88e80347e5e34,InsForge,"The all-in-one, open-source backend platform for agentic coding. InsForge gives your coding agent database, auth, storage, compute, hosting, and AI gateway to ship full-stack apps end-to-end.",https://insforge.dev,,https://github.com/InsForge/InsForge,,GitHub API,https://github.com/InsForge/InsForge,False,False,False
tool_a9b57b83fb503cb6,txtai,"💡 All-in-one AI framework for semantic search, LLM orchestration and language model workflows",https://neuml.github.io/txtai,,https://github.com/neuml/txtai,,GitHub API,https://github.com/neuml/txtai,False,False,False
tool_aad0b2728ff48b64,Agent-S,Agent S: an open agentic framework that uses computers like a human,https://simular.ai,,https://github.com/simular-ai/Agent-S,,GitHub API,https://github.com/simular-ai/Agent-S,False,False,False
tool_d6dba60801413909,hexstrike-ai,"HexStrike AI MCP Agents is an advanced MCP server that lets AI agents (Claude, GPT, Copilot, etc.) autonomously run 150+ cybersecurity tools for automated pentesting, vulnerability discovery, bug bounty automation, and security research. Seamlessly bridge LLMs with real-world offensive security capabilities.",https://hexstrike.com,,https://github.com/0x4m4/hexstrike-ai,,GitHub API,https://github.com/0x4m4/hexstrike-ai,False,False,False
tool_e03d4c092153dd57,cocoindex,Incremental engine for long horizon agents 🌟 Star if you like it!,https://cocoindex.io,,https://github.com/cocoindex-io/cocoindex,,GitHub API,https://github.com/cocoindex-io/cocoindex,False,False,False
tool_b7d743bb4cdd613b,claude-skills,67 Specialized Skills for Full-Stack Developers. Transform Claude Code into your expert pair programmer.,https://github.com/Jeffallan/claude-skills,,https://github.com/Jeffallan/claude-skills,,GitHub API,https://github.com/Jeffallan/claude-skills,False,False,False
tool_3cb2a5c7ca73a836,MemOS,"Self-evolving memory OS for LLM & AI Agents: ultra-persistent memory, hybrid-retrieval, and cross-task skill reuse, with 35.24% token savings and DeepSeek Harness support.",https://memos.openmem.net,,https://github.com/MemTensor/MemOS,,GitHub API,https://github.com/MemTensor/MemOS,False,False,False
tool_53c2ee1170362c02,corsair,Connect your users to their apps,https://corsair.dev,,https://github.com/corsairdev/corsair,,GitHub API,https://github.com/corsairdev/corsair,False,False,False
tool_9b46cb98a0a2f568,loop-engineering,"Practical patterns, starters & CLI tools for loop engineering with AI coding agents. Design systems that prompt and orchestrate agents (inspired by Addy Osmani and Boris Cherny). Includes loop-audit, loop-init, loop-cost.",https://cobusgreyling.github.io/loop-engineering,,https://github.com/cobusgreyling/loop-engineering,,GitHub API,https://github.com/cobusgreyling/loop-engineering,False,False,False
tool_4424cca5a01d9e69,voltagent,AI Agent Engineering Platform built on an Open Source TypeScript AI Agent Framework,https://voltagent.dev,,https://github.com/VoltAgent/voltagent,,GitHub API,https://github.com/VoltAgent/voltagent,False,False,False
tool_c7c93ea577dba5e0,aichat,"All-in-one LLM CLI tool featuring Shell Assistant, Chat-REPL, RAG, AI Tools & Agents, with access to OpenAI, Claude, Gemini, Ollama, Groq, and more.",https://github.com/sigoden/aichat,,https://github.com/sigoden/aichat,,GitHub API,https://github.com/sigoden/aichat,False,False,False
tool_242be535c23634b2,astrid,"Astrid is a portable, capability-secure operating system for composable software.",https://github.com/astrid-runtime/astrid,,https://github.com/astrid-runtime/astrid,,GitHub API,https://github.com/astrid-runtime/astrid,False,False,False
tool_3060c279f8c85d4b,moltworker,"Run OpenClaw, (formerly Moltbot, formerly Clawdbot) on Cloudflare Workers",https://blog.cloudflare.com/moltworker-self-hosted-ai-agent,,https://github.com/cloudflare/moltworker,,GitHub API,https://github.com/cloudflare/moltworker,False,False,False
tool_c24ff29e9ba1d743,sphere,"A Web3 wallet and agent platform for the Unicity network - crypto wallet, DMs, group chat, and marketplace.",https://unicity.ai,,https://github.com/unicity-sphere/sphere,,GitHub API,https://github.com/unicity-sphere/sphere,False,False,False
tool_4a318bb443f14f9d,openbrowser,Let AI agents browse the web. An autonomous toolkit for browser-based AI agents.,https://github.com/ntegrals/openbrowser,,https://github.com/ntegrals/openbrowser,,GitHub API,https://github.com/ntegrals/openbrowser,False,False,False
tool_5413328d5abec94e,mobilerun,Automate your mobile devices with natural language commands - an LLM agnostic mobile Agent 🤖,https://mobilerun.ai/framework,,https://github.com/droidrun/mobilerun,,GitHub API,https://github.com/droidrun/mobilerun,False,False,False
tool_c072ca0c9982db08,PraisonAI,"PraisonAI 🦞 — Hire a 24/7 AI Workforce. Stop writing boilerplate and start shipping autonomous self-improving agents that research, plan, code, and execute tasks. Deployed in 5 lines of code with built-in memory, RAG, and support for 100+ LLMs.",https://praison.ai/docs,,https://github.com/MervinPraison/PraisonAI,,GitHub API,https://github.com/MervinPraison/PraisonAI,False,False,False
tool_738d9b923c4b87c0,html-anything,"✨ The agentic HTML editor — your local AI agent writes the HTML, you ship it. 🚀 75 Skills × 9 Surfaces (magazine · deck · poster · XHS / tweet · prototype · data report · Hyperframes) 🛡️ Sandboxed preview · 📤 1-click to WeChat / X / Zhihu / HTML / PNG 🔑 Zero API key — Claude Code / Cursor / Codex / Gemini / Copilot / OpenCode / Qwen / Aider.",https://open-design.ai/html-anything,,https://github.com/nexu-io/html-anything,,GitHub API,https://github.com/nexu-io/html-anything,False,False,False
tool_941a78b97fcf05e0,video-shotcraft,"AI video skill for Claude Code & Codex — cinematic product videos with Remotion: 152 shot recipe cards, 209 motion previews, a production-ready template",https://vincentwei1021.github.io/video-shotcraft,,https://github.com/Vincentwei1021/video-shotcraft,,GitHub API,https://github.com/Vincentwei1021/video-shotcraft,False,False,False
tool_d23059b9fded685b,codefather,程序员鱼皮的编程宝典 ⭐️ 2026年最全编程学习路线图！包含Java学习路线、前端学习路线、Python学习路线、C++学习路线、算法学习路线、计算机基础学习路线、AI应用开发学习路线、AI Agent开发学习路线等。提供编程入门教程、AI大模型应用开发教程、RAG开发实战、MCP开发教程、Prompt工程指南、LLM应用开发、技术知识分享、学习资源推荐、项目实战教程、热门面试题、求职经验、简历优化、编程自学指南等内容，适用于所有零基础学编程、学习AI开发、转行程序员、计算机专业学生、求职找工作的同学 💎 编程学习，就来编程导航！,https://codefather.cn,,https://github.com/liyupi/codefather,,GitHub API,https://github.com/liyupi/codefather,False,False,False
tool_494938919a58f232,mcp-agent,Build effective agents using Model Context Protocol and simple workflow patterns,https://github.com/lastmile-ai/mcp-agent,,https://github.com/lastmile-ai/mcp-agent,,GitHub API,https://github.com/lastmile-ai/mcp-agent,False,False,False
tool_66ef4ca4b5d7f209,ccpm,Project management skill system for Agents that uses GitHub Issues and Git worktrees for parallel agent execution.,https://automaze.io,,https://github.com/automazeio/ccpm,,GitHub API,https://github.com/automazeio/ccpm,False,False,False
tool_bdba9d3b6b4e40ab,Graft,"Turbocharge Claude Code, Cursor, Codex, Gemini & every coding agent: faster, cheaper, with contextual understanding specific to your codebase.",https://graft.nanonets.ai,,https://github.com/trailhq/Graft,,GitHub API,https://github.com/trailhq/Graft,False,False,False
tool_88f080f45b82031e,lamda,"Android Full-Stack Device Control Platform: WebRTC/H.264 remote desktop, UI/OCR/image-matching automation, one-click MITM, built-in Frida, proxy/VPN/frp/P2P networking, MCP/Agent, 160+ APIs, designed for multi-device clusters and engineered deployments.",https://device-farm.com,,https://github.com/firerpa/lamda,,GitHub API,https://github.com/firerpa/lamda,False,False,False
tool_54da4a2bba87aa47,Vision-Agents,Open Vision Agents by Stream. Build voice and vision agents quickly with any model or video provider. Uses Stream's edge network for ultra-low latency.,https://visionagents.ai,,https://github.com/GetStream/Vision-Agents,,GitHub API,https://github.com/GetStream/Vision-Agents,False,False,False
tool_9254e43596b9b7e5,hypit,"Clone any viral video with AI agents. Not just a script, the whole workflow: swap the face, the words, the B-roll, ship 100 variants in one command, and get your 100M views.",https://hypit.ai,,https://github.com/hypit-ai/hypit,,GitHub API,https://github.com/hypit-ai/hypit,False,False,False
tool_3bccd38c9572a4ed,yao,"✨ All your agents and workspaces in one place, on every device you own. Track tasks on a board, accessible from desktop, mobile, browser, or API. Self-hosted.",https://yaoagents.com,,https://github.com/YaoApp/yao,,GitHub API,https://github.com/YaoApp/yao,False,False,False
tool_25423f2ed62205b1,datahaven,"An EVM compatible Substrate chain, powered by StorageHub and secured by EigenLayer",https://datahaven.xyz,,https://github.com/datahaven-xyz/datahaven,,GitHub API,https://github.com/datahaven-xyz/datahaven,False,False,False
tool_270d97f952149e92,agent-squad,Flexible and powerful framework for managing multiple AI agents and handling complex conversations,https://2fastlabs.github.io/agent-squad,,https://github.com/2FastLabs/agent-squad,,GitHub API,https://github.com/2FastLabs/agent-squad,False,False,False
tool_7a9beed6b4df006d,flyte,"Dynamic, resilient AI orchestration. Coordinate data, models, and compute as you build AI workflows.",https://flyte.org,,https://github.com/flyteorg/flyte,,GitHub API,https://github.com/flyteorg/flyte,False,False,False
tool_fd7e16595f1f5018,munder-difflin,"A local multi-agent harness that works with your existing Claude Code, Codex subscriptions, allows you to run an office of agents",https://munderdiffl.in,,https://github.com/chaitanyagiri/munder-difflin,,GitHub API,https://github.com/chaitanyagiri/munder-difflin,False,False,False
tool_90bdf5fb2aef8397,harness-sdk,"Build an agent harness and control it end-to-end. Open-source SDK for production AI agents in Python & TypeScript - any model, any cloud.",http://strandsagents.com,,https://github.com/strands-agents/harness-sdk,,GitHub API,https://github.com/strands-agents/harness-sdk,False,False,False
tool_b91dcffe963d2b37,unstract,LLM-Driven Extraction of Unstructured Data — Built for API Deployments & ETL Pipeline Workflows,https://unstract.com,,https://github.com/Zipstack/unstract,,GitHub API,https://github.com/Zipstack/unstract,False,False,False
tool_f3c22c6a30e1983a,honcho,Memory library for building stateful agents,https://docs.honcho.dev,,https://github.com/plastic-labs/honcho,,GitHub API,https://github.com/plastic-labs/honcho,False,False,False
tool_4d5909602fa7da96,dsh-routing-suite,"dsh-routing-suite — injector + router-standard kit: install the runtime injector first, then the task-aware reasoning-mode router preset (measured P1-P23).",https://github.com/yjh051108/dsh-routing-suite,,https://github.com/yjh051108/dsh-routing-suite,,GitHub API,https://github.com/yjh051108/dsh-routing-suite,False,False,False
tool_3cf149e70bafbe36,big-AGI,"AI suite powered by state-of-the-art models and providing advanced AI/AGI functions. Includes AI personas, AGI functions, world-class Beam multi-model chats, text-to-image, voice, response streaming, code highlighting and execution, PDF import, presets for developers, much more. Deploy on-prem or in the cloud.",https://big-agi.com,,https://github.com/enricoros/big-AGI,,GitHub API,https://github.com/enricoros/big-AGI,False,False,False
tool_5f9f5a823d87a654,Yuxi,"可私有部署的多租户知识智能体平台：统一 RAG、知识图谱、多智能体、MCP/Skills、沙盒与权限管理。Self-hosted knowledge agent platform for RAG, knowledge graphs and multi-agent workflows.",https://xerrors.github.io/Yuxi,,https://github.com/xerrors/Yuxi,,GitHub API,https://github.com/xerrors/Yuxi,False,False,False
tool_b7dd3472e256f1fd,cursor-talk-to-figma-mcp,"TalkToFigma: MCP integration between AI Agent (Cursor, Claude Code, Codex) and Figma, allowing Agentic AI to communicate with Figma for reading designs and modifying them programmatically.",https://figma.com/community/plugin/1485687494525374295/cursor-talk-to-figma-mcp-plugin,,https://github.com/grab/cursor-talk-to-figma-mcp,,GitHub API,https://github.com/grab/cursor-talk-to-figma-mcp,False,False,False
tool_103bbc2464fd6377,opensquilla,"OpenSquilla — Token-Efficient AI Agent with same budget, higher intelligence density",https://opensquilla.ai,,https://github.com/TokenRhythm/opensquilla,,GitHub API,https://github.com/TokenRhythm/opensquilla,False,False,False
tool_7de8c9b1ecaefdd9,Product-Manager-Skills,"Product Management skills framework built on battle-tested methods for Claude Code, Cowork, Codex, and AI agents.",https://github.com/deanpeters/Product-Manager-Skills,,https://github.com/deanpeters/Product-Manager-Skills,,GitHub API,https://github.com/deanpeters/Product-Manager-Skills,False,False,False
tool_7d0e9abe403bb075,open-multi-agent,"Self-hosted TypeScript agent runtime with durable approvals and verifiable run records. Own it, approve it, audit it.",https://open-multi-agent.com/go/repo,,https://github.com/open-multi-agent/open-multi-agent,,GitHub API,https://github.com/open-multi-agent/open-multi-agent,False,False,False
tool_728171a59597b7b1,gentle-ai,"Gentle-AI configures the AI coding agents you already use: Claude Code, Cursor, OpenCode, Codex, Pi, and more. Choose persistent memory, Spec-Driven Development, curated skills, MCP servers, personas, and optional bounded review. Open source, no agent lock-in.",https://gentle-ai.gentlemanprogramming.com,,https://github.com/Gentleman-Programming/gentle-ai,,GitHub API,https://github.com/Gentleman-Programming/gentle-ai,False,False,False
tool_5b09612808d40313,CyberStrikeAI,"The system of action for AI-native cybersecurity—where intent becomes governed execution, evidence becomes operational memory, and every operation improves the next.",https://github.com/AIPentest/CyberStrikeAI,,https://github.com/AIPentest/CyberStrikeAI,,GitHub API,https://github.com/AIPentest/CyberStrikeAI,False,False,False
tool_4b43c912bb64060a,greptimedb,"The open-source observability database. One columnar engine for metrics, logs, and traces, on object storage.",https://greptime.com/product/db,,https://github.com/GreptimeTeam/greptimedb,,GitHub API,https://github.com/GreptimeTeam/greptimedb,False,False,False
tool_661b1acdda631d4c,artemis,"ARTEMIS turns natural-language instructions into reliable Android automation. It automates end-to-end workflows, captures logs, and integrates seamlessly with AI coding assistants such as Antigravity, Codex, and Claude Code.  It also achieves 99%+ success rate on AndroidWorld Benchmark.",https://github.com/google/artemis,,https://github.com/google/artemis,,GitHub API,https://github.com/google/artemis,False,False,False
tool_c3729a4eb48330e9,agent-scripts,"Scripts for agents, shared between my repositories.",https://steipete.me,,https://github.com/steipete/agent-scripts,,GitHub API,https://github.com/steipete/agent-scripts,False,False,False
tool_15c50f8b3921ff76,nasiko,Developer Control Plane for your AI Agents,https://nasiko.com,,https://github.com/Nasiko-Labs/nasiko,,GitHub API,https://github.com/Nasiko-Labs/nasiko,False,False,False
tool_3683baa0e327fe75,ClawRouter,"The agent-native LLM router for autonomous agents. Every frontier model behind one wallet, <1ms local routing, USDC payments on Base & Solana via x402.",https://npmjs.com/package/@blockrun/clawrouter,,https://github.com/BlockRunAI/ClawRouter,,GitHub API,https://github.com/BlockRunAI/ClawRouter,False,False,False
tool_d6e3c1e583dee9cf,julep,"Julep — durable, composable AI agents. Flows that crash and resume, retry safely, and explain every step.",https://docs.julep.ai,,https://github.com/julep-ai/julep,,GitHub API,https://github.com/julep-ai/julep,False,False,False
tool_fbf296d08dd81d4e,ODS,"Turn your PC, Mac, or Linux box into an AI server.  LLM inference, chat UI, voice, agents, workflows, RAG, and image generation.",https://discord.gg/qGVygYada3,,https://github.com/Osmantic/ODS,,GitHub API,https://github.com/Osmantic/ODS,False,False,False
tool_a70f89d6411e90de,Everywhere,"On-screen aware AI assistant for your desktop. Uses current app context, multiple LLMs, and MCP tools to help you act across apps.",https://everywhere.sylinko.com,,https://github.com/Sylinko/Everywhere,,GitHub API,https://github.com/Sylinko/Everywhere,False,False,False
tool_02d84cedf0c2ce77,agent-governance-toolkit,"AI Agent Governance Toolkit — Policy enforcement, zero-trust identity, execution sandboxing, and reliability engineering for autonomous AI agents. Covers 10/10 OWASP Agentic Top 10.",https://github.com/microsoft/agent-governance-toolkit,,https://github.com/microsoft/agent-governance-toolkit,,GitHub API,https://github.com/microsoft/agent-governance-toolkit,False,False,False
tool_6f710109172a06d4,n8n-skills,n8n skillset for Claude Code to build flawless n8n workflows,https://n8n-skills.com,,https://github.com/czlonkowski/n8n-skills,,GitHub API,https://github.com/czlonkowski/n8n-skills,False,False,False
tool_834077604862423b,mission-control,"Self-hosted control plane for AI agents: dispatch tasks, review runs, track spend, and operate OpenClaw, Claude Code, Codex, and other runtimes.",https://mc.builderz.dev,,https://github.com/builderz-labs/mission-control,,GitHub API,https://github.com/builderz-labs/mission-control,False,False,False
tool_4ad7eeb96bc512eb,iPolloWork,"Enterprise-grade, local-first Agent Workbench for people and agent teams. A unified multi-engine workspace for Codex Harness, DeepSeek Harness, and OpenCode, with unified plugins and Skills, multi-agent projects and tasks, and editable code, documents, presentations, design, and video.",https://ipollo.ai,,https://github.com/Devin-AXIS/iPolloWork,,GitHub API,https://github.com/Devin-AXIS/iPolloWork,False,False,False
tool_3233674374c631bc,destructive_command_guard,The Destructive Command Guard (dcg) is for blocking dangerous git and shell commands from being executed by agents.,https://github.com/Dicklesworthstone/destructive_command_guard,,https://github.com/Dicklesworthstone/destructive_command_guard,,GitHub API,https://github.com/Dicklesworthstone/destructive_command_guard,False,False,False
tool_4bebf517b608fbbe,OnlySwitch,"⚙️ All-in-One menu bar app, hide 💻MacBook Pro's notch, dark mode, AirPods, Shortcuts",https://onlyswitch.click,,https://github.com/jacklandrin/OnlySwitch,,GitHub API,https://github.com/jacklandrin/OnlySwitch,False,False,False
tool_979ca851673e026c,loopx,"Long-horizon agent control plane for durable, governed work across Codex, Claude Code, and other harnesses.",https://huangruiteng.github.io/loopx,,https://github.com/huangruiteng/loopx,,GitHub API,https://github.com/huangruiteng/loopx,False,False,False
tool_c467eb4a07ab4a7a,klavis,Klavis AI:  MCP integration platforms that let AI agents use tools reliably at any scale,https://klavis.ai,,https://github.com/Klavis-AI/klavis,,GitHub API,https://github.com/Klavis-AI/klavis,False,False,False
tool_65e3eb36f1230bfe,open-connector,"Open-source auth gateway connecting 1500+ SaaS providers to AI agents through SDK, CLI, MCP, HTTP, and OpenAPI.",https://openconnector.io,,https://github.com/oomol-lab/open-connector,,GitHub API,https://github.com/oomol-lab/open-connector,False,False,False
tool_be395255a2f689b2,internet-court-skill,"The trust layer for agent-to-agent commerce — natural-language mandates, ERC-7710 delegated permissions, x402 payments, escrow, and dispute resolution as one open, catch-all Agent Skill / Claude Code plugin.",https://github.com/internet-court/internet-court-skill,,https://github.com/internet-court/internet-court-skill,,GitHub API,https://github.com/internet-court/internet-court-skill,False,False,False
tool_dd9ee05a9f6bc977,potpie,Context Graph for AI Native SDLC,https://potpie.ai,,https://github.com/potpie-ai/potpie,,GitHub API,https://github.com/potpie-ai/potpie,False,False,False
tool_f80e07728f862208,SenseNova-Skills,Modular SenseNova skills for building AI-powered office assistants and productivity workflows,https://github.com/OpenSenseNova/SenseNova-Skills,,https://github.com/OpenSenseNova/SenseNova-Skills,,GitHub API,https://github.com/OpenSenseNova/SenseNova-Skills,False,False,False
tool_ace78ee5a3055627,claude-scholar,"Semi-automated research assistant for academic research and software development. Supports Claude Code, Codex CLI, Kimi Code CLI, and OpenCode across ideation, coding, experiments, writing, and publication.",https://github.com/Galaxy-Dawn/claude-scholar,,https://github.com/Galaxy-Dawn/claude-scholar,,GitHub API,https://github.com/Galaxy-Dawn/claude-scholar,False,False,False
tool_0a54bb2c585d72b8,tokscale,🛰️ Track token usage across AI coding agents from your terminal. 🏅 Global leaderboard with trillions of tokens tracked.,https://tokscale.ai,,https://github.com/junhoyeo/tokscale,,GitHub API,https://github.com/junhoyeo/tokscale,False,False,False
tool_aa852ab6d81e58b2,sphere-sdk,"The SDK for autonomous economic agents. Give an agent an identity, a wallet, and the ability to find, negotiate with, and settle with other agents - peer-to-peer, with perfect privacy and ultra-fast finality",https://unicity.ai,,https://github.com/unicity-sphere/sphere-sdk,,GitHub API,https://github.com/unicity-sphere/sphere-sdk,False,False,False
tool_8785db673129cce0,mirrord,"Run any process, on your machine or in an AI agent's environment, as if it were a pod in your Kubernetes cluster: real env vars, DNS, network, traffic.",https://metalbear.com/mirrord,,https://github.com/metalbear-co/mirrord,,GitHub API,https://github.com/metalbear-co/mirrord,False,False,False
tool_e9862e390d4cac61,Olares,Open-Source Personal Cloud OS for Always-On Agents,https://olares.com,,https://github.com/beclab/Olares,,GitHub API,https://github.com/beclab/Olares,False,False,False
tool_22b2544f409bde53,CADAM,CADAM is the open source text-to-CAD web application,https://adam.new/cadam,,https://github.com/Adam-CAD/CADAM,,GitHub API,https://github.com/Adam-CAD/CADAM,False,False,False
tool_c1ab807b54552442,codex-with-chatgpt,ChatGPT thinks. Codex works. Use ChatGPT as the planning brain while keeping the Codex harness.,https://github.com/XiaoDuoYa/codex-with-chatgpt,,https://github.com/XiaoDuoYa/codex-with-chatgpt,,GitHub API,https://github.com/XiaoDuoYa/codex-with-chatgpt,False,False,False
tool_1caedb7ef5eb7d76,arcbox,"Run AI agents on real and isolated machines — own kernel, filesystem, and network — with <100ms boot. Local first, OCI compatible, pure Rust.",https://arcbox.dev,,https://github.com/arcboxlabs/arcbox,,GitHub API,https://github.com/arcboxlabs/arcbox,False,False,False
tool_f6a148c59b4bd73b,OpenBot,"Open-source AI coworkers that each get a computer of their own: a browser, files and tools, with every action decided before it happens and recorded after. Bring any AG-UI agent.",https://copilotkit.ai/openbot,,https://github.com/CopilotKit/OpenBot,,GitHub API,https://github.com/CopilotKit/OpenBot,False,False,False
tool_4a7eda3f3aedf0ad,gaianet-node,"Install, run and deploy your own decentralized AI agent service",https://gaianet.ai,,https://github.com/GaiaNet-AI/gaianet-node,,GitHub API,https://github.com/GaiaNet-AI/gaianet-node,False,False,False
tool_b3b1dd40d258540d,eko,Eko (Eko Keeps Operating) - Build Production-ready Agentic Workflow with Natural Language - eko.fellou.ai,https://fellou.ai/eko,,https://github.com/FellouAI/eko,,GitHub API,https://github.com/FellouAI/eko,False,False,False
tool_48116085cf683e58,solace-agent-mesh,"An event-driven framework designed to build and orchestrate multi-agent AI systems. It enables seamless integration of AI agents with real-world data sources and systems, facilitating complex, multi-step workflows.",https://solacelabs.github.io/solace-agent-mesh,,https://github.com/SolaceLabs/solace-agent-mesh,,GitHub API,https://github.com/SolaceLabs/solace-agent-mesh,False,False,False
tool_3870b7a63904063c,aci,ACI.dev is the open source tool-calling platform that hooks up 600+ tools into any agentic IDE or custom AI agent through direct function calling or a unified MCP server. The birthplace of VibeOps.,https://aci.dev,,https://github.com/aipotheosis-labs/aci,,GitHub API,https://github.com/aipotheosis-labs/aci,False,False,False
tool_aa6d1ef85f111719,OpenAgentsControl,"AI agent framework for plan-first development workflows with approval-based execution. Multi-language support (TypeScript, Python, Go, Rust) with automatic testing, code review, and validation built for OpenCode",https://github.com/darrenhinde/OpenAgentsControl,,https://github.com/darrenhinde/OpenAgentsControl,,GitHub API,https://github.com/darrenhinde/OpenAgentsControl,False,False,False
tool_40593912ee4581d5,thunderbolt,AI You Control: Choose your models. Own your data. Eliminate vendor lock-in.,https://thunderbolt.io,,https://github.com/thunderbird/thunderbolt,,GitHub API,https://github.com/thunderbird/thunderbolt,False,False,False
tool_e066676adcc0fc8e,liveblocks,Realtime infrastructure for multiplayer apps and agents,https://liveblocks.io,,https://github.com/liveblocks/liveblocks,,GitHub API,https://github.com/liveblocks/liveblocks,False,False,False
tool_805a4b6a05ac5e8b,cli-printing-press,"Every API has a secret identity. This finds it, absorbs every feature from every competing tool, then builds the GOAT CLI — designed for AI agents first, with SQLite sync, offline search, and compound insight commands.",https://github.com/mvanhorn/cli-printing-press,,https://github.com/mvanhorn/cli-printing-press,,GitHub API,https://github.com/mvanhorn/cli-printing-press,False,False,False
tool_0b133170f814dc05,obsidian-mind,"A self-organizing Obsidian vault that gives AI coding agents persistent memory. Claude Code, Codex CLI, Gemini CLI.",https://github.com/breferrari/obsidian-mind,,https://github.com/breferrari/obsidian-mind,,GitHub API,https://github.com/breferrari/obsidian-mind,False,False,False
tool_9ad3c4a57b909bb0,OB1,"Open Brain — The infrastructure layer for your thinking. One database, one AI gateway, one chat channel — any AI plugs in. No middleware, no SaaS.",https://github.com/NateBJones-Projects/OB1,,https://github.com/NateBJones-Projects/OB1,,GitHub API,https://github.com/NateBJones-Projects/OB1,False,False,False
tool_1e5c2d4116f4b36f,agent-device,"Mobile app automation and verification for AI coding agents. CLI, MCP server, and typed Node.js API for iOS, Android, HarmonyOS, TV, web, macOS, and Linux.",https://agent-device.dev,,https://github.com/callstack/agent-device,,GitHub API,https://github.com/callstack/agent-device,False,False,False
tool_24c3f1ad4452eb30,memgraph,"High-performance open-source in-memory graph database for GraphRAG, AI memory, agentic AI, and real-time graph analytics. Cypher-compatible, built in C++.",https://memgraph.com,,https://github.com/memgraph/memgraph,,GitHub API,https://github.com/memgraph/memgraph,False,False,False
tool_09e54c5aa26ccf2a,all-agentic-architectures,"35 production-grade agentic AI architectures (Reflexion, LATS, GraphRAG, MemGPT, Voyager, BrowserAgent, ...) — a Python library and runnable textbook with multi-provider LLM support and a 17-task benchmark leaderboard.",https://fareedkhan-dev.github.io/all-agentic-architectures,,https://github.com/FareedKhan-dev/all-agentic-architectures,,GitHub API,https://github.com/FareedKhan-dev/all-agentic-architectures,False,False,False
tool_647d1f3c22192799,LongMemory,"Local persistent memory store for LLM applications including claude desktop, github copilot, codex, antigravity, etc.",https://openmemory.cavira.app,,https://github.com/CaviraOSS/LongMemory,,GitHub API,https://github.com/CaviraOSS/LongMemory,False,False,False
tool_d0ad0710b4f8085f,obsidian-second-brain,"Persistent memory for Claude Code and 6 other CLI agents, stored as plain markdown in your Obsidian vault. Stop re-explaining your projects, decisions and people every session. 45 commands: hybrid semantic search, self-rewriting notes, key-less web research, and scheduled agents that maintain the vault while you sleep.",https://eugeniughelbur.github.io/obsidian-second-brain,,https://github.com/eugeniughelbur/obsidian-second-brain,,GitHub API,https://github.com/eugeniughelbur/obsidian-second-brain,False,False,False
tool_ebd1f8767626478c,embabel-agent,Agent framework for the JVM. Pronounced Em-BAY-bel /ɛmˈbeɪbəl/,https://hub.embabel.com,,https://github.com/embabel/embabel-agent,,GitHub API,https://github.com/embabel/embabel-agent,False,False,False
tool_a28c99e334e1792b,gptme,"Your agent in your terminal, equipped with local tools: writes code, uses the terminal, browses the web. Make your own persistent autonomous agent on top!",https://gptme.org/docs,,https://github.com/gptme/gptme,,GitHub API,https://github.com/gptme/gptme,False,False,False
tool_8ec7f0ad03b8b261,macro,"Macro is a unified workspace for teams: email, chat, docs, tasks, agents, calls, and CRM — @-linked together with shared AI memory.",https://macro.com,,https://github.com/macro-inc/macro,,GitHub API,https://github.com/macro-inc/macro,False,False,False
tool_b4941581a9685e6b,Generative-Media-Skills,"Multi-modal Generative Media Skills for AI Agents (Claude Code, Cursor, Gemini CLI). High-quality image, video, and audio generation powered by muapi.ai.",https://muapi.ai,,https://github.com/SamurAIGPT/Generative-Media-Skills,,GitHub API,https://github.com/SamurAIGPT/Generative-Media-Skills,False,False,False
tool_b2e921ff167ba7e3,council-of-high-intelligence,"Structured multi-perspective deliberation for hard decisions. Run full councils, focused triads, or duo debates across Claude Code, Codex, Gemini CLI, and OpenCode.",https://nyk.dev/oss/council-of-high-intelligence,,https://github.com/0xNyk/council-of-high-intelligence,,GitHub API,https://github.com/0xNyk/council-of-high-intelligence,False,False,False
tool_5c302e8c780205a8,flint-chart,"🪄 Flint is a visualization language that lets AI agents reliably create expressive, good-looking charts from simple, human-editable chart specs.",https://microsoft.github.io/flint-chart,,https://github.com/microsoft/flint-chart,,GitHub API,https://github.com/microsoft/flint-chart,False,False,False
tool_cbb431474480ce63,agentic-rag-for-dummies,A modular Agentic RAG built with LangGraph — learn Retrieval-Augmented Generation Agents in minutes.,https://github.com/GiovanniPasq/agentic-rag-for-dummies,,https://github.com/GiovanniPasq/agentic-rag-for-dummies,,GitHub API,https://github.com/GiovanniPasq/agentic-rag-for-dummies,False,False,False
tool_1faf140c28a8ebd5,nono,"secure multiplexed execution paths for agents - zero trust, zero setup, zero latency.",https://nono.sh,,https://github.com/nolabs-ai/nono,,GitHub API,https://github.com/nolabs-ai/nono,False,False,False
tool_e09af99a372b233c,claude-octopus,"Run multiple AI models against the same research, design, or coding task. Surface disagreements before you ship.",https://reddit.com/r/ClaudeOctopus,,https://github.com/nyldn/claude-octopus,,GitHub API,https://github.com/nyldn/claude-octopus,False,False,False
tool_8d9cbea25b79a09e,dagu,"Self-hostable workflow orchestrator for teams whose main work isn't orchestration. Declarative YAML over your scripts, SSH commands, containers, etc; keep workflows separate from business logic. One binary, no database, runs on limited H/W resources. Alternative to Airflow / Cron / Job Scheduler.",https://dagu.sh,,https://github.com/dagucloud/dagu,,GitHub API,https://github.com/dagucloud/dagu,False,False,False
tool_078a04eeb8146982,serenity-skill,Serenity-inspired Agent Skill for supply-chain bottleneck stock research,https://github.com/muxuuu/serenity-skill,,https://github.com/muxuuu/serenity-skill,,GitHub API,https://github.com/muxuuu/serenity-skill,False,False,False
tool_c0b4f8c9a3b28f16,skill-recorder,"Desktop app that records your on-screen work session and uses the GitHub Copilot CLI to reconstruct it as an intent + ordered steps, then builds a reusable Skill or Automation for Microsoft Scout, Microsoft Copilot Cowork, or Copilot Studio.",https://github.com/microsoft/skill-recorder,,https://github.com/microsoft/skill-recorder,,GitHub API,https://github.com/microsoft/skill-recorder,False,False,False
tool_d34ab10404753e94,Hyper-Extract,"Hypergraph is more powerful. Transform unstructured text into structured knowledge with LLMs. Graphs, hypergraphs, and spatio-temporal extractions — with one command.",https://yifanfeng97.github.io/Hyper-Extract,,https://github.com/yifanfeng97/Hyper-Extract,,GitHub API,https://github.com/yifanfeng97/Hyper-Extract,False,False,False
tool_74865bf10a87aef3,Raven,"The Harness of Harnesses: a trusted, persistent, self-evolving multi-agent ecosystem for all-domain collaboration.",https://raven.evermind.ai,,https://github.com/EverMind-AI/Raven,,GitHub API,https://github.com/EverMind-AI/Raven,False,False,False
tool_5936ed6823d06865,opencode.nvim,Neovim 🤝 OpenCode in the flow that you already know.,https://github.com/nickjvandyke/opencode.nvim,,https://github.com/nickjvandyke/opencode.nvim,,GitHub API,https://github.com/nickjvandyke/opencode.nvim,False,False,False
tool_3bc679f3c4e6f1a0,apm,Agent Package Manager,https://microsoft.github.io/apm,,https://github.com/microsoft/apm,,GitHub API,https://github.com/microsoft/apm,False,False,False
tool_ff65a0af26efa2bb,atmosphere,"Portable AI agent runtime for the JVM. One @Agent class runs on Spring AI, LangChain4j, Anthropic, or 9 more behind one SPI. Token streaming, tool calls, human approvals, and governance over WebSocket, SSE, gRPC, or WebTransport/HTTP3. Speaks MCP, A2A, and AG-UI.",https://async-io.live,,https://github.com/Atmosphere/atmosphere,,GitHub API,https://github.com/Atmosphere/atmosphere,False,False,False
tool_e675884c0253036e,lean-ctx,LeanCTX — Context Intelligence for AI systems.,https://leanctx.com,,https://github.com/yvgude/lean-ctx,,GitHub API,https://github.com/yvgude/lean-ctx,False,False,False
tool_0eda009b7e28bb77,qiushi-skill,"Qiushi-Skill: Build agents that investigate first, focus on the main contradiction, validate in practice, and keep pushing until the work is actually done. 求是Skill——从经典唯物辩证法与实践哲学中提炼出一条总原则和九大方法论工具武装AI大脑。",http://hughyau.com/qiushi-skill,,https://github.com/HughYau/qiushi-skill,,GitHub API,https://github.com/HughYau/qiushi-skill,False,False,False
tool_0dd8f73795a7922a,youtube-automation-agent,"🎬 Fully automated YouTube channel management with AI agents. Creates, optimizes & publishes videos 24/7. Works with FREE Gemini API or OpenAI. No coding required!",https://github.com/darkzOGx/youtube-automation-agent,,https://github.com/darkzOGx/youtube-automation-agent,,GitHub API,https://github.com/darkzOGx/youtube-automation-agent,False,False,False
tool_fcfb5aab92e19d02,sprix-sage-router,Sprix AI at 屿智同行 — state-aware SELF/COLLABORATE/HANDOFF routing for A2A agent networks.,https://github.com/wang2122/sprix-sage-router,,https://github.com/wang2122/sprix-sage-router,,GitHub API,https://github.com/wang2122/sprix-sage-router,False,False,False
tool_495ab6593595c6af,mirage,The World's First Virtual Terminal for AI Agents,https://strukto.ai,,https://github.com/strukto-ai/mirage,,GitHub API,https://github.com/strukto-ai/mirage,False,False,False
tool_1e1ba0013970f46e,go-modern-guidelines,Help AI coding agents write modern Go,https://github.com/JetBrains/go-modern-guidelines,,https://github.com/JetBrains/go-modern-guidelines,,GitHub API,https://github.com/JetBrains/go-modern-guidelines,False,False,False
tool_ee56ecbaadbe1b88,zvec-grep,"Local-first search across your workspace, built for humans and AI agents.",https://github.com/zvec-ai/zvec-grep,,https://github.com/zvec-ai/zvec-grep,,GitHub API,https://github.com/zvec-ai/zvec-grep,False,False,False
tool_34e609eb3bf53c75,abtop,"Like htop, but for AI coding agents. Monitor Claude    Code & Codex CLI sessions, tokens, context window,    rate limits, and ports in real-time.",https://github.com/graykode/abtop,,https://github.com/graykode/abtop,,GitHub API,https://github.com/graykode/abtop,False,False,False
tool_dfddf8ddd8c66e2a,trulens,Evaluation and Tracking for LLM Experiments and AI Agents,https://trulens.org,,https://github.com/truera/trulens,,GitHub API,https://github.com/truera/trulens,False,False,False
tool_c5c8b9b7b497a89a,linkedin-mcp-server,"Open-source MCP server for LinkedIn. Give Claude and any MCP-compatible AI agent access to profiles, companies, jobs, and messages.",https://github.com/stickerdaniel/linkedin-mcp-server,,https://github.com/stickerdaniel/linkedin-mcp-server,,GitHub API,https://github.com/stickerdaniel/linkedin-mcp-server,False,False,False
tool_47c82d2967f2a02a,onecli,Open-source sandboxed agent harness for teams. Giving every employee a secured personal agent.,https://onecli.sh,,https://github.com/onecli/onecli,,GitHub API,https://github.com/onecli/onecli,False,False,False
tool_078f33fb4f32d64d,ReMe,"ReMe: Memory Management Kit for Agents - Remember Me, Refine Me.",https://reme.agentscope.io,,https://github.com/agentscope-ai/ReMe,,GitHub API,https://github.com/agentscope-ai/ReMe,False,False,False
tool_356c37e11fcc8649,lazycodex,"The one and only agent harness for complex codebases. Project memory, planning, execution, and verified completion inside Codex.",https://lazycodex.ai,,https://github.com/code-yeongyu/lazycodex,,GitHub API,https://github.com/code-yeongyu/lazycodex,False,False,False
tool_1c328d22dac2c4e1,FrontierAgent,"🧩 FrontierAgent, our agent framework, open-sourced alongside it — native command-line TUI, ReAct and Agent Team modes, one command on macOS and Linux, no preinstall, no hard Docker dependency.",https://apodex.ai,,https://github.com/ApodexAI/FrontierAgent,,GitHub API,https://github.com/ApodexAI/FrontierAgent,False,False,False
tool_2a32b73ecc9a69a7,antigravity-sdk-python,A Python library for building AI agents that leverage the full power of Google Antigravity.,https://antigravity.google/product/antigravity-sdk,,https://github.com/google-antigravity/antigravity-sdk-python,,GitHub API,https://github.com/google-antigravity/antigravity-sdk-python,False,False,False
tool_69642ca1b8f193e9,unlazy,"Anti-laziness skill for AI agents. Core: the Depth Tree method, which splits a task N layers deep and gives every leaf the full time budget of the whole task, so effort multiplies with depth. Grounded in 2025-2026 research on model laziness, underthinking and premature completion.",https://github.com/Leonxlnx/unlazy,,https://github.com/Leonxlnx/unlazy,,GitHub API,https://github.com/Leonxlnx/unlazy,False,False,False
tool_a372fe8e28f6ff12,radar,"The missing open-source Kubernetes UI with a built-in MCP server for AI agents. See what's broken, why, and what changed. Issues, Topology, event timeline, Helm, GitOps, live service traffic, and cluster audits - all in one Go binary.",https://radarhq.io,,https://github.com/skyhook-io/radar,,GitHub API,https://github.com/skyhook-io/radar,False,False,False
tool_919de31c8f90b378,Maestro,Agent Orchestration Command Center,https://runmaestro.ai,,https://github.com/RunMaestro/Maestro,,GitHub API,https://github.com/RunMaestro/Maestro,False,False,False
tool_46fdb8b8e1325d7d,EvoAgentX,🚀 EvoAgentX: Building a Self-Evolving Ecosystem of AI Agents,https://evoagentx.github.io/EvoAgentX,,https://github.com/ANative-Lab/EvoAgentX,,GitHub API,https://github.com/ANative-Lab/EvoAgentX,False,False,False
tool_481dcdba0fb73153,knowhere,"Knowhere extracts, parses, and outputs structured chunks ready for AI Agents and RAG.",https://knowhereto.ai,,https://github.com/Ontos-AI/knowhere,,GitHub API,https://github.com/Ontos-AI/knowhere,False,False,False
tool_1aedc0c29a6d9c6a,Vibe-Skills,"Intelligent Skill routing and workflow orchestration for AI agents — +21.12 pp reward, −29.6% tokens on SkillsBench with DeepSeekV4Flash-VE.",https://github.com/foryourhealth111-pixel/Vibe-Skills,,https://github.com/foryourhealth111-pixel/Vibe-Skills,,GitHub API,https://github.com/foryourhealth111-pixel/Vibe-Skills,False,False,False
tool_2930066bd12335b2,Sidekick,"A native macOS app that allows users to chat with a local LLM that can respond with information from files, folders and websites on your Mac without installing any other software. Powered by llama.cpp.",https://johnbean393.github.io/Sidekick,,https://github.com/johnbean393/Sidekick,,GitHub API,https://github.com/johnbean393/Sidekick,False,False,False
tool_9ad3751289238bc9,MemMachine,"Universal memory layer for AI Agents. It provides scalable, extensible, and interoperable memory storage and retrieval to streamline AI agent state management for next-generation autonomous systems.",https://memmachine.ai,,https://github.com/MemMachine/MemMachine,,GitHub API,https://github.com/MemMachine/MemMachine,False,False,False
tool_0aee8e76e904ec52,graphjin,"One governed graph for AI agents — GraphQL + MCP over your databases, files, APIs, and code",https://graphjin.com,,https://github.com/dosco/graphjin,,GitHub API,https://github.com/dosco/graphjin,False,False,False
tool_006dd17d5aa24e33,TuriX-CUA,This is the official website for TuriX Computer-use-Agent,https://turix.ai,,https://github.com/TurixAI/TuriX-CUA,,GitHub API,https://github.com/TurixAI/TuriX-CUA,False,False,False
tool_1434b4ea5824ad25,loopy,"A library of practical AI-agent loops and an installable skill for finding, adapting, and designing repeatable agent workflows.",https://signals.forwardfuture.ai/loop-library,,https://github.com/Forward-Future/loopy,,GitHub API,https://github.com/Forward-Future/loopy,False,False,False
tool_29ebff0ff2ded1f6,playwright-skill,General-purpose Playwright automation for coding agents,https://github.com/lackeyjb/playwright-skill,,https://github.com/lackeyjb/playwright-skill,,GitHub API,https://github.com/lackeyjb/playwright-skill,False,False,False
tool_43e646406171f39c,aiox-core,Synkra AIOS: AI-Orchestrated System for Full Stack Development - Core Framework v4.0,https://github.com/SynkraAI/aiox-core,,https://github.com/SynkraAI/aiox-core,,GitHub API,https://github.com/SynkraAI/aiox-core,False,False,False
tool_d8c3b3b880db0862,ai,"🤖 Type-safe, provider-agnostic TypeScript AI SDK for streaming chat, tool calling, agents, and multimodal apps across OpenAI, Anthropic, Gemini, React, Vue, Svelte, and Solid.",https://tanstack.com/ai/latest,,https://github.com/TanStack/ai,,GitHub API,https://github.com/TanStack/ai,False,False,False
tool_d9111bd43831b555,harness-books,"📚 Two books on harness engineering — the design philosophies behind Claude Code & Codex: constraints, query loops, context governance, multi-agent verification. harness-books.agentway.dev",http://harness-books.agentway.dev,,https://github.com/wquguru/harness-books,,GitHub API,https://github.com/wquguru/harness-books,False,False,False
tool_03f9e41898605968,DeskcommCRM,"Open-source AI sales OS — self-hosted CRM with native AI agents + WhatsApp (WAHA). Open alternative to Kommo, Octadesk & Intercom for any business that sells by chat. MCP-ready, multi-tenant, LGPD.",https://deskcomm.com.br,,https://github.com/melgarafael/DeskcommCRM,,GitHub API,https://github.com/melgarafael/DeskcommCRM,False,False,False
tool_9a2e1d988505e54c,pentestagent,"PentestAgent is an AI agent framework for black-box security testing, supporting bug bounty, red-team, and penetration testing workflows.",https://github.com/GH05TCREW/pentestagent,,https://github.com/GH05TCREW/pentestagent,,GitHub API,https://github.com/GH05TCREW/pentestagent,False,False,False
tool_d9a0136c4393617f,readme-ai,"README file generator, powered by AI.",https://eli64s.github.io/readme-ai,,https://github.com/eli64s/readme-ai,,GitHub API,https://github.com/eli64s/readme-ai,False,False,False
tool_360bd53e492b5a21,seekdb,"The AI-Native Search Database. Best for agent storage, it unifies vector, text, structured, and semi-structured data into a single engine. This all-in-one database makes agents smarter, easier to run, and more stable.",https://seekdb.ai,,https://github.com/oceanbase/seekdb,,GitHub API,https://github.com/oceanbase/seekdb,False,False,False
tool_f6c264a95fe4f53d,reef,Continual learning infra for self-improving agents,https://github.com/Human-Agent-Society/reef,,https://github.com/Human-Agent-Society/reef,,GitHub API,https://github.com/Human-Agent-Society/reef,False,False,False
tool_7f07dc2f7221e796,forkd,"Fork() for AI agent microVMs. Spawn 100 children in ~100ms from a warm parent; BRANCH a live VM in ~150ms. KVM-isolated, snapshot CoW.",https://github.com/deeplethe/forkd,,https://github.com/deeplethe/forkd,,GitHub API,https://github.com/deeplethe/forkd,False,False,False
tool_e28b16df34fe3149,pro-workflow,"Claude Code learns from your corrections: self-correcting memory that compounds over 50+ sessions. Context engineering, parallel worktrees, agent teams, and 17 battle-tested skills.",https://rohitg00.github.io/pro-workflow/infographic.html,,https://github.com/rohitg00/pro-workflow,,GitHub API,https://github.com/rohitg00/pro-workflow,False,False,False
tool_2e17ac3a8699c2fb,thinking-orbs,"Dotted thought-orb loading indicators for AI & agent UIs, 9 tuned types, two sizes, auto dark/light",https://github.com/Jakubantalik/thinking-orbs,,https://github.com/Jakubantalik/thinking-orbs,,GitHub API,https://github.com/Jakubantalik/thinking-orbs,False,False,False
tool_37d571a36ccb0f9b,datachain,"The Context Layer for unstructured data: typed, versioned datasets over S3, GCS, Azure",https://docs.datachain.ai,,https://github.com/datachain-ai/datachain,,GitHub API,https://github.com/datachain-ai/datachain,False,False,False
tool_7e0e707f2a3a9b47,tons-of-skills-marketplace,"Model-agnostic agent-skills platform with a harness-free canonical layer, verified adapters, and the ccpi package manager. Explore at tonsofskills.com.",https://tonsofskills.com,,https://github.com/jeremylongshore/tons-of-skills-marketplace,,GitHub API,https://github.com/jeremylongshore/tons-of-skills-marketplace,False,False,False
tool_3a6a0b2e28ba2012,nof0,NOF0 - 开源的 AI 交易竞技场,https://nof0.wqu.guru,,https://github.com/wquguru/nof0,,GitHub API,https://github.com/wquguru/nof0,False,False,False
tool_4e7f9e080b74ac66,xalpha,基金投资管理回测引擎,https://xalpha.readthedocs.io,,https://github.com/refraction-ray/xalpha,,GitHub API,https://github.com/refraction-ray/xalpha,False,False,False
tool_20372a9a1cd1b890,openalgo,Open Source Algo Trading Platform for Everyone,https://docs.openalgo.in,,https://github.com/marketcalls/openalgo,,GitHub API,https://github.com/marketcalls/openalgo,False,False,False
tool_2313f105c8b76634,brightdata-mcp,A powerful Model Context Protocol (MCP) server that provides an all-in-one solution for public web access.,https://brightdata.com,,https://github.com/brightdata/brightdata-mcp,,GitHub API,https://github.com/brightdata/brightdata-mcp,False,False,False
tool_b22eef2509a5243e,yao-meta-skill,"YAO = Yielding AI Outcomes. A rigorous engineering, evaluation, governance, and portability system for reusable agent skills.",https://github.com/yaojingang/yao-meta-skill,,https://github.com/yaojingang/yao-meta-skill,,GitHub API,https://github.com/yaojingang/yao-meta-skill,False,False,False
tool_3d2fcc1bbf430500,memsearch,"A persistent, unified memory layer for all your AI agents (e.g. Claude Code, Codex, DSH), backed by Markdown and Milvus.",https://zilliztech.github.io/memsearch,,https://github.com/zilliztech/memsearch,,GitHub API,https://github.com/zilliztech/memsearch,False,False,False
tool_2a402370061e2fe9,rakazo,Open-source Grok Bot alternative. Choose your own model and sandbox.,https://rakazo.com,,https://github.com/elie222/rakazo,,GitHub API,https://github.com/elie222/rakazo,False,False,False
tool_5ede1baa04e591df,n8n,"Fair-code workflow automation platform with native AI capabilities. Combine visual building with custom code, self-host or cloud, 400+ integrations.",https://n8n.io,,https://github.com/n8n-io/n8n,,GitHub API,https://github.com/n8n-io/n8n,False,False,False
tool_be181a49ee89cdcb,dify,"Build Agentic workflows, RAG pipelines, with rich AI model and tool support on one collaborative workspace. Deploy on cloud, VPC, or self-hosted, so teams move from prototype to production without rebuilding the stack.",https://dify.ai,,https://github.com/langgenius/dify,,GitHub API,https://github.com/langgenius/dify,False,False,False
tool_f4c831a0448a2a2b,open-webui,"User-friendly AI Interface (Supports Ollama, OpenAI API, ...)",https://openwebui.com,,https://github.com/open-webui/open-webui,,GitHub API,https://github.com/open-webui/open-webui,False,False,False
tool_bdfd0afde48ee978,worldmonitor,"Real-time global intelligence dashboard. AI-powered news aggregation, geopolitical monitoring, and infrastructure tracking in a unified situational awareness interface",https://worldmonitor.app,,https://github.com/koala73/worldmonitor,,GitHub API,https://github.com/koala73/worldmonitor,False,False,False
tool_42159bc812dbb77b,Scrapling,"🕷️ An adaptive Web Scraping framework that handles everything from a single request to a full-scale crawl! Don't be shy, join here: https://discord.gg/EMgGbDceNQ",https://scrapling.readthedocs.io/en/latest,,https://github.com/D4Vinci/Scrapling,,GitHub API,https://github.com/D4Vinci/Scrapling,False,False,False
tool_09325894138a24b7,netdata,"The fastest path to AI-powered full stack observability, even for lean teams.",https://netdata.cloud,,https://github.com/netdata/netdata,,GitHub API,https://github.com/netdata/netdata,False,False,False
tool_36c5739fc8e1986b,headroom,"Compress tool outputs, logs, files, and RAG chunks before they reach the LLM. 20% fewer tokens for coding agents, 60-95% fewer tokens for JSON, same answers. Library, proxy, MCP server.",https://docs.headroomlabs.ai/docs,,https://github.com/headroomlabs-ai/headroom,,GitHub API,https://github.com/headroomlabs-ai/headroom,False,False,False
tool_48bf05574669e596,TrendRadar,"⭐AI-driven public opinion & trend monitor with multi-platform aggregation, RSS, and smart alerts.🎯 告别信息过载，你的 AI 舆情监控助手与热点筛选工具！聚合多平台热点 +  RSS 订阅，支持关键词精准筛选。AI 智能筛选新闻 + AI 翻译 +  AI 分析简报直推手机，也支持接入 MCP 架构，赋能 AI 自然语言对话分析、情感洞察与趋势预测等。支持 Docker ，数据本地/云端自持。集成微信/飞书/钉钉/Telegram/邮件/ntfy/bark/slack 等渠道智能推送。",https://trendradar.sandev.cc,,https://github.com/sansan0/TrendRadar,,GitHub API,https://github.com/sansan0/TrendRadar,False,False,False
tool_7b1688fa77b47379,context7,Context7 Platform -- Up-to-date code documentation for LLMs and AI code editors,https://context7.com,,https://github.com/upstash/context7,,GitHub API,https://github.com/upstash/context7,False,False,False
tool_fbc2e31dbdedcf03,mempalace,The best-benchmarked open-source AI memory system. And it's free.,http://mempalaceofficial.com,,https://github.com/MemPalace/mempalace,,GitHub API,https://github.com/MemPalace/mempalace,False,False,False
tool_0ec00a5f6ebc5820,chrome-devtools-mcp,Chrome DevTools for coding agents,https://developer.chrome.com/docs/devtools/agents,,https://github.com/ChromeDevTools/chrome-devtools-mcp,,GitHub API,https://github.com/ChromeDevTools/chrome-devtools-mcp,False,False,False
tool_160c0028e63b63b2,hyperframes,Write HTML. Render video. Built for agents.,https://github.com/heygen-com/hyperframes,,https://github.com/heygen-com/hyperframes,,GitHub API,https://github.com/heygen-com/hyperframes,False,False,False
tool_58f444cf0f6641b3,LocalAI,"LocalAI is the open-source AI engine. Run any model - LLMs, vision, voice, image, video - on any hardware. No GPU required.",https://localai.io,,https://github.com/mudler/LocalAI,,GitHub API,https://github.com/mudler/LocalAI,False,False,False
tool_9d29d792d3fb0b19,JeecgBoot,【低代码v2.0，一句话即可生成整个系统】企业级AI低代码平台，一键生成前后端代码甚至整个系统。 AI Skills 一句话画流程、设计表单、生成报表、大屏。内置 AI应用平台涵盖：AI聊天、知识库、流程编排、MCP插件等，兼容主流大模型。引领AI低代码「Skills 生成 → 在线配置 → 代码生成 → 手工合并->AI修改」开发模式，解决 Java 项目 90% 重复工作，提高效率又不失灵活。,https://jeecg.com,,https://github.com/jeecgboot/JeecgBoot,,GitHub API,https://github.com/jeecgboot/JeecgBoot,False,False,False
tool_36199b212cf036e2,LibreChat,"Enhanced ChatGPT Clone: Features Agents, MCP, Skills, DeepSeek, Anthropic, AWS, OpenAI, Responses API, Azure, Groq, o1, GPT-5, Mistral, OpenRouter, Vertex AI, Gemini, Artifacts, AI model switching, message search, Code Interpreter, langchain, DALL-E-3, OpenAPI Actions, Functions, Secure Multi-User Auth, Presets, open-source for self-hosting. Active",https://librechat.ai,,https://github.com/danny-avila/LibreChat,,GitHub API,https://github.com/danny-avila/LibreChat,False,False,False
tool_8a9dfe7eb6efd42a,kong,🦍 The API and AI Gateway,https://konghq.com/install,,https://github.com/Kong/kong,,GitHub API,https://github.com/Kong/kong,False,False,False
tool_6d0cfda3c3da7ad9,codebase-memory-mcp,"High-performance code intelligence MCP server. Indexes codebases into a persistent knowledge graph — average repo in milliseconds. 158 languages, sub-ms queries, 99% fewer tokens. Single static binary, zero dependencies.",https://deusdata.github.io/codebase-memory-mcp,,https://github.com/DeusData/codebase-memory-mcp,,GitHub API,https://github.com/DeusData/codebase-memory-mcp,False,False,False
tool_47e08f59be5a8ad4,AstrBot,"AI Agent Assistant & development framework that integrates lots of IM platforms, LLMs, plugins and AI feature, and can be your openclaw alternative. ✨",https://astrbot.app,,https://github.com/AstrBotDevs/AstrBot,,GitHub API,https://github.com/AstrBotDevs/AstrBot,False,False,False
tool_b02535e0ef10432b,mindshub,The unified workspace where open-source models get things done for you.,https://mindshub.ai,,https://github.com/mindsdb/mindshub,,GitHub API,https://github.com/mindsdb/mindshub,False,False,False
tool_25a6a7592fc2224f,drawdb,"Free, simple, and intuitive online database diagram editor and SQL generator.",https://drawdb.app,,https://github.com/drawdb-io/drawdb,,GitHub API,https://github.com/drawdb-io/drawdb,False,False,False
tool_b0d17828c415d6dd,UI-TARS-desktop,The Open-Source Multimodal AI Agent Stack: Connecting Cutting-Edge AI Models and Agent Infra,https://agent-tars.com,,https://github.com/bytedance/UI-TARS-desktop,,GitHub API,https://github.com/bytedance/UI-TARS-desktop,False,False,False
tool_9103fc0d3d130362,ai-engineering-hub,"In-depth tutorials on LLMs, RAGs and real-world AI agent applications.",https://join.dailydoseofds.com,,https://github.com/patchy631/ai-engineering-hub,,GitHub API,https://github.com/patchy631/ai-engineering-hub,False,False,False
tool_68921396ac825cc5,playwright-mcp,Playwright MCP server,https://npmjs.com/package/@playwright/mcp,,https://github.com/microsoft/playwright-mcp,,GitHub API,https://github.com/microsoft/playwright-mcp,False,False,False
tool_086692bb267993c8,PDFMathTranslate,[EMNLP 2025 Demo] PDF scientific paper translation with preserved formats - 基于 AI 完整保留排版的 PDF 文档全文双语翻译，支持 Google/DeepL/Ollama/OpenAI 等服务，提供 CLI/GUI/MCP/Docker/Zotero,https://pdf2zh.com,,https://github.com/PDFMathTranslate/PDFMathTranslate,,GitHub API,https://github.com/PDFMathTranslate/PDFMathTranslate,False,False,False
tool_71c75140ec3a478e,claude-plugins-official,"Official, Anthropic-managed directory of high quality Claude Code Plugins.",https://code.claude.com/docs/en/plugins,,https://github.com/anthropics/claude-plugins-official,,GitHub API,https://github.com/anthropics/claude-plugins-official,False,False,False
tool_333eb4ff142a146c,nacos,"an easy-to-use dynamic service discovery, configuration and service management platform for building AI cloud native applications.",https://nacos.io,,https://github.com/alibaba/nacos,,GitHub API,https://github.com/alibaba/nacos,False,False,False
tool_89e149669cb5fa0d,github-mcp-server,GitHub's official MCP Server,https://github.com/github/github-mcp-server,,https://github.com/github/github-mcp-server,,GitHub API,https://github.com/github/github-mcp-server,False,False,False
tool_082dfe0c02060398,agentscope,"Build and run agents you can see, understand and trust.",https://docs.agentscope.io,,https://github.com/agentscope-ai/agentscope,,GitHub API,https://github.com/agentscope-ai/agentscope,False,False,False
tool_649870d7a7cecbc6,code-review-graph,"Local-first code intelligence graph for MCP and CLI. Builds a persistent map of your codebase so AI coding tools read only what matters, with benchmarked context reductions on reviews and large-repo workflows.",https://code-review-graph.com,,https://github.com/tirth8205/code-review-graph,,GitHub API,https://github.com/tirth8205/code-review-graph,False,False,False
tool_ae3cd7a4a6651195,xiaozhi-esp32,An MCP-based chatbot | 一个基于MCP的聊天机器人,https://xiaozhi.me,,https://github.com/78/xiaozhi-esp32,,GitHub API,https://github.com/78/xiaozhi-esp32,False,False,False
tool_243b8c0030757986,FastGPT,"FastGPT is a knowledge-based platform built on the LLMs, offers a comprehensive suite of out-of-the-box capabilities such as data processing, RAG retrieval, and visual AI workflow orchestration, letting you easily develop and deploy complex question-answering systems without the need for extensive setup or configuration.",https://fastgpt.io,,https://github.com/labring/FastGPT,,GitHub API,https://github.com/labring/FastGPT,False,False,False
tool_35c2d1fd7c2b5551,gpt-researcher,An autonomous agent that conducts deep research on any data using any LLM providers,https://gptr.dev,,https://github.com/assafelovic/gpt-researcher,,GitHub API,https://github.com/assafelovic/gpt-researcher,False,False,False
tool_3d5f02ae611f76df,mcp-for-blender,Community plugin to control Blender 3D with any LLM of your choice,https://mcp-for-blender.com,,https://github.com/ahujasid/mcp-for-blender,,GitHub API,https://github.com/ahujasid/mcp-for-blender,False,False,False
tool_65fb72ccea8aa717,repomix,"📦 Repomix is a powerful tool that packs your entire repository into a single, AI-friendly file. Perfect for when you need to feed your codebase to Large Language Models (LLMs) or other AI tools like Claude, ChatGPT, DeepSeek, Perplexity, Gemini, Gemma, Llama, Grok, and more.",https://repomix.com,,https://github.com/yamadashy/repomix,,GitHub API,https://github.com/yamadashy/repomix,False,False,False
tool_666037379f52af76,Chat2DB,"Chat2DB is a free, cross-platform, local-first database client and SQL workspace for developers, DBAs, analysts, and data teams. Connect to 40+ databases, manage data, edit and run SQL, and use your own AI model to generate, explain, and optimize queries. Available on desktop, web, Docker, and CLI, with MCP support.",https://chat2db.ai,,https://github.com/OtterMind/Chat2DB,,GitHub API,https://github.com/OtterMind/Chat2DB,False,False,False
tool_da5e3355a3e67c69,mastra,Mastra is the modern TypeScript framework for AI-powered applications and agents.,https://mastra.ai,,https://github.com/mastra-ai/mastra,,GitHub API,https://github.com/mastra-ai/mastra,False,False,False
tool_066633e286389b0b,fastmcp,"🚀 The fast, Pythonic way to build MCP servers and clients.",https://gofastmcp.com,,https://github.com/PrefectHQ/fastmcp,,GitHub API,https://github.com/PrefectHQ/fastmcp,False,False,False
tool_01b425274ad68591,kratos,Your ultimate Go microservices framework for the cloud-native era.,https://go-kratos.dev,,https://github.com/go-kratos/kratos,,GitHub API,https://github.com/go-kratos/kratos,False,False,False
tool_1137709488c7be72,gin-vue-admin,🚀Vite+Vue3+Gin拥有AI辅助的基础开发平台，企业级业务AI+开发解决方案，内置mcp辅助服务，内置skills管理，支持TS和JS混用。它集成了JWT鉴权、权限管理、动态路由、显隐可控组件、分页封装、多点登录拦截、资源权限、上传下载、代码生成器、表单生成器和可配置的导入导出等开发必备功能。,http://demo.gin-vue-admin.com,,https://github.com/flipped-aurora/gin-vue-admin,,GitHub API,https://github.com/flipped-aurora/gin-vue-admin,False,False,False
tool_aebb653a02ddf261,python-sdk,The official Python SDK for Model Context Protocol servers and clients,https://py.sdk.modelcontextprotocol.io,,https://github.com/modelcontextprotocol/python-sdk,,GitHub API,https://github.com/modelcontextprotocol/python-sdk,False,False,False
tool_20bd7e2dce53a8d0,context-mode,"Context window optimization for AI coding agents. Sandboxes tool output (98% reduction), persists session memory, and   enforces routing across 17 platforms via MCP + hooks.",https://context-mode.com,,https://github.com/mksglu/context-mode,,GitHub API,https://github.com/mksglu/context-mode,False,False,False
tool_bf65c9e21fe6da45,n8n-mcp,A MCP for Claude Desktop / Claude Code / Windsurf / Cursor to build n8n workflows for you,https://n8n-mcp.com,,https://github.com/czlonkowski/n8n-mcp,,GitHub API,https://github.com/czlonkowski/n8n-mcp,False,False,False
tool_43a3aae4f2332f0a,screenpipe,"YC (S26) | Open Computer History | Record your screen continuously locally and provide context to your agents (Claude, Codex, Openclaw, Hermes, Runner...)",https://screenpipe.com,,https://github.com/screenpipe/screenpipe,,GitHub API,https://github.com/screenpipe/screenpipe,False,False,False
tool_0ed7b940b9afdf63,excelize,Go language library for reading and writing Microsoft Excel™ (XLAM / XLSM / XLSX / XLTM / XLTX) spreadsheets,https://xuri.me/excelize,,https://github.com/qax-os/excelize,,GitHub API,https://github.com/qax-os/excelize,False,False,False
tool_ee4dd6e5706a662b,dbx,"20 MB lightweight cross-platform database client for 90+ databases, including MySQL, PostgreSQL, SQLite, Redis, MongoDB, DuckDB, SQL Server, and Dameng. Built-in AI, MCP Server, CLI, desktop and Docker. | 轻量级跨平台数据库管理工具，支持 MySQL、PostgreSQL、SQLite、Redis、MongoDB、达梦等 90+ 数据库，提供桌面端、Docker、CLI、内置 AI 助手和 MCP Server。",https://dbxio.com,,https://github.com/t8y2/dbx,,GitHub API,https://github.com/t8y2/dbx,False,False,False
tool_f333b1dbe3527f71,open-seo,Open source alternative to Semrush and Ahrefs,https://openseo.so,,https://github.com/every-app/open-seo,,GitHub API,https://github.com/every-app/open-seo,False,False,False
tool_934d6ff420ca87f7,nuclear,Streaming music player that finds free music for you,https://nuclearplayer.com,,https://github.com/nukeop/nuclear,,GitHub API,https://github.com/nukeop/nuclear,False,False,False
tool_c0c091c52b5e952d,SkillSpector,"Security scanner for AI agent skills. Detect vulnerabilities, malicious patterns, security risks, prompt injection, data exfiltration, and supply-chain risks in Claude Code, Codex, and MCP skills before you install them.",https://docs.nvidia.com/skills/scanning-agent-skills,,https://github.com/NVIDIA/SkillSpector,,GitHub API,https://github.com/NVIDIA/SkillSpector,False,False,False
tool_2b02d4dbb47dbb4e,plate,Rich-text editor with AI and shadcn/ui,https://platejs.org,,https://github.com/udecode/plate,,GitHub API,https://github.com/udecode/plate,False,False,False
tool_72b5585fb772c2b0,mcp-toolbox,MCP Toolbox for Databases is an open source MCP server for databases.,https://mcp-toolbox.dev/documentation/introduction,,https://github.com/googleapis/mcp-toolbox,,GitHub API,https://github.com/googleapis/mcp-toolbox,False,False,False
tool_63348971817acdeb,Figma-Context-MCP,MCP server to provide Figma layout information to AI coding agents like Cursor,https://framelink.ai,,https://github.com/GLips/Figma-Context-MCP,,GitHub API,https://github.com/GLips/Figma-Context-MCP,False,False,False
tool_6929e432866e0bf4,docker-android,"Android in docker solution with noVNC supported, video recording and mcp server",https://github.com/budtmo/docker-android,,https://github.com/budtmo/docker-android,,GitHub API,https://github.com/budtmo/docker-android,False,False,False
tool_dc53c8083f1205b2,xiaohongshu-mcp,MCP for xiaohongshu.com,https://haha.ai/xiaohongshu-mcp,,https://github.com/xpzouying/xiaohongshu-mcp,,GitHub API,https://github.com/xpzouying/xiaohongshu-mcp,False,False,False
tool_2a804e87e1035493,OpenMetadata,"The Open Context Layer for Data and AI ,  OpenMetadata is the open platform for building trusted data context and business semantics for humans, AI assistants, and agents.",https://open-metadata.org,,https://github.com/open-metadata/OpenMetadata,,GitHub API,https://github.com/open-metadata/OpenMetadata,False,False,False
tool_5e9f44007549e698,electerm,"📻Free and open-sourced terminal/ssh/sftp/ftp/telnet/serialport/RDP/VNC/Spice client(Linux, Mac, Windows, Android, HarmonyOS, iOS)",https://electerm.org,,https://github.com/electerm/electerm,,GitHub API,https://github.com/electerm/electerm,False,False,False
tool_0c36bf4670304d9b,palmier-pro,macOS video editor built for AI,https://palmier.io,,https://github.com/palmier-io/palmier-pro,,GitHub API,https://github.com/palmier-io/palmier-pro,False,False,False
tool_d42e5fd6c84f909d,casdoor,"An open-source Agent-first Identity and Access Management (IAM) /LLM MCP & agent gateway and auth server with web UI supporting OpenClaw, MCP, OAuth, OIDC, SAML, CAS, LDAP, SCIM, WebAuthn, TOTP, MFA, Face ID, Google Workspace, Azure AD",https://casdoor.ai,,https://github.com/casdoor/casdoor,,GitHub API,https://github.com/casdoor/casdoor,False,False,False
tool_391184b3c9bd3e7e,memU,Personal memory across agents,https://memu.pro,,https://github.com/NevaMind-AI/memU,,GitHub API,https://github.com/NevaMind-AI/memU,False,False,False
tool_f13bd1c93f339b19,unity-mcp,"Unity MCP acts as a bridge between AI assistants and your Unity Editor. Give your LLM tools to manage assets, control scenes, edit scripts, and automate tasks within Unity.",https://coplaydev.github.io/unity-mcp,,https://github.com/CoplayDev/unity-mcp,,GitHub API,https://github.com/CoplayDev/unity-mcp,False,False,False
tool_e3b18fcca3fba23f,typescript-sdk,The official TypeScript SDK for Model Context Protocol servers and clients,https://ts.sdk.modelcontextprotocol.io/v2,,https://github.com/modelcontextprotocol/typescript-sdk,,GitHub API,https://github.com/modelcontextprotocol/typescript-sdk,False,False,False
tool_9cbbdf173f2a0587,gateway,"A blazing fast AI Gateway with integrated guardrails. Route to 1,600+ LLMs, 50+ AI Guardrails with 1 fast & friendly API.",https://portkey.ai/features/ai-gateway,,https://github.com/Portkey-AI/gateway,,GitHub API,https://github.com/Portkey-AI/gateway,False,False,False
tool_5b0bdc789b1cfc21,EverOS,"One portable memory layer for every AI agent: local-first, Markdown-native, user-owned, and self-evolving across apps, tools, and workflows.",https://evermind.ai/everos,,https://github.com/EverMind-AI/EverOS,,GitHub API,https://github.com/EverMind-AI/EverOS,False,False,False
tool_480a0b3aa8296dce,note-gen,Capture first. Organize later. A local-first Markdown app that turns scattered records into clear notes with AI.,https://notegen.top,,https://github.com/codexu/note-gen,,GitHub API,https://github.com/codexu/note-gen,False,False,False
tool_10262b53d9dd59c1,claude-context,Code search MCP for Claude Code. Make entire codebase the context for any coding agent.,https://github.com/zilliztech/claude-context,,https://github.com/zilliztech/claude-context,,GitHub API,https://github.com/zilliztech/claude-context,False,False,False
tool_6ae1d715b8f2d48b,ida-pro-mcp,AI-powered reverse engineering assistant that bridges IDA Pro with language models through MCP.,https://plugins.hex-rays.com/mrexodia/ida-pro-mcp,,https://github.com/mrexodia/ida-pro-mcp,,GitHub API,https://github.com/mrexodia/ida-pro-mcp,False,False,False
tool_469cb42e1b2b818b,kubeshark,"eBPF-powered network observability for Kubernetes. Indexes L4/L7 traffic with full K8s context, decrypts TLS without keys. Queryable by AI agents via MCP and humans via dashboard.",https://kubeshark.com,,https://github.com/kubeshark/kubeshark,,GitHub API,https://github.com/kubeshark/kubeshark,False,False,False
tool_1aec0f53b2c5599c,fastapi_mcp,"Expose your FastAPI endpoints as Model Context Protocol (MCP) tools, with Auth!",https://fastapi-mcp.tadata.com,,https://github.com/tadata-org/fastapi_mcp,,GitHub API,https://github.com/tadata-org/fastapi_mcp,False,False,False
tool_99da9a1663f57642,nginx-ui,Yet another WebUI for Nginx,https://nginxui.com,,https://github.com/0xJacky/nginx-ui,,GitHub API,https://github.com/0xJacky/nginx-ui,False,False,False
tool_0694f2f9ccbe4e27,valuecell,"ValueCell is a community-driven, multi-agent platform for financial applications.",https://valuecell.ai,,https://github.com/ValueCell-ai/valuecell,,GitHub API,https://github.com/ValueCell-ai/valuecell,False,False,False
tool_483daa1230db7ff3,inspector,Visual testing tool for MCP servers,https://modelcontextprotocol.io/docs/2026-07-28/tools/inspector,,https://github.com/modelcontextprotocol/inspector,,GitHub API,https://github.com/modelcontextprotocol/inspector,False,False,False
tool_49a1f84858269dc9,amazing-qr,💮 amazing QRCode generator (supporting animated gif) - amazing 二维码生成器（支持 gif 动态图片二维码）,https://github.com/x-hw/amazing-qr,,https://github.com/x-hw/amazing-qr,,GitHub API,https://github.com/x-hw/amazing-qr,False,False,False
tool_8e294900e1aa2a9d,mcp-use,The fullstack MCP framework to develop MCP Apps for ChatGPT / Claude & MCP Servers for AI Agents.,https://manufact.com,,https://github.com/mcp-use/mcp-use,,GitHub API,https://github.com/mcp-use/mcp-use,False,False,False
tool_c6be17f148890564,mcp,Open source MCP Servers for AWS,https://awslabs.github.io/mcp,,https://github.com/awslabs/mcp,,GitHub API,https://github.com/awslabs/mcp,False,False,False
tool_7fe4eb989aeb4dd7,DesktopCommanderMCP,"This is MCP server for Claude that gives it terminal control, file system search and diff file editing capabilities",https://desktopcommander.app,,https://github.com/wonderwhy-er/DesktopCommanderMCP,,GitHub API,https://github.com/wonderwhy-er/DesktopCommanderMCP,False,False,False
tool_5fd4f2f4d8f9a08f,Horizon,📡 Your own AI-powered news radar. Generates daily briefings in English & Chinese. | 用 AI 构建你专属的新闻雷达,https://horizon1123.top,,https://github.com/Thysrael/Horizon,,GitHub API,https://github.com/Thysrael/Horizon,False,False,False
tool_71eba7187d4126d1,modelcontextprotocol,Specification and documentation for the Model Context Protocol,https://modelcontextprotocol.io,,https://github.com/modelcontextprotocol/modelcontextprotocol,,GitHub API,https://github.com/modelcontextprotocol/modelcontextprotocol,False,False,False
tool_5f93ee49f4471177,openstatus,🫖 Status page with uptime monitoring & API monitoring as code   🫖,https://openstatus.dev,,https://github.com/openstatusHQ/openstatus,,GitHub API,https://github.com/openstatusHQ/openstatus,False,False,False
tool_8bc6327d91a69155,kaneo,"🎯 All you need. Nothing you don't. Open source project management that works for you, not against you.",https://kaneo.app,,https://github.com/usekaneo/kaneo,,GitHub API,https://github.com/usekaneo/kaneo,False,False,False
tool_444057f814b717fe,astron-agent,"Enterprise-grade, commercial-friendly agentic workflow platform for building next-generation SuperAgents.",http://astron.ai,,https://github.com/iflytek/astron-agent,,GitHub API,https://github.com/iflytek/astron-agent,False,False,False
tool_516f08a76f35b2b2,adk-go,"An open-source, code-first Go toolkit for building, evaluating, and deploying sophisticated AI agents with flexibility and control.",https://google.github.io/adk-docs,,https://github.com/google/adk-go,,GitHub API,https://github.com/google/adk-go,False,False,False
tool_58a37efbd78dcb60,rocketride-server,"High-performance AI pipeline engine with a C++ core and 50+ Python-extensible nodes. Build, debug, and scale LLM workflows with 13+ model providers, 8+ vector databases, and agent orchestration, all from your IDE. Includes VS Code extension, TypeScript/Python SDKs, and Docker deployment.",https://github.com/rocketride-org/rocketride-server,,https://github.com/rocketride-org/rocketride-server,,GitHub API,https://github.com/rocketride-org/rocketride-server,False,False,False
tool_839afab598276b78,git-mcp,"Put an end to code hallucinations! GitMCP is a free, open-source, remote MCP server for any GitHub project",https://gitmcp.io,,https://github.com/idosal/git-mcp,,GitHub API,https://github.com/idosal/git-mcp,False,False,False
tool_91ebac6b6c011bb7,codex-chatgpt-web,"Use ChatGPT Web (including Pro) as a native model in Codex — with context, tools, streaming and images, without using Codex quota.",https://github.com/miuuyy/codex-chatgpt-web,,https://github.com/miuuyy/codex-chatgpt-web,,GitHub API,https://github.com/miuuyy/codex-chatgpt-web,False,False,False
tool_1213aa6c1e8ba852,superpowers-zh,🦸 AI 编程超能力 · 中文增强版 — superpowers（250k+ ⭐）完整汉化 + 4 个中国原创 skills，让 Claude Code / Copilot CLI / Hermes Agent / Cursor / Windsurf / Kiro / Gemini CLI / Qoder 等 26 款 AI 编程工具真正会干活,https://sp.aiolaola.com,,https://github.com/jnMetaCode/superpowers-zh,,GitHub API,https://github.com/jnMetaCode/superpowers-zh,False,False,False
tool_eb4f3b7627c1a7cf,webiny-js,"Open-source, self-hosted CMS platform on AWS serverless (Lambda, DynamoDB, S3). TypeScript framework with multi-tenancy, lifecycle hooks, GraphQL API, and AI-assisted development via MCP server. Built for developers at large organizations.",https://webiny.com,,https://github.com/webiny/webiny-js,,GitHub API,https://github.com/webiny/webiny-js,False,False,False
tool_28e06c984bb0cf0d,Upsonic,Build autonomous AI agents in Python.,https://docs.upsonic.ai,,https://github.com/Upsonic/Upsonic,,GitHub API,https://github.com/Upsonic/Upsonic,False,False,False
tool_af62a3156e8830e7,osaurus,"Own your AI. The native macOS harness for AI agents -- any model, persistent memory, autonomous execution, cryptographic identity. Built in Swift. Fully offline. Open source.",https://osaurus.ai,,https://github.com/osaurus-ai/osaurus,,GitHub API,https://github.com/osaurus-ai/osaurus,False,False,False
tool_ec22528f9805e0d2,rikkahub,RikkaHub is an Android APP that supports for multiple LLM providers.,https://rikka-ai.com,,https://github.com/rikkahub/rikkahub,,GitHub API,https://github.com/rikkahub/rikkahub,False,False,False
tool_7dd9239e5c680b82,apify-mcp-server,"The Apify MCP server enables your AI agents to extract data from social media, search engines, maps, e-commerce sites, or any other website using thousands of ready-made scrapers, crawlers, and automation tools available on the Apify Store.",https://mcp.apify.com,,https://github.com/apify/apify-mcp-server,,GitHub API,https://github.com/apify/apify-mcp-server,False,False,False
tool_93cf146b079a051a,browser-tools-mcp,Monitor browser logs directly from Cursor and other MCP compatible IDEs.,https://agentdesk.ai,,https://github.com/AgentDeskAI/browser-tools-mcp,,GitHub API,https://github.com/AgentDeskAI/browser-tools-mcp,False,False,False
tool_18b2a3384951eb40,registry,A community driven registry service for Model Context Protocol (MCP) servers.,https://github.com/modelcontextprotocol/registry,,https://github.com/modelcontextprotocol/registry,,GitHub API,https://github.com/modelcontextprotocol/registry,False,False,False
tool_f2b9a11bbf02a16b,Windows-MCP,MCP Server for Computer Use in Windows,https://github.com/CursorTouch/Windows-MCP,,https://github.com/CursorTouch/Windows-MCP,,GitHub API,https://github.com/CursorTouch/Windows-MCP,False,False,False
tool_acfeb1bb40234d46,mobile-mcp,"Model Context Protocol Server for Mobile Automation and Scraping (iOS, Android, Emulators, Simulators and Real Devices)",https://mobilenext.ai,,https://github.com/mobile-next/mobile-mcp,,GitHub API,https://github.com/mobile-next/mobile-mcp,False,False,False
tool_3b90bb249cc67d48,repowise,"Codebase intelligence for AI and humans: code health scores, auto-generated docs, git analytics, dead code detection, and architectural decisions via MCP.",https://repowise.dev,,https://github.com/repowise-dev/repowise,,GitHub API,https://github.com/repowise-dev/repowise,False,False,False
tool_e2afe3ba089d8880,XcodeBuildMCP,A Model Context Protocol (MCP) server and CLI that provides tools for agent use when working on iOS and macOS projects.,https://xcodebuildmcp.com,,https://github.com/getsentry/XcodeBuildMCP,,GitHub API,https://github.com/getsentry/XcodeBuildMCP,False,False,False
tool_383bd1ce45309928,deepchat,🐬DeepChat - A smart assistant that connects powerful AI to your personal world,https://deepchat.thinkinai.xyz,,https://github.com/ThinkInAIXYZ/deepchat,,GitHub API,https://github.com/ThinkInAIXYZ/deepchat,False,False,False
tool_6698a3a09ad90e10,camel,"Apache Camel is an open source integration framework with 350+ connectors. Write routes in Java, YAML, or XML. Run on Spring Boot, Quarkus, or standalone. Apache License 2.0.",https://camel.apache.org,,https://github.com/apache/camel,,GitHub API,https://github.com/apache/camel,False,False,False
tool_fc620e31fdffce3b,whatsapp-mcp,WhatsApp MCP server,https://x.com/LukeHarries_/status/1905986562388635913,,https://github.com/lharries/whatsapp-mcp,,GitHub API,https://github.com/lharries/whatsapp-mcp,False,False,False
tool_b4b9e025ae3f1cbc,jscpd,"Copy/paste detector for source code. 220+ languages, Rust engine, SARIF/HTML/badge reporters, GitHub Action, MCP server for AI agents.",https://jscpd.dev,,https://github.com/kucherenko/jscpd,,GitHub API,https://github.com/kucherenko/jscpd,False,False,False
tool_b9fd8e558bc2b27f,semble,Fast and Accurate Code Search for Agents. Uses 99% fewer tokens than grep+read,https://minish.ai/packages/semble/introduction,,https://github.com/MinishLab/semble,,GitHub API,https://github.com/MinishLab/semble,False,False,False
tool_57d932fa1cc1e693,learn-ai-engineering,Learn AI and LLMs from scratch using free resources,https://github.com/ashishps1/learn-ai-engineering,,https://github.com/ashishps1/learn-ai-engineering,,GitHub API,https://github.com/ashishps1/learn-ai-engineering,False,False,False
tool_35c0cdd7ece85d94,qiaomu-anything-to-notebooklm,"Claude Skill: Multi-source content processor for NotebookLM. Supports WeChat articles, web pages, YouTube, PDF, Markdown, search queries → Podcast/PPT/MindMap/Quiz etc.",https://github.com/joeseesun/qiaomu-anything-to-notebooklm,,https://github.com/joeseesun/qiaomu-anything-to-notebooklm,,GitHub API,https://github.com/joeseesun/qiaomu-anything-to-notebooklm,False,False,False
tool_c674f0c71d3a191a,openpencil,The world's first open-source AI-native vector design tool and the first to feature concurrent Agent Teams. Design-as-Code. Turn prompts into UI directly on the live canvas. A modern alternative to Pencil.,https://op.zseven.tech,,https://github.com/ZSeven-W/openpencil,,GitHub API,https://github.com/ZSeven-W/openpencil,False,False,False
tool_e1b55827d434f9fa,sandbox,"All-in-One Sandbox for AI Agents that combines Browser, Shell, File, MCP and VSCode Server in a single Docker container.",https://sandbox.agent-infra.com,,https://github.com/agent-infra/sandbox,,GitHub API,https://github.com/agent-infra/sandbox,False,False,False
tool_4d3b4f2bc806e622,mcp-atlassian,"MCP server for Atlassian tools (Confluence, Jira)",https://mcp-atlassian.soomiles.com,,https://github.com/sooperset/mcp-atlassian,,GitHub API,https://github.com/sooperset/mcp-atlassian,False,False,False
tool_28b46f9a660d9e6d,magic-mcp,"It's like v0, but in your Cursor / Claude Code / Windsurf: search 10,000+ React/Tailwind components, generate new UI with AI, and publish your own — right from your editor. Magic MCP is now the 21st MCP; this package keeps old configs working. Setup: 21st.dev/mcp",https://21st.dev/mcp,,https://github.com/21st-dev/magic-mcp,,GitHub API,https://github.com/21st-dev/magic-mcp,False,False,False
tool_1ba685e0ea0711db,nexent,"Nexent is a zero-code platform for auto-generating production-grade AI agents using Harness Engineering principles — unified tools, skills, memory, and orchestration with built-in constraints, feedback loops, and control planes.",http://modelengine-group.github.io/nexent,,https://github.com/ModelEngine-Group/nexent,,GitHub API,https://github.com/ModelEngine-Group/nexent,False,False,False
tool_da72210bdd251c35,lemonade,Lemonade helps users discover and run local AI apps by serving optimized LLMs right from their own GPUs and NPUs. Join our discord: https://discord.gg/5xXzkMu8Zk,https://lemonade-server.ai,,https://github.com/lemonade-sdk/lemonade,,GitHub API,https://github.com/lemonade-sdk/lemonade,False,False,False
tool_1d1465050f6188b3,ruoyi-ai,"An enterprise AI development framework for building AI agents. It provides unified management of multi-provider LLMs, secure enterprise knowledge bases with high-precision retrieval, visual workflow orchestration and multi-agent coordination. Compatible with mainstream Agent Skill standards, it enables developers to efficiently build production-gra",https://doc.ruoyiai.chat,,https://github.com/ageerle/ruoyi-ai,,GitHub API,https://github.com/ageerle/ruoyi-ai,False,False,False
tool_5d4775a8d5defa6d,UltraRAG,A Low-Code MCP Framework for Building Complex and Innovative RAG Pipelines,https://ultrarag.github.io,,https://github.com/OpenBMB/UltraRAG,,GitHub API,https://github.com/OpenBMB/UltraRAG,False,False,False
tool_34f22c8734491133,openagent,"⚡️next-generation personal AI assistant powered by LLM, RAG and agent loops, supporting computer-use, browser-use and coding agent, demo: https://demo.openagentai.org",https://openagentai.org,,https://github.com/the-open-agent/openagent,,GitHub API,https://github.com/the-open-agent/openagent,False,False,False
tool_aae7e849ab8cb018,astron-rpa,Agent-ready RPA suite with out-of-the-box automation tools. Built for individuals and enterprises.,http://iflyrpa.com,,https://github.com/iflytek/astron-rpa,,GitHub API,https://github.com/iflytek/astron-rpa,False,False,False
tool_febd0f7f58d78108,5ire,"5ire is a cross-platform desktop AI assistant, MCP client. It compatible with major service providers,  supports local knowledge base and  tools via model context protocol servers .",https://5ire.app,,https://github.com/nanbingxyz/5ire,,GitHub API,https://github.com/nanbingxyz/5ire,False,False,False
tool_e436e73a1142f041,hooker,"🔥🔥 hooker is a Frida-based reverse engineering toolkit for Android. It offers a user-friendly CLI, universal scripts, auto hook generation, memory roaming to detect activities/services, one-click SOCKS5 proxy setup, Frida JustTrustMe, and BoringSSL unpinning for all apps.",https://github.com/CreditTone/hooker,,https://github.com/CreditTone/hooker,,GitHub API,https://github.com/CreditTone/hooker,False,False,False
tool_0321f3a6a3bec4dd,unidbg,"Allows you to emulate an Android native library, and an experimental  iOS emulation",https://github.com/zhkl0228/unidbg,,https://github.com/zhkl0228/unidbg,,GitHub API,https://github.com/zhkl0228/unidbg,False,False,False
tool_d2ee9f1c10c3dc69,Peekaboo,"Peekaboo is a macOS CLI & optional MCP server that enables AI agents to capture screenshots of applications, or the entire system, with optional visual question answering through local or remote AI models.",http://peekaboo.boo,,https://github.com/openclaw/Peekaboo,,GitHub API,https://github.com/openclaw/Peekaboo,False,False,False
tool_64dba636679b52dd,mcp-ui,UI over MCP. Create next-gen UI experiences with the protocol and SDK!,https://mcpui.dev,,https://github.com/MCP-UI-Org/mcp-ui,,GitHub API,https://github.com/MCP-UI-Org/mcp-ui,False,False,False
tool_dbbeb1dee38640b1,code-graph-rag,"The ultimate RAG for your monorepo. Query, understand, and edit multi-language codebases with the power of AI and knowledge graphs",https://code-graph-rag.com,,https://github.com/vitali87/code-graph-rag,,GitHub API,https://github.com/vitali87/code-graph-rag,False,False,False
tool_d78386dfb2076215,go-sdk,The official Go SDK for Model Context Protocol servers and clients. Maintained in collaboration with Google.,https://modelcontextprotocol.io,,https://github.com/modelcontextprotocol/go-sdk,,GitHub API,https://github.com/modelcontextprotocol/go-sdk,False,False,False
tool_11bda2815911cb54,Kiln,"Build, Evaluate, and Optimize AI Systems. Includes evals, RAG, agents, fine-tuning, synthetic data generation, dataset management, MCP, and more.",https://kiln.tech,,https://github.com/Kiln-AI/Kiln,,GitHub API,https://github.com/Kiln-AI/Kiln,False,False,False
tool_949f68418ef3403a,zotero-mcp,"Zotero MCP: Connects your Zotero research library with Claude and other AI assistants via the Model Context Protocol to discuss papers, get summaries, analyze citations, and more.",https://stevenyuyy.com/zotero-mcp,,https://github.com/54yyyu/zotero-mcp,,GitHub API,https://github.com/54yyyu/zotero-mcp,False,False,False
tool_c08f2e0277d33d9e,PPTAgent,An Agentic Framework for Reflective PowerPoint Generation,https://arxiv.org/abs/2501.03936,,https://github.com/icip-cas/PPTAgent,,GitHub API,https://github.com/icip-cas/PPTAgent,False,False,False
tool_d431cf761aff48a8,magic,Magicrew. The first open-source all-in-one AI productivity platform (Generalist AI Agent + Workflow Engine + IM + Online collaborative office system),https://magicrew.ai,,https://github.com/dtyq/magic,,GitHub API,https://github.com/dtyq/magic,False,False,False
tool_10a03a37b74fc485,exa-mcp-server,Exa MCP for web search and web crawling!,https://exa.ai/docs/reference/exa-mcp,,https://github.com/exa-labs/exa-mcp-server,,GitHub API,https://github.com/exa-labs/exa-mcp-server,False,False,False
tool_6de9f56d944d1a81,mcporter,"Call MCPs via TypeScript, masquerading as simple TypeScript API. Or package them as cli.",https://mcporter.sh,,https://github.com/openclaw/mcporter,,GitHub API,https://github.com/openclaw/mcporter,False,False,False
tool_afa15734de13688a,mockserver-monorepo,"MockServer is an HTTP(S) mock server and proxy for testing that lets you mock APIs, inspect and modify live traffic, and inject failures. It supports HTTP/1.1, HTTP/2, gRPC, WebSockets, TCP and more on a single port, with additional support for HTTP/3, message brokers, and AI/LLM APIs.",https://mock-server.com,,https://github.com/mock-server/mockserver-monorepo,,GitHub API,https://github.com/mock-server/mockserver-monorepo,False,False,False
tool_55e7533994c1eca0,byterover-cli,ByteRover CLI (brv) - The portable memory layer for  autonomous coding agents (formerly Cipher),https://docs.byterover.dev,,https://github.com/campfirein/byterover-cli,,GitHub API,https://github.com/campfirein/byterover-cli,False,False,False
tool_23fab0ecf95796e3,ag2,AG2 (formerly AutoGen): The Open-Source AgentOS.Join us at: https://discord.gg/sNGSwQME3x,https://ag2.ai,,https://github.com/ag2ai/ag2,,GitHub API,https://github.com/ag2ai/ag2,False,False,False
tool_c0dbf381a62946ab,agentgateway,Next Generation Agentic Proxy for AI Agents and MCP servers,https://agentgateway.dev,,https://github.com/agentgateway/agentgateway,,GitHub API,https://github.com/agentgateway/agentgateway,False,False,False
tool_0d1c64fe7cc1484b,ha-mcp,The Unofficial and Awesome Home Assistant MCP Server,https://homeassistant-ai.github.io/ha-mcp,,https://github.com/homeassistant-ai/ha-mcp,,GitHub API,https://github.com/homeassistant-ai/ha-mcp,False,False,False
tool_0e0ed781d0e42716,53AIHub,"53AI Hub is an open-source AI portal and knowledge base for managing enterprise knowledge, AI agents, prompts, and AI tools, seamlessly integrating with Coze, Dify, FastGPT, RAGFlow. 一个AI知识库与Agent门户",https://hub.53ai.com,,https://github.com/53AI/53AIHub,,GitHub API,https://github.com/53AI/53AIHub,False,False,False
tool_46c3b6971351434e,prest,"PostgreSQL ➕ REST, low-code, simplify and accelerate development, ⚡ instant, realtime, high-performance on any Postgres application, existing or new, MCP server",https://prestd.com,,https://github.com/prest/prest,,GitHub API,https://github.com/prest/prest,False,False,False
tool_bdae9f8711aaba7c,koog,"Koog is a JVM (Java and Kotlin) framework for building predictable, fault-tolerant and enterprise-ready AI agents across all platforms – from backend services to Android and iOS, JVM, and even in-browser environments. Koog is based on our AI products expertise and provides proven solutions for complex LLM and AI problems",https://docs.koog.ai,,https://github.com/JetBrains/koog,,GitHub API,https://github.com/JetBrains/koog,False,False,False
tool_f734ca9d3e5b9c4b,csharp-sdk,The official C# SDK for Model Context Protocol servers and clients. Maintained in collaboration with Microsoft.,https://csharp.sdk.modelcontextprotocol.io,,https://github.com/modelcontextprotocol/csharp-sdk,,GitHub API,https://github.com/modelcontextprotocol/csharp-sdk,False,False,False
tool_a67c2dffa936d11a,m_flow,A bio-inspired cognitive memory engine — a new paradigm for Graph RAG.,https://flowelement.ai,,https://github.com/FlowElement-xinliuyuansu/m_flow,,GitHub API,https://github.com/FlowElement-xinliuyuansu/m_flow,False,False,False
tool_5c54b640fad815ec,mcp-context-forge,"An AI Gateway, registry, and proxy that sits in front of any MCP, A2A, or REST/gRPC APIs, exposing a unified endpoint with centralized discovery, guardrails and management. Optimizes Agent & Tool calling, and supports plugins.",https://ibm.github.io/mcp-context-forge,,https://github.com/IBM/mcp-context-forge,,GitHub API,https://github.com/IBM/mcp-context-forge,False,False,False
tool_686383fd665865f9,ciso-assistant-community,"CISO Assistant is a one-stop-shop GRC platform for Risk Management, AppSec, Compliance & Audit, TPRM, BIA, Privacy, and Reporting. It supports 200+ global frameworks with automatic control mapping, including ISO 27001, NIST CSF, SOC 2, CIS, PCI DSS, NIS2, DORA, GDPR, HIPAA, CMMC, and more.",https://intuitem.com,,https://github.com/intuitem/ciso-assistant-community,,GitHub API,https://github.com/intuitem/ciso-assistant-community,False,False,False
tool_8918ad0f90e21da4,mcpo,"A simple, secure MCP-to-OpenAPI proxy server",https://docs.openwebui.com/features/plugin/tools/openapi-servers/mcp,,https://github.com/open-webui/mcpo,,GitHub API,https://github.com/open-webui/mcpo,False,False,False
tool_e82abf18bd8e348e,learn-agentic-ai,"Learn Agentic AI using Dapr Agentic Cloud Ascent (DACA) Design Pattern and Agent-Native Cloud Technologies: OpenAI Agents SDK, Memory, MCP, A2A, Knowledge Graphs, Dapr, Rancher Desktop, and Kubernetes.",https://github.com/panaversity/learn-agentic-ai,,https://github.com/panaversity/learn-agentic-ai,,GitHub API,https://github.com/panaversity/learn-agentic-ai,False,False,False
tool_ab6c66b72aaa74ef,mcp-server-chart,🤖 A visualization mcp & skills contains 25+ visual charts using @antvis. Using for chart generation and data analysis.,https://github.com/antvis/mcp-server-chart,,https://github.com/antvis/mcp-server-chart,,GitHub API,https://github.com/antvis/mcp-server-chart,False,False,False
tool_c8f71b8cd4d00c8c,archestra,"Enterprise AI Platform with guardrails, MCP registry, gateway & orchestrator",https://archestra.ai,,https://github.com/archestra-ai/archestra,,GitHub API,https://github.com/archestra-ai/archestra,False,False,False
tool_a27dea14eb1d38c4,excel-mcp-server,A Model Context Protocol server for Excel file manipulation,https://excelmcpserver.com,,https://github.com/haris-musa/excel-mcp-server,,GitHub API,https://github.com/haris-musa/excel-mcp-server,False,False,False
tool_942969cf19e74ac2,ragent,企业级 Agentic RAG 智能体 - 全链路覆盖文档解析、多路检索、意图识别、问题重写、会话记忆、MCP 工具调用与深度思考。面向真实业务场景，从 0 到 1 完整工程实现。,https://nageoffer.com/ragent,,https://github.com/nageoffer/ragent,,GitHub API,https://github.com/nageoffer/ragent,False,False,False
tool_328f7642fd7c6bc0,wsl2-distro-manager,"GUI for the Windows Subsystem for Linux — and native Linux/macOS VMs on Mac. Install, back up, move and configure distros without CLI flags; AI assistant with tools, MCP server for agents, remote WSL over SSH.",https://wslmanager.com,,https://github.com/bostrot/wsl2-distro-manager,,GitHub API,https://github.com/bostrot/wsl2-distro-manager,False,False,False
tool_df2ed20e54f62c70,basic-memory,AI conversations that actually remember. Never re-explain your project to your AI again. Join our Discord: https://discord.gg/tyvKNccgqN,https://basicmemory.com,,https://github.com/basicmachines-co/basic-memory,,GitHub API,https://github.com/basicmachines-co/basic-memory,False,False,False
tool_5828290a6f2d7a5f,Continuous-Claude-v3,Context management for Claude Code. Hooks maintain state via ledgers and handoffs. MCP execution without context pollution. Agent orchestration with isolated context windows.,https://github.com/parcadei/Continuous-Claude-v3,,https://github.com/parcadei/Continuous-Claude-v3,,GitHub API,https://github.com/parcadei/Continuous-Claude-v3,False,False,False
tool_106547d084502430,rust-sdk,The official Rust SDK for the Model Context Protocol,https://docs.rs/rmcp,,https://github.com/modelcontextprotocol/rust-sdk,,GitHub API,https://github.com/modelcontextprotocol/rust-sdk,False,False,False
tool_11a651b5ef6e09dd,fast-agent,"Code, Build and Evaluate agents - excellent Model and Skills/MCP/ACP/A2A Support",https://fast-agent.ai,,https://github.com/evalstate/fast-agent,,GitHub API,https://github.com/evalstate/fast-agent,False,False,False
tool_6d4747fa528d3f92,playwriter,Chrome extension & CLI to let agents control your browser. Runs Playwright snippets in a stateful sandbox. Available as CLI or MCP,https://playwriter.dev,,https://github.com/remorses/playwriter,,GitHub API,https://github.com/remorses/playwriter,False,False,False
tool_b4eb087f1b3146d5,ghidra-mcp,"Ghidra MCP Server — 200+ MCP tools for AI-powered reverse engineering. GUI plugin + headless server, lazy tool loading, convention enforcement, batch operations, Ghidra Server integration, and Docker deployment.",https://github.com/bethington/ghidra-mcp,,https://github.com/bethington/ghidra-mcp,,GitHub API,https://github.com/bethington/ghidra-mcp,False,False,False
tool_0250d670e9888ca3,notfair-plugin,"Open-source SEO, GEO, and marketing skills for AI agents.",https://notfair.co,,https://github.com/nowork-studio/notfair-plugin,,GitHub API,https://github.com/nowork-studio/notfair-plugin,False,False,False
tool_c478d681eb916018,hister,Your own search engine,https://hister.org,,https://github.com/asciimoo/hister,,GitHub API,https://github.com/asciimoo/hister,False,False,False
tool_4bd852907bf6721f,SimpleMem,SimpleMem: Efficient Lifelong Memory for LLM Agents — Text & Multimodal,https://github.com/aiming-lab/SimpleMem,,https://github.com/aiming-lab/SimpleMem,,GitHub API,https://github.com/aiming-lab/SimpleMem,False,False,False
tool_21786555debc167d,pipeshub-ai,PipesHub is an open-source platform for securely connecting enterprise knowledge to AI. Give AI agents trusted context and your team permission-aware search with verified citations across your business systems.,https://pipeshub.com,,https://github.com/pipeshub-ai/pipeshub-ai,,GitHub API,https://github.com/pipeshub-ai/pipeshub-ai,False,False,False
tool_05b70893f6fac34a,kagent,Cloud Native Agentic AI | Discord: https://bit.ly/kagentdiscord,https://kagent.dev,,https://github.com/kagent-dev/kagent,,GitHub API,https://github.com/kagent-dev/kagent,False,False,False
tool_475929470e679a7e,java-sdk,The official Java SDK for Model Context Protocol servers and clients. Maintained in collaboration with Spring AI,https://java.sdk.modelcontextprotocol.io/latest,,https://github.com/modelcontextprotocol/java-sdk,,GitHub API,https://github.com/modelcontextprotocol/java-sdk,False,False,False
tool_9cd05c7e4f62fa29,langchain-mcp-adapters,LangChain 🔌 MCP,https://docs.langchain.com/oss/python/langchain/mcp,,https://github.com/langchain-ai/langchain-mcp-adapters,,GitHub API,https://github.com/langchain-ai/langchain-mcp-adapters,False,False,False
tool_3f14ad3b9dbcb821,MCP-Chinese-Getting-Started-Guide,Model Context Protocol(MCP) 编程极速入门,https://github.com/liaokongVFX/MCP-Chinese-Getting-Started-Guide,,https://github.com/liaokongVFX/MCP-Chinese-Getting-Started-Guide,,GitHub API,https://github.com/liaokongVFX/MCP-Chinese-Getting-Started-Guide,False,False,False
tool_03817d76dc5c8e9a,butterbase,"Open-source backend-as-a-service. Postgres, auth, storage, functions, AI gateway, MCP.",https://github.com/butterbase-ai/butterbase,,https://github.com/butterbase-ai/butterbase,,GitHub API,https://github.com/butterbase-ai/butterbase,False,False,False
tool_757af9e4753495a7,dbhub,"Token conscious database MCP server for Postgres, MySQL, SQL Server, MariaDB, SQLite.",https://dbhub.ai,,https://github.com/bytebase/dbhub,,GitHub API,https://github.com/bytebase/dbhub,False,False,False
tool_f1f14b6d671b09df,swarmpit,Lightweight AI-friendly Docker Swarm management,https://swarmpit.io,,https://github.com/swarmpit/swarmpit,,GitHub API,https://github.com/swarmpit/swarmpit,False,False,False
tool_69402df44fb2e807,dembrandt,"Extract any website’s design system into tokens in seconds: logo, colors, typography, borders & more. One command.",http://dembrandt.com,,https://github.com/dembrandt/dembrandt,,GitHub API,https://github.com/dembrandt/dembrandt,False,False,False
tool_ad4415c19341f1f7,buildwithclaude,"A single hub to find Claude Skills, Agents, Commands, Hooks, Plugins, and Marketplace collections to extend Claude Code, Claude Desktop, Agent SDK and OpenClaw",https://buildwithclaude.com,,https://github.com/davepoon/buildwithclaude,,GitHub API,https://github.com/davepoon/buildwithclaude,False,False,False
tool_dada41f8ee12efde,py-xiaozhi,"Open-source AI assistant ecosystem with MCP integrations, multimodal workflows, IoT support, and cross-platform voice interaction.",https://huangjunsen0406.github.io/py-xiaozhi,,https://github.com/huangjunsen0406/py-xiaozhi,,GitHub API,https://github.com/huangjunsen0406/py-xiaozhi,False,False,False
tool_8fe8b841b059f10b,PeopleInSpace,"Kotlin Multiplatform sample with SwiftUI, Jetpack Compose, Compose for Wear, Compose for Desktop, and Compose for Web clients along with Ktor backend.",https://github.com/joreilly/PeopleInSpace,,https://github.com/joreilly/PeopleInSpace,,GitHub API,https://github.com/joreilly/PeopleInSpace,False,False,False
tool_4088c211b44dfee5,FireRed-OpenStoryline,"FireRed-OpenStoryline is an AI video editing agent that transforms manual editing into intention-driven directing through natural language interaction, LLM-powered planning, and precise tool orchestration. It facilitates transparent, human-in-the-loop creation with reusable Style Skills for consistent, professional storytelling.",https://github.com/FireRedTeam/FireRed-OpenStoryline,,https://github.com/FireRedTeam/FireRed-OpenStoryline,,GitHub API,https://github.com/FireRedTeam/FireRed-OpenStoryline,False,False,False
tool_7d1c0ac668d1340f,metorial,"Connect any AI model to 1200+ integrations (MCP, CLI, API)",https://metorial.com,,https://github.com/metorial/metorial,,GitHub API,https://github.com/metorial/metorial,False,False,False
tool_47eb7280be0e1710,SocratiCode,"Enterprise-grade (40m+ LOC) codebase intelligence, zero-setup, local & private Plugin/Skill/Extension or MCP: hybrid semantic search, polyglot dependency graphs, symbol-level impact analysis & call-flow, interactive HTML viewer, cross-project & branch-aware search, DB/API/infra knowledge. 61% less tokens, 84% fewer calls, 37x faster. Cloud in beta.",https://socraticode.cloud,,https://github.com/giancarloerra/SocratiCode,,GitHub API,https://github.com/giancarloerra/SocratiCode,False,False,False
tool_883e635b2b31acbf,ultracite,"A highly opinionated, zero-configuration linter and formatter.",https://ultracite.ai,,https://github.com/haydenbleasel/ultracite,,GitHub API,https://github.com/haydenbleasel/ultracite,False,False,False
tool_20ae92fd1bd28443,sentrux,"Real-time architectural sensor that helps AI agents close the feedback loop, enabling recursive self-improvement of code quality. Pure Rust.",https://sentrux.dev,,https://github.com/sentrux/sentrux,,GitHub API,https://github.com/sentrux/sentrux,False,False,False
tool_e50bf69dccb6dbd2,FlyEnv,"Native local development environment for Windows, macOS & Linux. A modern alternative to XAMPP, MAMP, Laragon and Laravel Herd, with runtimes, databases, web servers, local sites, HTTPS, AI coding tools and MCP.",https://flyenv.com,,https://github.com/xpf0000/FlyEnv,,GitHub API,https://github.com/xpf0000/FlyEnv,False,False,False
tool_6d42fc668202bcc9,harbor,Stop configuring your AI stack. Start using it. One command brings a complete pre-wired LLM stack with hundreds of services to explore.,https://discord.gg/8nDRphrhSF,,https://github.com/av/harbor,,GitHub API,https://github.com/av/harbor,False,False,False
tool_8196babf8e70ade3,ShipSwift,AI-native SwiftUI component library with full-stack recipes — connect via MCP for instant access.,https://shipswift.app,,https://github.com/signerlabs/ShipSwift,,GitHub API,https://github.com/signerlabs/ShipSwift,False,False,False
tool_04941fc27852aac9,fli,"Google Flights MCP, CLI and Python Library",https://deepwiki.com/punitarani/fli,,https://github.com/punitarani/fli,,GitHub API,https://github.com/punitarani/fli,False,False,False
tool_f15f821b5cb170af,OGAM,"The Swiss Army Knife of Offline AI. Chat, see, speak, and generate images on your phone or Mac — GGUF LLMs, vision, Whisper speech-to-text, Stable Diffusion, tool calling, and local-network servers. Runs on your CPU, GPU, or NPU. No account, no API key, zero data leaves your device.",https://getoffgridai.co/pro,,https://github.com/off-grid-ai/OGAM,,GitHub API,https://github.com/off-grid-ai/OGAM,False,False,False
tool_4a700f29a2f8c164,reactive-resume,"A one-of-a-kind resume builder that keeps your privacy in mind. Completely secure, customizable, portable, open-source and free forever. Try it out today!",https://rxresu.me,,https://github.com/reactive-resume/reactive-resume,,GitHub API,https://github.com/reactive-resume/reactive-resume,False,False,False
tool_6eacfb96be8a9fdd,serena,"A powerful MCP toolkit for coding, providing semantic retrieval and editing capabilities  - the IDE for your agent",https://oraios.github.io/serena,,https://github.com/oraios/serena,,GitHub API,https://github.com/oraios/serena,False,False,False
tool_c1165e997d66ed85,MaxKB,🔥 MaxKB is an open-source platform for building enterprise-grade agents.  强大易用的开源企业级智能体平台。,https://maxkb.cn,,https://github.com/1Panel-dev/MaxKB,,GitHub API,https://github.com/1Panel-dev/MaxKB,False,False,False
tool_17e7b791ff3f5fce,FunASR,"Open-source speech recognition toolkit for training, inference, streaming ASR, VAD, punctuation, speaker diarization pipelines, and OpenAI-compatible/MCP serving.",https://github.com/modelscope/FunASR,,https://github.com/modelscope/FunASR,,GitHub API,https://github.com/modelscope/FunASR,False,False,False
tool_a39ba3d6025ae13a,Douyin_TikTok_Download_API,"🚀 Self-hosted TikTok & Douyin scraper and no-watermark video downloader — async REST API, MCP server, CLI and web console for posts, profiles, comments and playlists. Self-healing identity pool, PostgreSQL archive, one docker compose up. 抖音、TikTok 数据采集与无水印视频下载 API，自托管，支持 MCP 调用与 Docker 一键部署。",https://douyin.wtf,,https://github.com/Evil0ctal/Douyin_TikTok_Download_API,,GitHub API,https://github.com/Evil0ctal/Douyin_TikTok_Download_API,False,False,False
tool_2a0e56cc62df73e3,XHS-Downloader,小红书（XiaoHongShu、RedNote）链接提取/作品采集工具,https://discord.com/invite/ZYtmgKud9Y,,https://github.com/JoeanAmier/XHS-Downloader,,GitHub API,https://github.com/JoeanAmier/XHS-Downloader,False,False,False
tool_e29849522a33f23d,QuantDinger,"Open-source AI Trading OS and commercial-ready multi-tenant SaaS platform — research markets, build Python strategies, backtest, paper/live trade, and monitor crypto, stocks, and forex, with built-in user management, billing, payments, and settlement to launch and operate your own trading service.",https://ai.quantdinger.com,,https://github.com/OpenByteInc/QuantDinger,,GitHub API,https://github.com/OpenByteInc/QuantDinger,False,False,False
tool_59f7f89ea37adad5,xiaozhi-esp32-server,"本项目为xiaozhi-esp32提供后端服务，帮助您快速搭建ESP32设备控制服务器。Backend service for xiaozhi-esp32, helps you quickly build an ESP32 device control server.",http://xiaozhi.biz,,https://github.com/xinnan-tech/xiaozhi-esp32-server,,GitHub API,https://github.com/xinnan-tech/xiaozhi-esp32-server,False,False,False
tool_53c0c6b57695b333,drawio-skill,"Agent skill that turns natural language, code, Terraform/K8s, SQL, OpenAPI, AsyncAPI, Protobuf and GraphQL sources into editable, tested draw.io architecture diagrams: incremental sync, multi-view projection, drift diff, CI architecture tests, whiteboard derasterize, interactive HTML/PPTX/Mermaid exports.",https://agents365-ai.github.io/drawio-skill,,https://github.com/Agents365-ai/drawio-skill,,GitHub API,https://github.com/Agents365-ai/drawio-skill,False,False,False
tool_258eb1b35301ba31,FinanceToolkit,Transparent and Efficient Financial Analysis,https://jeroenbouma.com/projects/financetoolkit,,https://github.com/JerBouma/FinanceToolkit,,GitHub API,https://github.com/JerBouma/FinanceToolkit,False,False,False
tool_50f3c9746c2570a3,Viper,Adversary simulation and Red teaming platform with AI,https://viperrtp.com,,https://github.com/FunnyWolf/Viper,,GitHub API,https://github.com/FunnyWolf/Viper,False,False,False
tool_47bf6210bbd3a93b,deep-research,Use any LLMs (Large Language Models) for Deep Research. Support SSE API and MCP server.,https://research.u14.app,,https://github.com/u14app/deep-research,,GitHub API,https://github.com/u14app/deep-research,False,False,False
tool_7b23f141c1e3d5f3,tradingview-mcp,"TradingView MCP server — real-time market data, technical analysis, screeners & backtesting for Claude, ChatGPT, Cursor & any MCP client. Stocks, crypto, forex & futures across global exchanges. Hosted or self-host.",https://pro.cryptosieve.com,,https://github.com/atilaahmettaner/tradingview-mcp,,GitHub API,https://github.com/atilaahmettaner/tradingview-mcp,False,False,False
tool_81c1a8ea76916977,httprunner,HttpRunner 是一款开源的 API/UI 测试框架，简单易用，功能强大，具有丰富的插件化机制和高度的可扩展能力。,https://httprunner.com,,https://github.com/httprunner/httprunner,,GitHub API,https://github.com/httprunner/httprunner,False,False,False
tool_6d7a740d69ef39a2,kubefwd,Bulk port forwarding Kubernetes services for local development.,http://kubefwd.com,,https://github.com/txn2/kubefwd,,GitHub API,https://github.com/txn2/kubefwd,False,False,False
tool_f6a7845553958545,design-extract,"Extract any website's complete design system with one command. DTCG tokens, semantic+primitive+composite, MCP server for Claude Code/Cursor/Windsurf, multi-platform emitters (iOS SwiftUI, Android Compose, Flutter, WordPress), Tailwind v4, Figma variables, shadcn/ui, CSS health audit, WCAG remediation, Chrome extension. MIT, Playwright, Node 20+.",https://designlang.app,,https://github.com/Manavarya09/design-extract,,GitHub API,https://github.com/Manavarya09/design-extract,False,False,False
tool_e36c8d9793806924,ddgs,A metasearch library that aggregates results from diverse web search services,https://github.com/deedy5/ddgs,,https://github.com/deedy5/ddgs,,GitHub API,https://github.com/deedy5/ddgs,False,False,False
tool_0291ce1a18c183e7,Silex,"Silex is an online tool for visually creating static sites with dynamic data. With the free/libre spirit of internet, together.",https://silex.me,,https://github.com/silexlabs/Silex,,GitHub API,https://github.com/silexlabs/Silex,False,False,False
tool_647e6c17a8aa77c7,davinci-resolve-mcp,MCP server integration for DaVinci Resolve Studio,https://github.com/samuelgursky/davinci-resolve-mcp,,https://github.com/samuelgursky/davinci-resolve-mcp,,GitHub API,https://github.com/samuelgursky/davinci-resolve-mcp,False,False,False
tool_4ef1221f7d5853aa,jadx-ai-mcp,Plugin for JADX to integrate MCP server,https://github.com/zinja-coder/jadx-ai-mcp,,https://github.com/zinja-coder/jadx-ai-mcp,,GitHub API,https://github.com/zinja-coder/jadx-ai-mcp,False,False,False
tool_d2c4ec9484a01af1,vexa,"Open-source meeting transcription API for Google Meet, Microsoft Teams & Zoom. Auto-join bots, real-time WebSocket transcripts, MCP server for AI agents. Self-host or use hosted SaaS.",https://vexa.ai,,https://github.com/Vexa-ai/vexa,,GitHub API,https://github.com/Vexa-ai/vexa,False,False,False
tool_bf92d0a89b3c255e,slackdump,"Save or export your private and public Slack messages, threads, files, and users locally without admin privileges.",https://github.com/rusq/slackdump,,https://github.com/rusq/slackdump,,GitHub API,https://github.com/rusq/slackdump,False,False,False
tool_22d3b70dcbcc4192,solon,"🔥 Java enterprise application development framework for full scenario: Restrained, Efficient, Open, Ecologicalll!!! 700% higher concurrency 50% memory savings Startup is 10 times faster. Packing 90% smaller; Compatible with java8 ~ java26; Supports LTS. (Replaceable spring)",https://solon.noear.org,,https://github.com/opensolon/solon,,GitHub API,https://github.com/opensolon/solon,False,False,False
tool_443c3f07eb0bf64a,js-reverse-mcp,AI Agent-first JS 逆向 MCP Server：有头 Chrome 调试、断点、网络/WebSocket 分析、Patchright 反检测，可选 CloakBrowser。,https://github.com/zhizhuodemao/js-reverse-mcp,,https://github.com/zhizhuodemao/js-reverse-mcp,,GitHub API,https://github.com/zhizhuodemao/js-reverse-mcp,False,False,False
tool_25e852630f65652c,mcp-proxy,A bridge between Streamable HTTP and stdio MCP transports,https://github.com/sparfenyuk/mcp-proxy,,https://github.com/sparfenyuk/mcp-proxy,,GitHub API,https://github.com/sparfenyuk/mcp-proxy,False,False,False
tool_8c23d7624e1703b0,jcodemunch-mcp,"Cut AI token costs 95%+ on code exploration. The leading MCP server for precise, symbol-level GitHub code retrieval via tree-sitter AST. Works with Claude Code, Cursor & any MCP client. 313B+ tokens saved.",https://jcodemunch.com,,https://github.com/jgravelle/jcodemunch-mcp,,GitHub API,https://github.com/jgravelle/jcodemunch-mcp,False,False,False
tool_b5b028d072528327,metamcp,"MCP Aggregator, Orchestrator, Middleware, Gateway in one docker",https://docs.metamcp.com,,https://github.com/metatool-ai/metamcp,,GitHub API,https://github.com/metatool-ai/metamcp,False,False,False
tool_8d2838ba6afeb891,paper-search-mcp,"MCP, CLI, Skills for searching and downloading academic papers from multiple sources like arXiv, PubMed, bioRxiv, etc.",https://github.com/openags/paper-search-mcp,,https://github.com/openags/paper-search-mcp,,GitHub API,https://github.com/openags/paper-search-mcp,False,False,False
tool_c8358c647ccad5c6,nunu,A CLI tool for building Go applications.,https://go-nunu.github.io/nunu,,https://github.com/go-nunu/nunu,,GitHub API,https://github.com/go-nunu/nunu,False,False,False
tool_60c66d7b2210080d,korean-law-mcp,"법제처 국가법령정보를 LLM에서 바로 조회하는 MCP 서버. 법령·판례·조례 검색과 인용 검증 | MCP server for Korean law — search statutes, precedents, and ordinances, and verify citations",https://npmjs.com/package/korean-law-mcp,,https://github.com/chrisryugj/korean-law-mcp,,GitHub API,https://github.com/chrisryugj/korean-law-mcp,False,False,False
tool_e00de598189a67d7,nitrostack,"The full-stack TypeScript framework to build, test, and deploy production-ready MCP servers and AI-native apps.",https://nitrostack.ai,,https://github.com/nitrocloudofficial/nitrostack,,GitHub API,https://github.com/nitrocloudofficial/nitrostack,False,False,False
tool_2398b1abb18c64b9,mcphub,"Self-hosted MCP gateway and control plane for connecting, controlling, and operating MCP servers.",https://mcphub.app,,https://github.com/samanhappy/mcphub,,GitHub API,https://github.com/samanhappy/mcphub,False,False,False
tool_2f71d0660d7f7d0f,carbon,"Carbon is an open source ERP, MES and QMS for manufacturing. Perfect for complex assembly, contract manufacturing, high volume, and configure to order manufacturing.",https://carbon.ms,,https://github.com/crbnos/carbon,,GitHub API,https://github.com/crbnos/carbon,False,False,False
tool_6e4eba25adc25969,webclaw,"Fast, local-first web content extraction for LLMs. Scrape, crawl, extract structured data — all from Rust. CLI, REST API, and MCP server.",https://webclaw.io,,https://github.com/0xMassi/webclaw,,GitHub API,https://github.com/0xMassi/webclaw,False,False,False
tool_381bf0ac685a75aa,agency-orchestrator,🚀 One sentence → your one-person company of AI experts → complete deliverable in minutes. 276 CN + 184 EN + 5 more languages (ko/ru/pt-BR/id/ar) · zero-code YAML · auto-verified acceptance · Web Studio / Desktop / Docker · 15 LLM providers (11 key-free). 一句话组建你的「一人公司」AI 专家团队，几分钟交付完整方案；验收自动核验，网页 / 桌面 / Docker 全渠道。,https://ao.aiolaola.com,,https://github.com/jnMetaCode/agency-orchestrator,,GitHub API,https://github.com/jnMetaCode/agency-orchestrator,False,False,False
tool_28a732720cf64d12,ripwire,"The ripgrep of AI context: a zero-dependency C++23 CLI + MCP server for coding agents. Find what you want without reading the repo, then check you built what you meant — blast radius, tests-to-run, quality deltas. Signatures at 74.7% fewer bytes than bodies; every guess labelled, every loss published. Paddle out with a map.",https://github.com/redhat-et/ripwire,,https://github.com/redhat-et/ripwire,,GitHub API,https://github.com/redhat-et/ripwire,False,False,False
tool_d0e031edf22e0798,esp32_nat_router,An AI-enabled NAT Router/Firewall for the ESP32,https://github.com/martin-ger/esp32_nat_router,,https://github.com/martin-ger/esp32_nat_router,,GitHub API,https://github.com/martin-ger/esp32_nat_router,False,False,False
tool_fa1a011738d03409,mcp-shrimp-task-manager,"Shrimp Task Manager is a task tool built for AI Agents, emphasizing chain-of-thought, reflection, and style consistency. It converts natural language into structured dev tasks with dependency tracking and iterative refinement, enabling agent-like developer behavior in reasoning AI systems.",https://cjo4m06.github.io/mcp-shrimp-task-manager,,https://github.com/cjo4m06/mcp-shrimp-task-manager,,GitHub API,https://github.com/cjo4m06/mcp-shrimp-task-manager,False,False,False
tool_d71029cbfc6be3ff,mcp-router,A Unified MCP Server Management App (MCP Manager).,https://mcp-router.net,,https://github.com/mcp-router/mcp-router,,GitHub API,https://github.com/mcp-router/mcp-router,False,False,False
tool_c1d7743cc94a09de,agent-teams-ai,"You're the boss, agents are your team. They handle tasks on their own, message each other, and review each other's work. You just watch the kanban board and give high-level commands. Codex/Claude/OpenCode/Cursor/Grok/GitHub Copilot/Kiro/Z.AI/MiniMax/Kimi(200+ models, 75+ LLM providers, free models no auth). Build your AI company with multiple teams",https://agentteams.live,,https://github.com/777genius/agent-teams-ai,,GitHub API,https://github.com/777genius/agent-teams-ai,False,False,False
tool_e444a2d947fc1a41,fusio,Self-Hosted API Management for Builders,https://fusio-project.org,,https://github.com/apioo/fusio,,GitHub API,https://github.com/apioo/fusio,False,False,False
tool_a8aac059d5bab041,unreal-mcp,"Enable AI assistant clients like Cursor, Windsurf and Claude Desktop to control Unreal Engine through natural language using the Model Context Protocol (MCP).",https://github.com/chongdashu/unreal-mcp,,https://github.com/chongdashu/unreal-mcp,,GitHub API,https://github.com/chongdashu/unreal-mcp,False,False,False
tool_4f026e7beac0082b,Qu1cksc0pe,All-in-One malware analysis tool.,https://github.com/CYB3RMX/Qu1cksc0pe,,https://github.com/CYB3RMX/Qu1cksc0pe,,GitHub API,https://github.com/CYB3RMX/Qu1cksc0pe,False,False,False
tool_9799aaba139a4f50,skybridge,Skybridge is a full-stack TypeScript framework for MCP Apps and ChatGPT Apps. Type-safe. React-powered. Platform-agnostic.,https://skybridge.tech,,https://github.com/alpic-ai/skybridge,,GitHub API,https://github.com/alpic-ai/skybridge,False,False,False
tool_25a23da80fb2011d,contextplus,"Semantic Intelligence for Large-Scale Engineering. Context+ is an MCP server designed for developers who demand 99% accuracy. By combining RAG, Tree-sitter AST, Spectral Clustering, and Obsidian-style linking, Context+ turns a massive codebase into a searchable, hierarchical feature graph.",https://contextplus.vercel.app,,https://github.com/forloopcodes/contextplus,,GitHub API,https://github.com/forloopcodes/contextplus,False,False,False
tool_68141a2fbf3061c9,x64dbg-mcp-server,"x64dbg-MCP Server is a native MCP (Model Context Protocol) plugin for x64dbg that exposes the debugger's full functionality over HTTP. Connect any MCP-compatible AI assistant and control x64dbg programmatically: set breakpoints, step through code, read memory, dump registers, and more.  Built with Zig — zero dependencies, single-binary output, cros",https://github.com/duty1g/x64dbg-mcp-server,,https://github.com/duty1g/x64dbg-mcp-server,,GitHub API,https://github.com/duty1g/x64dbg-mcp-server,False,False,False
tool_e847362936989e9f,mcp-memory-service,"Open-source persistent memory for AI agent pipelines (LangGraph, CrewAI, AutoGen) and Claude. REST API + knowledge graph + autonomous consolidation.",https://github.com/doobidoo/mcp-memory-service,,https://github.com/doobidoo/mcp-memory-service,,GitHub API,https://github.com/doobidoo/mcp-memory-service,False,False,False
tool_63d31eca68b44814,anysearch-mcp-server,"Unified real-time search MCP server supporting general web search, vertical domain search, parallel batch search, and full-page URL content extraction.",https://anysearch.com,,https://github.com/anysearch-ai/anysearch-mcp-server,,GitHub API,https://github.com/anysearch-ai/anysearch-mcp-server,False,False,False
tool_84e8b1e5226ffe1a,pg-aiguide,MCP server and Claude plugin for Postgres skills and documentation. Helps AI coding tools generate better PostgreSQL code.,https://github.com/timescale/pg-aiguide,,https://github.com/timescale/pg-aiguide,,GitHub API,https://github.com/timescale/pg-aiguide,False,False,False
tool_75ea491ebb1f150c,slack-mcp-server,"The most powerful MCP Slack Server with no permission requirements, Apps support, GovSlack, DMs, Group DMs and smart history fetch logic.",https://github.com/korotovsky/slack-mcp-server,,https://github.com/korotovsky/slack-mcp-server,,GitHub API,https://github.com/korotovsky/slack-mcp-server,False,False,False
tool_26905bd25935d867,Dive,Dive is an open-source MCP Host Desktop Application that seamlessly integrates with any LLMs supporting function calling capabilities. ✨,https://github.com/OpenAgentPlatform/Dive,,https://github.com/OpenAgentPlatform/Dive,,GitHub API,https://github.com/OpenAgentPlatform/Dive,False,False,False
tool_5ee4b294153260d9,mcphub.nvim,"An MCP client for Neovim that seamlessly integrates MCP servers into your editing workflow with an intuitive interface for managing, testing, and using MCP servers with your favorite chat plugins.",https://ravitemer.github.io/mcphub.nvim,,https://github.com/ravitemer/mcphub.nvim,,GitHub API,https://github.com/ravitemer/mcphub.nvim,False,False,False
tool_397ec871b8cd47c1,mcp-brasil,MCP Server para 70 APIs públicas brasileiras,https://github.com/Mcp-Brasil/mcp-brasil,,https://github.com/Mcp-Brasil/mcp-brasil,,GitHub API,https://github.com/Mcp-Brasil/mcp-brasil,False,False,False
tool_187e4703022276f0,MeiGen-AI-Design-MCP,"Supports GPT Image 2, Seedance & ComfyUI, with a 1,400+ prompt library, carefully crafted hooks and a multi-task orchestration system",https://meigen.ai,,https://github.com/jau123/MeiGen-AI-Design-MCP,,GitHub API,https://github.com/jau123/MeiGen-AI-Design-MCP,False,False,False
tool_dbd4ccc29cea15c9,zenfeed,Make RSS 📰 great again with AI 🧠✨!! 数据打标请联系 glidea123 (数万并发随时狂飙),https://zenfeed.xyz,,https://github.com/glidea/zenfeed,,GitHub API,https://github.com/glidea/zenfeed,False,False,False
tool_77999e6f11227496,mcptools,A command-line interface for interacting with MCP (Model Context Protocol) servers using both stdio and HTTP transport.,https://github.com/f/mcptools,,https://github.com/f/mcptools,,GitHub API,https://github.com/f/mcptools,False,False,False
tool_4f2d7f47fd68a897,llmwiki,"Open Source Implementation of Karpathy's LLM Wiki. Upload documents, connect your Claude account via MCP, and have it write your wiki !",https://llmwiki.app,,https://github.com/lucasastorian/llmwiki,,GitHub API,https://github.com/lucasastorian/llmwiki,False,False,False
tool_7dbf807008f02710,php-sdk,The official PHP SDK for Model Context Protocol servers and clients. Maintained in collaboration with The PHP Foundation.,https://php.sdk.modelcontextprotocol.io,,https://github.com/modelcontextprotocol/php-sdk,,GitHub API,https://github.com/modelcontextprotocol/php-sdk,False,False,False
tool_7e270d5490221247,rulego,"⛓️RuleGo is a lightweight, high-performance, embedded, next-generation component orchestration rule engine framework for Go.",https://rulego.cc,,https://github.com/rulego/rulego,,GitHub API,https://github.com/rulego/rulego,False,False,False
tool_cee911f0a7a3529d,datagouv-mcp,"Official data.gouv.fr Model Context Protocol (MCP) server that allows AI chatbots to search, explore, and analyze datasets from the French national Open Data platform, directly through conversation.",https://mcp.data.gouv.fr,,https://github.com/datagouv/datagouv-mcp,,GitHub API,https://github.com/datagouv/datagouv-mcp,False,False,False
tool_24f1fb1be8b13bea,mcp-language-server,"mcp-language-server gives MCP enabled clients access semantic tools like get definition, references, rename, and diagnostics.",https://github.com/isaacphi/mcp-language-server,,https://github.com/isaacphi/mcp-language-server,,GitHub API,https://github.com/isaacphi/mcp-language-server,False,False,False
tool_47f7fa3f8c4fc39a,mex,Team memory for engineers and their AI agents. Lives in your repo. Shared through Git.,https://mexmemory.com,,https://github.com/mex-memory/mex,,GitHub API,https://github.com/mex-memory/mex,False,False,False
tool_838350f44956db25,12306-mcp,This is a 12306 ticket search server based on the Model Context Protocol (MCP).,https://github.com/Joooook/12306-mcp,,https://github.com/Joooook/12306-mcp,,GitHub API,https://github.com/Joooook/12306-mcp,False,False,False
tool_fe53aa041fb776e3,MiniMax-MCP,"Official MiniMax Model Context Protocol (MCP) server that enables interaction with powerful Text to Speech, image generation and video generation APIs.",https://minimax.io/platform,,https://github.com/MiniMax-AI/MiniMax-MCP,,GitHub API,https://github.com/MiniMax-AI/MiniMax-MCP,False,False,False
tool_340aef98b353f111,mcp-windbg,Model Context Protocol for WinDbg.,https://svnscha.de/mcp-windbg,,https://github.com/svnscha/mcp-windbg,,GitHub API,https://github.com/svnscha/mcp-windbg,False,False,False
tool_e48946efeb4049f8,LitterBox,A self-hosted sandbox for red teams to test payloads against modern detection before deployment. MCP integration lets an LLM agent drive analysis end to end.,https://github.com/BlackSnufkin/LitterBox,,https://github.com/BlackSnufkin/LitterBox,,GitHub API,https://github.com/BlackSnufkin/LitterBox,False,False,False
tool_caea6d615ce00674,mcp-gsc,Google Search Console Insights with Claude AI for SEOs,https://github.com/AminForou/mcp-gsc,,https://github.com/AminForou/mcp-gsc,,GitHub API,https://github.com/AminForou/mcp-gsc,False,False,False
tool_6b39a027e9b205f7,mcp-server-qdrant,An official Qdrant Model Context Protocol (MCP) server implementation,https://qdrant.tech,,https://github.com/qdrant/mcp-server-qdrant,,GitHub API,https://github.com/qdrant/mcp-server-qdrant,False,False,False
tool_241be2a8a7fe3582,matlab-mcp-server,Run MATLAB® using AI applications with the official MATLAB MCP Server from MathWorks®. This MCP server for MATLAB supports a wide range of coding agents like Claude Code® and Visual Studio® Code.,https://mathworks.com/matlabcentral/discussions/ai,,https://github.com/matlab/matlab-mcp-server,,GitHub API,https://github.com/matlab/matlab-mcp-server,False,False,False
tool_a3e23ca41468f6eb,rocketmq-rust,"🚀Apache RocketMQ build in  Rust🦀. Faster, safer, and with lower memory usage. ⭐ Star to support our work❤️!",https://rocketmqrust.com,,https://github.com/mxsm/rocketmq-rust,,GitHub API,https://github.com/mxsm/rocketmq-rust,False,False,False
tool_7e03f6c363f72327,marketing-skills,"48 free Claude marketing skills (Google Ads, Meta Ads, SEO, AI visibility) + Ryze MCP: claude mcp add ryze --transport http https://connector.get-ryze.ai/mcp",https://get-ryze.ai/how-to-connect-claude-to-google-meta-ads-mcp,,https://github.com/irinabuht12-oss/marketing-skills,,GitHub API,https://github.com/irinabuht12-oss/marketing-skills,False,False,False
tool_12689e928fc12dec,data-api-builder,"Data API builder provides modern REST, GraphQL endpoints and MCP tools to your Azure Databases and on-prem stores.",https://aka.ms/dab/docs,,https://github.com/Azure/data-api-builder,,GitHub API,https://github.com/Azure/data-api-builder,False,False,False
tool_72aa357d4513cd48,npcpy,"The python library for research and development in NLP, multimodal LLMs, Agents, ML, Knowledge Graphs, and more.",https://github.com/NPC-Worldwide/npcpy,,https://github.com/NPC-Worldwide/npcpy,,GitHub API,https://github.com/NPC-Worldwide/npcpy,False,False,False
tool_61e002e6333942ae,ros-mcp-server,Connect AI models like Claude & GPT with robots using MCP and ROS.,https://robotmcp.ai,,https://github.com/robotmcp/ros-mcp-server,,GitHub API,https://github.com/robotmcp/ros-mcp-server,False,False,False
tool_a7cdd5f9c4a1c892,arkon,"Arkon: Enterprise AI Knowledge Hub & MCP Server. Self-hosted knowledge base for teams to manage RAG contexts, access policies, and AI skills. Connect Claude and other LLMs via Model Context Protocol (MCP) for automated, secure organizational knowledge integration.",https://github.com/nduckmink/arkon,,https://github.com/nduckmink/arkon,,GitHub API,https://github.com/nduckmink/arkon,False,False,False
tool_4b859b53a4de2921,chunkhound,"Your entire engineering context, deeply understood",https://chunkhound.ai,,https://github.com/chunkhound/chunkhound,,GitHub API,https://github.com/chunkhound/chunkhound,False,False,False
tool_28daba7fe6e6d41f,tradememory-protocol,"Decision audit trail + persistent memory for AI trading agents. Outcome-weighted recall, tamper-evident SHA-256 chain with RFC 3161 anchoring, 20 MCP tools.",https://mnemox.ai/tradememory,,https://github.com/mnemox-ai/tradememory-protocol,,GitHub API,https://github.com/mnemox-ai/tradememory-protocol,False,False,False
tool_b879a03dfe952656,mysql_mcp_server,A Model Context Protocol (MCP) server that enables secure interaction with MySQL databases,https://designcomputer.com,,https://github.com/designcomputer/mysql_mcp_server,,GitHub API,https://github.com/designcomputer/mysql_mcp_server,False,False,False
tool_fac5ff742fe25001,sourcey,"Precision documentation from OpenAPI, MCP, Doxygen, and Markdown guides. Static HTML you own.",https://sourcey.com,,https://github.com/sourcey/sourcey,,GitHub API,https://github.com/sourcey/sourcey,False,False,False
tool_c780004454fb9723,voicemode,Natural voice conversations with Claude Code,https://voicemode.dev,,https://github.com/mbailey/voicemode,,GitHub API,https://github.com/mbailey/voicemode,False,False,False
tool_342a091741f315d9,nocturne_memory,"A lightweight, rollbackable, and visual Long-Term Memory Server for MCP Agents. Say goodbye to Vector RAG and amnesia. Empower your AI with persistent, graph-like structured memory across any model, session, or tool. Drop-in replacement for OpenClaw.",https://misaligned.top/memory,,https://github.com/Dataojitori/nocturne_memory,,GitHub API,https://github.com/Dataojitori/nocturne_memory,False,False,False
tool_ba4c5adcf27d41f4,xiaozhi-esp32-server-java,小智ESP32的Java企业级管理平台，提供设备监控、音色定制、角色切换和对话记录管理的前后端及服务端一体化解决方案,https://github.com/joey-zhou/xiaozhi-esp32-server-java,,https://github.com/joey-zhou/xiaozhi-esp32-server-java,,GitHub API,https://github.com/joey-zhou/xiaozhi-esp32-server-java,False,False,False
tool_4110a18146d0bbd6,keeper.sh,"Calendar sync tool & universal calendar MCP server. Aggregate, sync and control calendars on Google, Outlook, Office 365, iCloud, CalDAV or ICS.",https://keeper.sh,,https://github.com/ridafkih/keeper.sh,,GitHub API,https://github.com/ridafkih/keeper.sh,False,False,False
tool_53bb1996e023ef6e,mirobody,"The AI-native health data engine — collect, translate, and reason with AI Agents over labs results, wearables & genomics.",https://mirobody.ai,,https://github.com/thetahealth/mirobody,,GitHub API,https://github.com/thetahealth/mirobody,False,False,False
tool_a709aded07768150,wenyan-mcp,文颜 MCP Server 可以让 AI 自动将 Markdown 文章排版后发布至微信公众号。,https://yuzhi.tech/wenyan-mcp,,https://github.com/caol64/wenyan-mcp,,GitHub API,https://github.com/caol64/wenyan-mcp,False,False,False
tool_bf46be81f2df9efc,claude-video-vision,Give Claude the ability to watch and understand videos — Claude Code plugin with frame extraction and multimodal audio analysis,https://github.com/jordanrendric/claude-video-vision,,https://github.com/jordanrendric/claude-video-vision,,GitHub API,https://github.com/jordanrendric/claude-video-vision,False,False,False
tool_b30e7ac45b8cd811,jupyter-mcp-server,🪐 🔧 Model Context Protocol (MCP) Server for Jupyter.,https://jupyter-mcp-server.datalayer.tech,,https://github.com/datalayer/jupyter-mcp-server,,GitHub API,https://github.com/datalayer/jupyter-mcp-server,False,False,False
tool_d07b2675c23a760d,solana-mcp-vybe,Public Solana MCP registry metadata for Vybe Solana API,https://docs.vybenetwork.com/docs/mcp,,https://github.com/vybenetwork/solana-mcp-vybe,,GitHub API,https://github.com/vybenetwork/solana-mcp-vybe,False,False,False
tool_63d89a5ef28787e5,MCPJungle,One place to manage & connect to all your MCP servers,https://docs.mcpjungle.com,,https://github.com/mcpjungle/MCPJungle,,GitHub API,https://github.com/mcpjungle/MCPJungle,False,False,False
tool_40fe9c951f31313c,mcp-searxng,"Private web search for AI assistants via SearXNG — supports Claude, Cursor, and any MCP client",https://npmjs.com/package/mcp-searxng,,https://github.com/ihor-sokoliuk/mcp-searxng,,GitHub API,https://github.com/ihor-sokoliuk/mcp-searxng,False,False,False
tool_3aeb3547051e109e,reverify,"Stop your AI from making things up — it proposes, deterministic tools decide, every claim checked against ground truth with evidence. Grounded facts and context survive resets. Reverse engineering is the proving ground. MCP server + CLI.",https://github.com/2akouwu/reverify,,https://github.com/2akouwu/reverify,,GitHub API,https://github.com/2akouwu/reverify,False,False,False
tool_74b27c3b85697401,northcinder,Open-source MCP server for comparing products and asking the buyer before purchase.,https://github.com/cinderline/northcinder,,https://github.com/cinderline/northcinder,,GitHub API,https://github.com/cinderline/northcinder,False,False,False
tool_5bf820953fb8dd6f,heym,"Build agentic systems. Run them with confidence. Orchestrate agents, automate business processes, inspect every execution, and keep humans in control. Deploy Heym on your own infrastructure.",https://heym.run,,https://github.com/heymrun/heym,,GitHub API,https://github.com/heymrun/heym,False,False,False
tool_66c9fd4638446b72,Gearboy,"Game Boy / Game Boy Color / Super Game Boy emulator, debugger and embedded MCP server for macOS, Windows, Linux, BSD and RetroArch.",https://x.com/drhelius,,https://github.com/drhelius/Gearboy,,GitHub API,https://github.com/drhelius/Gearboy,False,False,False
tool_7e75fead604a91b8,better-chatbot,"Formerly Better Chatbot. Navigator is an open-source AI workspace for agents, MCP and workflow automation.",https://app.keinsaas.com,,https://github.com/keinsaasforever/better-chatbot,,GitHub API,https://github.com/keinsaasforever/better-chatbot,False,False,False
tool_141e5183ace755c5,ref-tools-mcp,Helping coding agents never make mistakes working with public or private libraries without wasting the context window.,http://ref.tools,,https://github.com/ref-tools/ref-tools-mcp,,GitHub API,https://github.com/ref-tools/ref-tools-mcp,False,False,False
tool_2673e7c8b6c7308b,zen,"Selfhosted notes app. Single golang binary, notes stored as markdown within SQLite, full-text search, very low resource usage",https://sheshbabu.com/zen,,https://github.com/sheshbabu/zen,,GitHub API,https://github.com/sheshbabu/zen,False,False,False
tool_ab0ca8b335bfbaff,mongodb-mcp-server,A Model Context Protocol server to connect to MongoDB databases and MongoDB Atlas Clusters.,https://github.com/mongodb-js/mongodb-mcp-server,,https://github.com/mongodb-js/mongodb-mcp-server,,GitHub API,https://github.com/mongodb-js/mongodb-mcp-server,False,False,False
tool_3f87506be07a9b67,agentrq,"AgentRQ: Human-in-loop realtime conversational task manager for AI Agents. Self-hosted! Control your own agents from wherever you want Mobile, Web, Desktop. Designed to work well with your own Claude subscriptions and any harness with ACP support.",https://agentrq.com,,https://github.com/agentrq/agentrq,,GitHub API,https://github.com/agentrq/agentrq,False,False,False
tool_f12240124bad37eb,atlassian-mcp-server,"Official remote MCP server for Atlassian. Securely connect Jira, Confluence, Jira Service Management, Bitbucket, and Compass to Claude, ChatGPT, Cursor, VS Code, and other AI tools using OAuth 2.1 or API tokens.",https://atlassian.com/platform/rovo-mcp,,https://github.com/atlassian/atlassian-mcp-server,,GitHub API,https://github.com/atlassian/atlassian-mcp-server,False,False,False
tool_94eb4b6197ecd013,CloudBase-AI-Toolkit,"Backend for AI coding agents on CloudBase — database, auth, functions via Plugin, Skills & MCP.",https://docs.cloudbase.net/ai/cloudbase-ai-toolkit,,https://github.com/TencentCloudBase/CloudBase-AI-Toolkit,,GitHub API,https://github.com/TencentCloudBase/CloudBase-AI-Toolkit,False,False,False
tool_1996945063063458,coding-tools-mcp,Give any AI agent the ability to code,https://coding-1afcb9be.mintlify.app,,https://github.com/xyTom/coding-tools-mcp,,GitHub API,https://github.com/xyTom/coding-tools-mcp,False,False,False
tool_7f81b53115c8d66f,RedNote-MCP,"🚀MCP server for accessing RedNote(XiaoHongShu, xhs).",https://github.com/iFurySt/RedNote-MCP,,https://github.com/iFurySt/RedNote-MCP,,GitHub API,https://github.com/iFurySt/RedNote-MCP,False,False,False
tool_f601f32e2586e1b2,LycheeMem,Lightweight Long-Term Memory for LLM Agents.,https://lycheemem.github.io,,https://github.com/LycheeMem/LycheeMem,,GitHub API,https://github.com/LycheeMem/LycheeMem,False,False,False
tool_a93eb4e127f7df7f,ai-trader,"Backtrader-powered backtesting framework for algorithmic trading, featuring 20+ strategies, multi-market support, CLI tools, and an integrated MCP server for professional traders.",https://github.com/whchien/ai-trader,,https://github.com/whchien/ai-trader,,GitHub API,https://github.com/whchien/ai-trader,False,False,False
tool_9f488272eb288e45,solomd,"A markdown editor — and the bridge to your LLM. Local-first, MIT, ~15 MB. Bundled MCP server lets Claude Code / Codex / Cursor drive your vault directly. 14 AI providers BYOK.",https://solomd.app,,https://github.com/zhitongblog/solomd,,GitHub API,https://github.com/zhitongblog/solomd,False,False,False
tool_bb776c4caf2dcab9,agentic-radar,A security scanner for your LLM agentic workflows,https://splx.ai,,https://github.com/splx-ai/agentic-radar,,GitHub API,https://github.com/splx-ai/agentic-radar,False,False,False
tool_295be59d8ffdd0d5,Lightswind-UI-Library,"The AI-native CLI-first React component library. 160+ animated, accessible, production-ready components with MCP Server support for Cursor, Claude & GitHub Copilot. Copy-paste architecture — you own the code.",https://lightswind.com,,https://github.com/codewithMUHILAN/Lightswind-UI-Library,,GitHub API,https://github.com/codewithMUHILAN/Lightswind-UI-Library,False,False,False
tool_dced39da5b60be7a,crw,"Fast, lightweight Firecrawl/Tavily alternative in Rust. Web scraper, crawler & search API with MCP server for AI agents. Drop-in Firecrawl-compatible API (/scrape, /crawl, /search). 2.3x faster than Tavily, 1.5x faster than Firecrawl in 1K-URL benchmarks. 6 MB RAM, single binary. Self-host or use managed cloud.",https://fastcrw.com,,https://github.com/us/crw,,GitHub API,https://github.com/us/crw,False,False,False
tool_a9a1cb202e881520,annas-mcp,MCP server and CLI tool for searching and downloading documents from Anna's Archive,https://annas-archive.gl,,https://github.com/iosifache/annas-mcp,,GitHub API,https://github.com/iosifache/annas-mcp,False,False,False
tool_b73d532749450bde,mcp-server-chatsum,Query and Summarize your chat messages.,https://mcp.so,,https://github.com/chatmcp/mcp-server-chatsum,,GitHub API,https://github.com/chatmcp/mcp-server-chatsum,False,False,False
tool_bbdd39ba2d49a655,arcade-mcp,MCP Server Framework and Tool Development library for building custom capabilities into agents.,https://docs.arcade.dev,,https://github.com/ArcadeAI/arcade-mcp,,GitHub API,https://github.com/ArcadeAI/arcade-mcp,False,False,False
tool_35afb013e98dea0f,mcp-google-sheets,"This MCP server integrates with your Google Drive and Google Sheets, to enable creating and modifying spreadsheets.",https://github.com/xing5/mcp-google-sheets,,https://github.com/xing5/mcp-google-sheets,,GitHub API,https://github.com/xing5/mcp-google-sheets,False,False,False
tool_c016df29c9681a61,AI-Gateway,"Labs to explore AI Models, MCP servers, and Agents with the AI Gateway powered by Azure API Management and Microsoft Foundry 🚀",https://aka.ms/ai-gateway/labs,,https://github.com/Azure-Samples/AI-Gateway,,GitHub API,https://github.com/Azure-Samples/AI-Gateway,False,False,False
tool_73feb4177b8336fa,mcp-neo4j,Neo4j Labs Model Context Protocol servers,https://neo4j.com/developer/genai-ecosystem/model-context-protocol-mcp,,https://github.com/neo4j-contrib/mcp-neo4j,,GitHub API,https://github.com/neo4j-contrib/mcp-neo4j,False,False,False
tool_c1d134cf3f3c5033,open-seo-mcp-skills,Open-source SEO + GEO skills for Claude on your real GSC/GA4/ads data. Free MCP: claude mcp add ryze --transport http https://connector.get-ryze.ai/mcp,https://get-ryze.ai/how-to-connect-claude-to-google-meta-ads-mcp,,https://github.com/Ryze-AI-Adgent/open-seo-mcp-skills,,GitHub API,https://github.com/Ryze-AI-Adgent/open-seo-mcp-skills,False,False,False
tool_146a883a6b4b2a86,alpaca-mcp-server,"Alpaca’s official MCP Server lets you trade stocks, ETFs, crypto, and options, run data analysis, and build strategies in plain English directly from your favorite LLM tools and IDEs",https://alpaca.markets/algotrading,,https://github.com/alpacahq/alpaca-mcp-server,,GitHub API,https://github.com/alpacahq/alpaca-mcp-server,False,False,False
tool_7e48bd51656b2154,mcp-jetbrains,"A model context protocol server to work with JetBrains IDEs: IntelliJ, PyCharm, WebStorm, etc. Also, works with Android Studio",https://plugins.jetbrains.com/plugin/26071-mcp-server,,https://github.com/JetBrains/mcp-jetbrains,,GitHub API,https://github.com/JetBrains/mcp-jetbrains,False,False,False
tool_9a51a699c76a7478,x-reader,Universal content reader MCP Server for 10+ platforms,https://leolabs.me,,https://github.com/runesleo/x-reader,,GitHub API,https://github.com/runesleo/x-reader,False,False,False
tool_35bf4626ddb87e28,kubectl-mcp-server,Published in CNCF Landscape: A MCP server for Kubernetes.,https://npmjs.com/package/kubectl-mcp-server,,https://github.com/rohitg00/kubectl-mcp-server,,GitHub API,https://github.com/rohitg00/kubectl-mcp-server,False,False,False
tool_36832c086258f4c5,opentabs,Browser automation clicks buttons. OpenTabs calls APIs.,https://opentabs.dev,,https://github.com/opentabs-dev/opentabs,,GitHub API,https://github.com/opentabs-dev/opentabs,False,False,False
tool_8e735bf4df8506eb,wassette,Wassette: A security-oriented runtime that runs WebAssembly Components via MCP,https://microsoft.github.io/wassette,,https://github.com/microsoft/wassette,,GitHub API,https://github.com/microsoft/wassette,False,False,False
tool_fc5e22c92752a739,MCP-Bridge,A middleware to provide an openAI compatible endpoint that can call MCP tools,https://github.com/SecretiveShell/MCP-Bridge,,https://github.com/SecretiveShell/MCP-Bridge,,GitHub API,https://github.com/SecretiveShell/MCP-Bridge,False,False,False
tool_68c252a9233bf1a0,memory-bank-mcp,"A Model Context Protocol (MCP) server implementation for remote memory bank management, inspired by Cline Memory Bank.",https://npmjs.com/package/@allpepper/memory-bank-mcp,,https://github.com/alioshr/memory-bank-mcp,,GitHub API,https://github.com/alioshr/memory-bank-mcp,False,False,False
tool_bfc176e5fd9893ba,agent-qa,"Open-source self-improving QA agent for software teams. A test harness with memory. Write tests in natural language for web and mobile. agent-qa learns from every run, adapts to UI changes, and catches regressions before you ship.",https://vostride.com,,https://github.com/vostride/agent-qa,,GitHub API,https://github.com/vostride/agent-qa,False,False,False
tool_3430ca9e452124a5,ruby-sdk,The official Ruby SDK for the Model Context Protocol servers and clients.,https://ruby.sdk.modelcontextprotocol.io,,https://github.com/modelcontextprotocol/ruby-sdk,,GitHub API,https://github.com/modelcontextprotocol/ruby-sdk,False,False,False
tool_5e9df805c575b489,AgentChat,AgentChat 是一个基于 LLM 的智能体交流平台，内置默认 Agent 并支持用户自定义 Agent。通过多轮对话和任务协作，Agent 可以理解并协助完成复杂任务。项目集成 LangChain、Function Call、MCP 协议、RAG、Memory、HITL、Skill、Milvus 和 ElasticSearch 等技术，实现高效的知识检索与工具调用，使用 FastAPI 构建高性能后端服务。,http://agentchat.cloud,,https://github.com/Shy2593666979/AgentChat,,GitHub API,https://github.com/Shy2593666979/AgentChat,False,False,False
tool_54781cfc697b53fc,iai-personal-memory-engine,"A cyber brain for your AI. It never forgets a detail, remembers exactly what you said, and learns how you work over time. Free, local, works with Cursor, Claude Code, Codex, OpenClaw, Hermes and more. MIT.",https://github.com/CodeAbra/iai-personal-memory-engine,,https://github.com/CodeAbra/iai-personal-memory-engine,,GitHub API,https://github.com/CodeAbra/iai-personal-memory-engine,False,False,False
tool_39e2c1a7383b4679,hyper-mcp,"📦️ A fast, secure MCP server that extends its capabilities through WebAssembly plugins.",https://github.com/hyper-mcp-rs/hyper-mcp,,https://github.com/hyper-mcp-rs/hyper-mcp,,GitHub API,https://github.com/hyper-mcp-rs/hyper-mcp,False,False,False
tool_62e5c853960c45b6,NornicDB,"Nornicdb is a distributed low-latency, Graph+Vector, Temporal MVCC with all sub-ms HNSW search, graph traversal, and writes. Using Neo4j Bolt/Cypher and qdrant's gRPC means you can switch with no changes while adding intelligent features like schemas, managed embeddings, reranking+llm, GPU accel, Auto-TLP, Policy-based Memory Decay, and MCP server.",https://github.com/orneryd/NornicDB,,https://github.com/orneryd/NornicDB,,GitHub API,https://github.com/orneryd/NornicDB,False,False,False
tool_77652689f31b8bb8,VectorCode,A code repository indexing tool to supercharge your LLM experience.,https://github.com/Davidyz/VectorCode,,https://github.com/Davidyz/VectorCode,,GitHub API,https://github.com/Davidyz/VectorCode,False,False,False
tool_a3a912d0e8405405,Unreal_mcp,A comprehensive Model Context Protocol (MCP) server that enables AI assistants to control Unreal Engine through the native C++ Automation Bridge plugin. Built with TypeScript and C++.,https://github.com/ChiR24/Unreal_mcp,,https://github.com/ChiR24/Unreal_mcp,,GitHub API,https://github.com/ChiR24/Unreal_mcp,False,False,False
tool_6a866c69ce5a692c,glean,A self-hosted RSS reader and personal knowledge management tool.,https://gleanapp.cn,,https://github.com/LeslieLeung/glean,,GitHub API,https://github.com/LeslieLeung/glean,False,False,False
tool_166cee85b66be739,sentry-mcp,An MCP server for interacting with Sentry via LLMs.,https://mcp.sentry.dev,,https://github.com/getsentry/sentry-mcp,,GitHub API,https://github.com/getsentry/sentry-mcp,False,False,False
tool_c69879958d6045c7,vmlx,vMLX - Use MLX models easily - JANGQ (GGUF for MLX) - Not dependant on mlx_vlm,https://vmlx.net,,https://github.com/jjang-ai/vmlx,,GitHub API,https://github.com/jjang-ai/vmlx,False,False,False
tool_436882f89fa70ebb,Android-MCP,MCP Server for interacting with Android Devices.,https://github.com/CursorTouch/Android-MCP,,https://github.com/CursorTouch/Android-MCP,,GitHub API,https://github.com/CursorTouch/Android-MCP,False,False,False
tool_154203deb6724f56,FinanceMCP,"这是一个金融领域相关的mcp,本项目通过集成 Tushare API 和 Binance API 为语言模型（如Claude）提供全面的实时金融数据访问能力，支持股票、基金、债券、宏观经济指标、稳定币、虚拟货币等多维度金融数据分析。其中也包含了金融数据查询、财经新闻查询、国家统计局数据查询等",https://github.com/guangxiangdebizi/FinanceMCP,,https://github.com/guangxiangdebizi/FinanceMCP,,GitHub API,https://github.com/guangxiangdebizi/FinanceMCP,False,False,False
tool_7ff4b2f3db5a1aa9,bank-api,The Bank API is a design reference project suitable to bootstrap development for a compliant and modern API.,https://guanchen.nl,,https://github.com/erwinkramer/bank-api,,GitHub API,https://github.com/erwinkramer/bank-api,False,False,False
tool_6fed36e5c18e692d,browser-use-mcp-server,"Browse the web, directly from Cursor etc.",https://kontext.security,,https://github.com/kontext-security/browser-use-mcp-server,,GitHub API,https://github.com/kontext-security/browser-use-mcp-server,False,False,False
tool_9f6fdb57b96306c7,yokai,"Simple, modular, and observable Go framework for backend applications.",https://ankorstore.github.io/yokai,,https://github.com/ankorstore/yokai,,GitHub API,https://github.com/ankorstore/yokai,False,False,False
tool_3754e06819e69be7,Box,"The most advanced, fully offline client-side AI suite on Android today.",https://jegly.xyz,,https://github.com/jegly/Box,,GitHub API,https://github.com/jegly/Box,False,False,False
tool_8f76998cabce235c,reverse-engineering-assistant,MCP server for reverse engineering tasks in Ghidra 👩‍💻,https://github.com/cyberkaida/reverse-engineering-assistant,,https://github.com/cyberkaida/reverse-engineering-assistant,,GitHub API,https://github.com/cyberkaida/reverse-engineering-assistant,False,False,False
tool_855ebddd75727c12,gemini-skill,"gemini drawing MCP & skill through browser, can be used in openclaw or any agent that supports MCP. Gemini画图 MCP和sill，支持龙虾或任何agent使用٩(๑>◡<๑)۶",https://github.com/WJZ-P/gemini-skill,,https://github.com/WJZ-P/gemini-skill,,GitHub API,https://github.com/WJZ-P/gemini-skill,False,False,False
tool_b8050a0340cb8060,clipforge,ClipForge（原『带货剪手』/ daihuo-jianshou）：开源 AI 带货短视频神器——上传一张商品图，AI 自动提炼卖点 + 写种草脚本 + 锁定商品原图不变形 + 配画面/配音/字幕，一键产出抖音小店 / 快手 / 小红书 / TikTok Shop 卖货短视频。0 成本批量出片、开源无水印、本地自部署。也支持一句话主题成片。Open-source AI e-commerce/UGC short-video generator.,https://xixihhhh.github.io/clipforge,,https://github.com/xixihhhh/clipforge,,GitHub API,https://github.com/xixihhhh/clipforge,False,False,False
tool_ef9c3a423980fcd8,vibetest-use,Vibetest MCP - automated QA testing using Browser-Use agents,https://github.com/browser-use/vibetest-use,,https://github.com/browser-use/vibetest-use,,GitHub API,https://github.com/browser-use/vibetest-use,False,False,False
tool_8c79758508033797,reddit-mcp-buddy,"Clean, LLM-optimized Reddit MCP server. Browse posts, search content, analyze users. No fluff, just Reddit data.",https://npmjs.com/package/reddit-mcp-buddy,,https://github.com/karanb192/reddit-mcp-buddy,,GitHub API,https://github.com/karanb192/reddit-mcp-buddy,False,False,False
tool_444dfc7a06060de5,MCP-Kali-Server,MCP configuration to connect AI agent to a Linux machine.,https://github.com/Wh0am123/MCP-Kali-Server,,https://github.com/Wh0am123/MCP-Kali-Server,,GitHub API,https://github.com/Wh0am123/MCP-Kali-Server,False,False,False
tool_40c5fc2924395cf4,unifi-mcp,"MCP servers & Graph API for the UniFi suite of applications, Network, Protect, and Access",http://unifimcp.com,,https://github.com/sirkirby/unifi-mcp,,GitHub API,https://github.com/sirkirby/unifi-mcp,False,False,False
tool_522a2e8a91013fc0,mcp-client-for-ollama,"Harness the power of local LLMs with this TUI MCP Client for Ollama. Featuring all core MCP primitives (tools, prompts, resources), agent mode, multi-server, model switching, streaming responses, human-in-the-loop, thinking mode, model params config, system prompts, and saved preferences.",https://github.com/jonigl/mcp-client-for-ollama,,https://github.com/jonigl/mcp-client-for-ollama,,GitHub API,https://github.com/jonigl/mcp-client-for-ollama,False,False,False
tool_bb6e1d7888c053ae,deja-vu,"One memory shared by Claude Code, Codex, Cursor, Copilot CLI, OpenClaw and 20 more coding agents, built from the session history already on disk. A fix found in one agent comes back in any of them, including months of sessions from before you installed it. No LLM, no embeddings, one local Go binary.",https://vshulcz.github.io/deja-vu,,https://github.com/vshulcz/deja-vu,,GitHub API,https://github.com/vshulcz/deja-vu,False,False,False
tool_fe1e5080c1bc69a5,next-devtools-mcp,Next.js Development for Coding Agent,https://npmjs.com/package/next-devtools-mcp,,https://github.com/vercel/next-devtools-mcp,,GitHub API,https://github.com/vercel/next-devtools-mcp,False,False,False
tool_889afe864828d1f5,idea-reality-mcp,"Pre-build reality check for AI coding agents. Scans GitHub, HN, npm, PyPI, Product Hunt. MCP server. 290+ stars.",https://mnemox.ai/check,,https://github.com/mnemox-ai/idea-reality-mcp,,GitHub API,https://github.com/mnemox-ai/idea-reality-mcp,False,False,False
tool_4dddb9f5a561cc54,ida-mcp-rs,Headless IDA Pro MCP Server,https://github.com/blacktop/ida-mcp-rs,,https://github.com/blacktop/ida-mcp-rs,,GitHub API,https://github.com/blacktop/ida-mcp-rs,False,False,False
tool_ac10db8e0f0930a4,mineru-tianshu,天枢 - 企业级 AI 一站式数据预处理平台 | PDF/Office转Markdown | 支持MCP协议AI助手集成 | Vue3+FastAPI全栈方案 | 文档解析 | 多模态信息提取,https://mineru-tianshu.vercel.app,,https://github.com/magicyuan876/mineru-tianshu,,GitHub API,https://github.com/magicyuan876/mineru-tianshu,False,False,False
tool_00797725935612d2,yahoo-finance2,"Unofficial API for Yahoo Finance with CLI, MCP and Agent Skill",https://npmjs.com/package/yahoo-finance2,,https://github.com/gadicc/yahoo-finance2,,GitHub API,https://github.com/gadicc/yahoo-finance2,False,False,False
tool_41d83473fc567f55,Wax,"Shared Single-file memory layer for all your agents, sub mili-second RAG over text, photo and video on Apple Silicon.. No Server. No API. One File. Pure Swift",https://christopherkarani.github.io/Wax,,https://github.com/christopherkarani/Wax,,GitHub API,https://github.com/christopherkarani/Wax,False,False,False
tool_1315e488f6169fe2,aderyn,Solidity Static Analyzer that easily integrates into your editor,https://aderyn.cyfrin.io/overview,,https://github.com/Cyfrin/aderyn,,GitHub API,https://github.com/Cyfrin/aderyn,False,False,False
tool_97af4d789f00a8db,jadx-mcp-server,MCP server for JADX-AI Plugin,https://github.com/zinja-coder/jadx-mcp-server,,https://github.com/zinja-coder/jadx-mcp-server,,GitHub API,https://github.com/zinja-coder/jadx-mcp-server,False,False,False
tool_1bfcd43334bc189f,line-bot-mcp-server,MCP server that integrates the LINE Messaging API to connect an AI Agent to the LINE Official Account.,https://github.com/line/line-bot-mcp-server,,https://github.com/line/line-bot-mcp-server,,GitHub API,https://github.com/line/line-bot-mcp-server,False,False,False
tool_d9f3b04806866d0f,memorix,"Open-source cross-agent memory layer for coding agents via MCP. Compatible with Claude Code, Codex, Cursor, Windsurf, Gemini CLI, Antigravity, OpenClaw, Hermes Agent, Oh-my-Pi, Pi, Copilot, Kiro, OpenCode, and Trae.",https://mem.rglens.com,,https://github.com/AVIDS2/memorix,,GitHub API,https://github.com/AVIDS2/memorix,False,False,False
tool_affbcf93485c5c9c,flux-operator,GitOps on Autopilot Mode,https://fluxoperator.dev,,https://github.com/controlplaneio-fluxcd/flux-operator,,GitHub API,https://github.com/controlplaneio-fluxcd/flux-operator,False,False,False
tool_db037e697a6a6fcd,comfyui-mcp,"Local-first, agent-native control plane for ComfyUI — MCP server + sidebar agent that generates images, video & audio, authors and runs workflows, and edits your live graph in natural language on ANY LLM (Claude, ChatGPT, Gemini, offline Ollama, or any hosted model). 178 tools, 36 AI skills, 55 installer packs. Local, LAN, VPS, or Comfy Cloud.",https://comfyui-mcp.artokun.io/docs,,https://github.com/artokun/comfyui-mcp,,GitHub API,https://github.com/artokun/comfyui-mcp,False,False,False
tool_eb844598e055791c,minecraft-mcp-server,"A Minecraft MCP Server powered by Mineflayer API. It allows to control a Minecraft character in real-time, allowing AI assistants to build structures, explore the world, and interact with the game environment through natural language instruction",https://yuniko.software/mcp-server,,https://github.com/yuniko-software/minecraft-mcp-server,,GitHub API,https://github.com/yuniko-software/minecraft-mcp-server,False,False,False
tool_ba90b6d7d46355bd,codanna,Local code intelligence MCP server and CLI for AI coding agents,https://docs.codanna.sh,,https://github.com/bartolli/codanna,,GitHub API,https://github.com/bartolli/codanna,False,False,False
tool_e1adb85d7140247c,GhidrAssistMCP,An native MCP server extension for Ghidra,https://github.com/symgraph/GhidrAssistMCP,,https://github.com/symgraph/GhidrAssistMCP,,GitHub API,https://github.com/symgraph/GhidrAssistMCP,False,False,False
tool_a5dc75a0df94f6e8,storybloq,"Project memory and workflows for Claude Code and Codex. Keep stories, plans, handovers, and review evidence in your repo. Resume across sessions and follow progress in the Mac app.",https://storybloq.com,,https://github.com/Storybloq/storybloq,,GitHub API,https://github.com/Storybloq/storybloq,False,False,False
tool_670c1f117158d9cf,capa,"One capabilities.yaml wires skills, tools, rules, sub-agents, MCP servers, and plugins into Cursor, Claude Code, Codex, Windsurf, GitHub Copilot, and 30+ other AI coding agents",https://capa.sh,,https://github.com/infragate/capa,,GitHub API,https://github.com/infragate/capa,False,False,False
tool_5623ae3218697888,mcp-server-excel,"Automate real Microsoft Excel with AI via MCP Server or CLI — Power Query, DAX, VBA, PivotTables, charts, and 326 operations.",https://excelmcpserver.dev,,https://github.com/sbroenne/mcp-server-excel,,GitHub API,https://github.com/sbroenne/mcp-server-excel,False,False,False
tool_fef197dd94edc28c,mcpcan,"MCPCAN is a centralized management platform for MCP services. It deploys each MCP service using a container deployment method. The platform supports container monitoring and MCP service token verification, solving security risks and enabling rapid deployment of MCP services. It uses SSE, STDIO, and STREAMABLEHTTP access protocols to deploy MCP。",https://mcpcan.com,,https://github.com/Kymo-MCP/mcpcan,,GitHub API,https://github.com/Kymo-MCP/mcpcan,False,False,False
tool_529c0c1b1b2a44d6,memora,"Give your AI agents persistent, collective memory — with deduplicating absorb, supersession lineage, semantic search, and a graph UI. Speaks MCP.",https://github.com/agentic-box/memora,,https://github.com/agentic-box/memora,,GitHub API,https://github.com/agentic-box/memora,False,False,False
tool_6f12fdb61ca9996b,mcp-server-elasticsearch,,https://elastic.co/elasticsearch,,https://github.com/elastic/mcp-server-elasticsearch,,GitHub API,https://github.com/elastic/mcp-server-elasticsearch,False,False,False
tool_e45c05b1f802c8b8,mcp-google-ads,"An MCP tool that connects Google Ads with Claude AI/Cursor and others, allowing you to analyze your advertising data through natural language conversations. This integration gives you access to campaign information, performance metrics, keyword analytics, and ad management—all through simple chat with Claude, Cursor or Windsurf.",https://ixigo.tech,,https://github.com/cohnen/mcp-google-ads,,GitHub API,https://github.com/cohnen/mcp-google-ads,False,False,False
tool_36ad8442f9e3c899,Konnect,"AI-assisted PCB design for KiCAD 10. Native KiCAD plugin — a single Rust binary exposing 217 schematic, layout, routing, placement, design-review, and manufacturing tools to Claude, or the LLM of your choosing",https://github.com/mixelpixx/Konnect,,https://github.com/mixelpixx/Konnect,,GitHub API,https://github.com/mixelpixx/Konnect,False,False,False
tool_5f3bf758348af97f,elementor-mcp,"WordPress plugin that turns Elementor & WordPress into an MCP server. 200+ AI-ready tools for building, editing, and managing page designs programmatically.",https://emcptools.com,,https://github.com/msrbuilds/elementor-mcp,,GitHub API,https://github.com/msrbuilds/elementor-mcp,False,False,False
tool_decfe6899c6fabb7,stashbase,"An open-source, local-first writing workspace where you can write with Claude Code and Codex, drawing on your own sources and past work.",https://stashbase.ai,,https://github.com/liliu-z/stashbase,,GitHub API,https://github.com/liliu-z/stashbase,False,False,False
tool_1f53fdea49e5e273,swarmvault,"The local-first LLM Wiki: open-source knowledge graph builder, RAG knowledge base, and agent memory store. Built on Andrej Karpathy's pattern. An Obsidian alternative for personal knowledge management, AI second brain, and durable Claude Code / Codex / OpenClaw memory.",https://swarmvault.ai,,https://github.com/swarmclawai/swarmvault,,GitHub API,https://github.com/swarmclawai/swarmvault,False,False,False
tool_1bf165be66bc1d7e,okf-agent-memory,"Git-native persistent memory for AI coding agents. Implements Google OKF v0.2 with sub-300µs in-memory BM25 search, embedded MCP server, and progressive disclosure. Slashes token bloat by 80% with zero external databases or dependencies. Built in pure Go.",https://okf-memory.dev,,https://github.com/okf-memory/okf-agent-memory,,GitHub API,https://github.com/okf-memory/okf-agent-memory,False,False,False
tool_527619d501ff5886,wcgw,Shell and coding agent on mcp clients,https://github.com/rusiaaman/wcgw,,https://github.com/rusiaaman/wcgw,,GitHub API,https://github.com/rusiaaman/wcgw,False,False,False
tool_7476d01979b660bd,cclsp,Claude Code LSP: enhance your Claude Code experience with non-IDE dependent LSP integration.,https://npmjs.com/package/cclsp,,https://github.com/ktnyt/cclsp,,GitHub API,https://github.com/ktnyt/cclsp,False,False,False
tool_b2fbe70ae2c7ca0b,maverick-mcp,MaverickMCP - Personal Stock Analysis MCP Server,https://sethhobson.com,,https://github.com/wshobson/maverick-mcp,,GitHub API,https://github.com/wshobson/maverick-mcp,False,False,False
tool_b50a9a9d9b33f75d,swarmclaw,"Open-source self-hosted AI agent runtime and multi-agent framework for autonomous agent swarms. Agent memory, MCP tools, schedules, delegation, and 23+ LLM providers (Claude, GPT, Gemini, OpenRouter, Ollama). A practical Claude Code and LangChain alternative.",https://swarmclaw.ai,,https://github.com/swarmclawai/swarmclaw,,GitHub API,https://github.com/swarmclawai/swarmclaw,False,False,False
tool_8d936fb5e9a0a2b0,claude-talk-to-figma-mcp,"A Model Context Protocol (MCP) that allows Claude Desktop and other AI tools (Claude Code, Cursor, Antigravity, etc.) to read, analyze, and modify Figma designs",https://github.com/arinspunk/claude-talk-to-figma-mcp,,https://github.com/arinspunk/claude-talk-to-figma-mcp,,GitHub API,https://github.com/arinspunk/claude-talk-to-figma-mcp,False,False,False
tool_4a5a4a84d6abacd4,innoshop,"InnoShop is an AI-powered open source e-commerce system built on Laravel 13. It supports multiple AI models and native MCP (Model Context Protocol) for intelligent automation, with multi-language and multi-currency out of the box. Modular architecture and flexible plugin/theme system make it highly adaptable to diverse business needs.",https://innoshop.com,,https://github.com/innocommerce/innoshop,,GitHub API,https://github.com/innocommerce/innoshop,False,False,False
tool_3df1991b2ae0463b,rustunnel,"Self-hosted, secure tunnel server in Rust. Expose local HTTP/HTTPS/TCP/UDP services to the public internet via TLS-encrypted WebSocket. Open-source, pay-as-you-go managed option, MCP server for AI agents.",https://rustunnel.com,,https://github.com/joaoh82/rustunnel,,GitHub API,https://github.com/joaoh82/rustunnel,False,False,False
tool_a500eece97866fe6,Advanced_RAG,"Advanced Retrieval-Augmented Generation (RAG) through practical  notebooks, using the power of the Langchain, OpenAI GPTs ,META LLAMA3 ,Agents.",https://github.com/NisaarAgharia/Advanced_RAG,,https://github.com/NisaarAgharia/Advanced_RAG,,GitHub API,https://github.com/NisaarAgharia/Advanced_RAG,False,False,False
tool_2b9650774c71e723,ArkhamMirror,Local-first AI-powered document intelligence platform for investigative journalism,https://github.com/mantisfury/ArkhamMirror,,https://github.com/mantisfury/ArkhamMirror,,GitHub API,https://github.com/mantisfury/ArkhamMirror,False,False,False
tool_2db67cd384975fa6,bytedesk,"Open Souce IM with AI powered live-chat, email, ticket support, omni-channel customer service，alternative to slack + zendesk/intercom/hubspot/ada/decagon/sierra",https://bytedesk.com/en,,https://github.com/Bytedesk/bytedesk,,GitHub API,https://github.com/Bytedesk/bytedesk,False,False,False
tool_b04df187ea59033d,bedrock-engineer,"Universal AI Agent using Amazon Bedrock, capable of customize to create/edit files, execute commands, search the web, use knowledge base, use multi-agents, generative images and more.",https://speakerdeck.com/gawa/introducing-bedrock-engineer-en,,https://github.com/aws-samples/bedrock-engineer,,GitHub API,https://github.com/aws-samples/bedrock-engineer,False,False,False
tool_d0aef4529de61a54,chipper,"✨ AI interface for tinkerers (Ollama, Haystack RAG, Python)",https://chipper.tilmangriesel.com,,https://github.com/TilmanGriesel/chipper,,GitHub API,https://github.com/TilmanGriesel/chipper,False,False,False
tool_d382c313a587b49b,Large-Language-Models,"xLLM 1.0, smart crawling, knowledge graph discovery.",https://bondingai.io,,https://github.com/VincentGranville/Large-Language-Models,,GitHub API,https://github.com/VincentGranville/Large-Language-Models,False,False,False
tool_2e5e517c9b2f686e,rag-all-techniques,Implementation of all RAG techniques in a simpler way（以简单的方式实现所有 RAG 技术）,https://github.com/liu673/rag-all-techniques,,https://github.com/liu673/rag-all-techniques,,GitHub API,https://github.com/liu673/rag-all-techniques,False,False,False
tool_6a26f1b63044c5f8,markdown-crawler,"A multithreaded 🕸️ web crawler that recursively crawls a website and creates a 🔽 markdown file for each page, designed for LLM RAG",https://pypi.org/project/markdown-crawler,,https://github.com/paulpierre/markdown-crawler,,GitHub API,https://github.com/paulpierre/markdown-crawler,False,False,False
tool_7e44f2990bebae7f,askimo,"AI Client for chat, RAG, Skills, MCP tools, and agents. Support multiple LLMs (Anthropic, OpenAI, VertexAI, vLLM, Nvidia NIM, Gemini, OpenRouter)",https://askimo.chat,,https://github.com/askimo-ai/askimo,,GitHub API,https://github.com/askimo-ai/askimo,False,False,False
tool_6afb71ac3539758c,rag,🚀 Retrieval Augmented Generation (RAG) with txtai. Combine search and LLMs to find insights with your own data.,https://github.com/neuml/rag,,https://github.com/neuml/rag,,GitHub API,https://github.com/neuml/rag,False,False,False
tool_85fff12729f047cd,premsql,End-to-End Local-First Text-to-SQL Pipelines,https://docs.premai.io/premsql/introduction,,https://github.com/premAI-io/premsql,,GitHub API,https://github.com/premAI-io/premsql,False,False,False
tool_6516007ee18b5b48,EgoLife,[CVPR 2025] EgoLife: Towards Egocentric Life Assistant,https://egolife-ai.github.io,,https://github.com/EvolvingLMMs-Lab/EgoLife,,GitHub API,https://github.com/EvolvingLMMs-Lab/EgoLife,False,False,False
tool_d161e99ba4152546,Paper-Agent,Paper-Agent 是一个面向科研人员和学生的智能论文检索与调研工具。项目基于多智能体协作架构（LangGraph），通过自然语言处理（NLP）、自动化搜索，帮助用户高效查找学术论文、分析文献内容，并进行论文调研。Paper-Agent 支持多平台集成、关键词搜索、自动分析、论文调研，提升了学术研究的效率。适用于论文写作、学术调研、科研项目管理等多种场景，是学术调研的理想助手。,https://github.com/Tswoen/Paper-Agent,,https://github.com/Tswoen/Paper-Agent,,GitHub API,https://github.com/Tswoen/Paper-Agent,False,False,False
tool_1a81eae636499cfe,solon-ai,"Java AI application development framework (supports LLM-tool,skill; RAG; MCP; Agent-ReAct,Team-Agent). Compatible with java8 ~ java26. It can also be embedded in SpringBoot, jFinal, Vert.x, Quarkus, and other frameworks.",https://solon.noear.org,,https://github.com/opensolon/solon-ai,,GitHub API,https://github.com/opensolon/solon-ai,False,False,False
tool_4bbc1d37bb39a5bf,LightningRAG,"LightningRAG is a full-stack Vue + Gin starter with a decoupled frontend and backend, plus built-in, extensible RAG (retrieval-augmented generation): knowledge bases, vector search, and integrations with many LLM and vector-store providers",https://lightningrag.com,,https://github.com/LightningRAG/LightningRAG,,GitHub API,https://github.com/LightningRAG/LightningRAG,False,False,False
tool_e3ef6600d49eca1c,MindSQL,"MindSQL: A Python Text-to-SQL RAG Library simplifying database interactions. Seamlessly integrates with PostgreSQL, MySQL, SQLite, Snowflake, and BigQuery. Powered by GPT-4 and Llama 2, it enables natural language queries. Supports ChromaDB and Faiss for context-aware responses.",https://mindinventory.com/text-to-sql-mindsql.php?utm_id=sampromotion,,https://github.com/Mindinventory/MindSQL,,GitHub API,https://github.com/Mindinventory/MindSQL,False,False,False
tool_02364b04e1458862,RAGNotebook,基于LangChain、FastAPI和React的RAG项目，主分支为基于知识图谱的知识管理平台，base-rag分支为开箱即用的基础RAG项目供学习使用,https://github.com/RMA-MUN/RAGNotebook,,https://github.com/RMA-MUN/RAGNotebook,,GitHub API,https://github.com/RMA-MUN/RAGNotebook,False,False,False
tool_451ce004aa9d6fe7,beever-atlas,Your First LLM-Wiki Conversation Knowledge Base,https://docs.beever.ai/atlas,,https://github.com/Beever-AI/beever-atlas,,GitHub API,https://github.com/Beever-AI/beever-atlas,False,False,False
tool_6af5006fe02b83b2,ocular,AI Powered Search and Chat for Orgs - Think ChatGPT meets Google Search but powered by your data.,https://useocular.com,,https://github.com/OcularEngineering/ocular,,GitHub API,https://github.com/OcularEngineering/ocular,False,False,False
tool_142ecfda63f4af78,mlx-embeddings,MLX-Embeddings is the best package for running Vision and Language Embedding models locally on your Mac using MLX.,https://github.com/Blaizzy/mlx-embeddings,,https://github.com/Blaizzy/mlx-embeddings,,GitHub API,https://github.com/Blaizzy/mlx-embeddings,False,False,False
tool_56bec3519da1bae3,ratel,Context engineering for AI agents. ~80% fewer tokens. Fix tool overload. Skills and memory with in-process BM25 and semantic retrieval. Progressive Disclosure. No vector DB.,https://ratel.sh,,https://github.com/ratel-ai/ratel,,GitHub API,https://github.com/ratel-ai/ratel,False,False,False
tool_3e1ce1f6fa1070e3,ai4j,"Java 8+ agentic SDK: unified LLM access (OpenAI/Anthropic/DashScope/Doubao/DeepSeek...), Tool Calling, MCP, RAG, Agent Runtime, and a built-in Coding Agent CLI/TUI/ACP.",https://lnyo-cly.github.io/ai4j,,https://github.com/LnYo-Cly/ai4j,,GitHub API,https://github.com/LnYo-Cly/ai4j,False,False,False
tool_bfc19286e6a0d744,graphrag-visualizer,A web-based tool for visualizing and exploring artifacts from Microsoft's GraphRAG.,https://noworneverev.github.io/graphrag-visualizer,,https://github.com/noworneverev/graphrag-visualizer,,GitHub API,https://github.com/noworneverev/graphrag-visualizer,False,False,False
tool_3cc12baabeb1ca13,dive-into-spring-ai,《动手学SpringAI》包含SSE流/Agent智能体/知识图谱RAG/FunctionCall/历史消息/图片生成/图片理解/Embedding/VectorDatabase/RAG,https://jarcheng.top/blog/project/spring-ai/intro.html,,https://github.com/qifan777/dive-into-spring-ai,,GitHub API,https://github.com/qifan777/dive-into-spring-ai,False,False,False
tool_b10b7e4cf7f62087,ruoyi-web,"RuoYi-AI user frontend for AI conversations, agent interactions, and knowledge-base Q&A.",https://web.ruoyiai.chat,,https://github.com/ageerle/ruoyi-web,,GitHub API,https://github.com/ageerle/ruoyi-web,False,False,False
tool_2d77f7104b85447d,chonky,Fully neural approach for text chunking,https://github.com/mirth/chonky,,https://github.com/mirth/chonky,,GitHub API,https://github.com/mirth/chonky,False,False,False
tool_a64f36670db1d0ab,mdflux,"Turn any document into clean, AI-ready Markdown. Local-first desktop app: reads scanned PDFs, batches folders, runs offline, and uses far fewer tokens than vision models.",https://ibrahimqureshae.github.io/mdflux,,https://github.com/ibrahimqureshae/mdflux,,GitHub API,https://github.com/ibrahimqureshae/mdflux,False,False,False
tool_5f3c75f05ce9d744,mcp-apple-notes,Talk with your notes in Claude. RAG over your Apple Notes using Model Context Protocol.,https://rwilinski.ai,,https://github.com/RafalWilinski/mcp-apple-notes,,GitHub API,https://github.com/RafalWilinski/mcp-apple-notes,False,False,False
tool_18453c0f352b2124,WenShape,WenShape文枢(原NOVIX写作):深度上下文感知的智能体小说创作系统/A Deep Context-Aware Agent-Based Novel Creation System,https://wenshape.cn,,https://github.com/unitagain/WenShape,,GitHub API,https://github.com/unitagain/WenShape,False,False,False
tool_8b6ec73a6cc7943e,prompt-cache,"Cut LLM costs by up to 80% and unlock sub-millisecond responses with intelligent semantic caching.A drop-in, provider-agnostic LLM proxy written in Go with sub-millisecond response",https://messkan.github.io/prompt-cache,,https://github.com/messkan/prompt-cache,,GitHub API,https://github.com/messkan/prompt-cache,False,False,False
tool_99e4428e4a8e85b5,easy-vecdb,📚 从零开始的向量数据库原理与实践教程，在线阅读地址：https://easy-vecdb.datawhale.cc/,https://datawhalechina.github.io/easy-vecdb,,https://github.com/datawhalechina/easy-vecdb,,GitHub API,https://github.com/datawhalechina/easy-vecdb,False,False,False
tool_288effbc706b010a,local-assistant-examples,Build your own ChatPDF and run it locally,https://blog.duy-huynh.com/build-your-own-rag-and-run-them-locally,,https://github.com/vndee/local-assistant-examples,,GitHub API,https://github.com/vndee/local-assistant-examples,False,False,False
tool_b05f333a406cbefa,open-rag-eval,"RAG evaluation without the need for ""golden answers""",https://github.com/vectara/open-rag-eval,,https://github.com/vectara/open-rag-eval,,GitHub API,https://github.com/vectara/open-rag-eval,False,False,False
tool_16adbadb0feddae7,vision-is-all-you-need,Serverless Modal + FastAPI + React + ColPali + Qdrant + GPT4o Vision RAG (V-RAG) Demo,https://softlandia-ltd-prod--vision-is-all-you-need-web.modal.run,,https://github.com/Softlandia-Ltd/vision-is-all-you-need,,GitHub API,https://github.com/Softlandia-Ltd/vision-is-all-you-need,False,False,False
tool_3d115c8870688a7d,tiger,"Open Source LLM toolkit to build trustworthy LLM applications. TigerArmor (AI safety), TigerRAG (embedding, RAG), TigerTune (fine-tuning)",https://tigerlab.ai,,https://github.com/tigerlab-ai/tiger,,GitHub API,https://github.com/tigerlab-ai/tiger,False,False,False
tool_6f9c4262f1fecf6b,mcp-local-rag,"Local-first RAG server for developers. Semantic + keyword search for code and technical docs. Works with MCP or CLI. Fully private, zero setup.",https://github.com/shinpr/mcp-local-rag,,https://github.com/shinpr/mcp-local-rag,,GitHub API,https://github.com/shinpr/mcp-local-rag,False,False,False
tool_1ce0268986c002e3,Master-skill,"FoJin-powered Buddhist AI persona framework — source-grounded, boundary-aware, fidelity-tested, runtime-ready.",https://fojin.app/chat,,https://github.com/xr843/Master-skill,,GitHub API,https://github.com/xr843/Master-skill,False,False,False
tool_43ddbca39d104023,quick-start-guide-to-llms,"The Official Repo for ""Quick Start Guide to Large Language Models""",https://amazon.com/Quick-Start-Guide-Language-Models-dp-0135346568/dp/0135346568,,https://github.com/sinanuozdemir/quick-start-guide-to-llms,,GitHub API,https://github.com/sinanuozdemir/quick-start-guide-to-llms,False,False,False
tool_06300c4f1cec3be2,super-rag,"Super performant RAG pipelines for AI apps. Summarization, Retrieve/Rerank and Code Interpreters in one simple API.",https://docs.superagent.sh,,https://github.com/superagent-ai/super-rag,,GitHub API,https://github.com/superagent-ai/super-rag,False,False,False
tool_fa959f7bdec40b94,llms_paper,该仓库主要记录 LLMs 算法工程师相关的顶会论文研读笔记（多模态、PEFT、小样本QA问答、RAG、LMMs可解释性、Agents、CoT）,https://github.com/km1994/llms_paper,,https://github.com/km1994/llms_paper,,GitHub API,https://github.com/km1994/llms_paper,False,False,False
tool_3633db47b304cb59,blog,:memo: 记录个人博客，见证成长之路  https://wangtunan.github.io/blog/,https://github.com/wangtunan/blog,,https://github.com/wangtunan/blog,,GitHub API,https://github.com/wangtunan/blog,False,False,False
tool_b6cd4a87e3cbc1c1,adaptive-chunking,Adaptive Chunking: automatically select the best chunking method per document for RAG. Accepted at LREC 2026.,https://github.com/ekimetrics/adaptive-chunking,,https://github.com/ekimetrics/adaptive-chunking,,GitHub API,https://github.com/ekimetrics/adaptive-chunking,False,False,False
tool_9eae7977065ab4f9,EpsteinFiles-RAG,A RAG pipeline implementation built on the 'Epstein Files 20K' dataset from Hugging Face (Teyler).,https://github.com/AnkitNayak-dev/EpsteinFiles-RAG,,https://github.com/AnkitNayak-dev/EpsteinFiles-RAG,,GitHub API,https://github.com/AnkitNayak-dev/EpsteinFiles-RAG,False,False,False
tool_02158e6e4eee78f3,advanced-rag,Jupyter Notebooks for Mastering LLM with Advanced RAG Course,https://github.com/guyernest/advanced-rag,,https://github.com/guyernest/advanced-rag,,GitHub API,https://github.com/guyernest/advanced-rag,False,False,False
tool_95aac445e03f39f3,NanoLLM,"Optimized local inference for LLMs with HuggingFace-like APIs for quantization, vision/language models, multimodal agents, speech, vector DB, and RAG.",https://dusty-nv.github.io/NanoLLM,,https://github.com/dusty-nv/NanoLLM,,GitHub API,https://github.com/dusty-nv/NanoLLM,False,False,False
tool_3e9c4a9e429136a8,datalinkx,🔥🔥DatalinkX异构数据源之间的数据同步系统，支持海量数据的增量或全量同步，同时支持HTTP、Oracle、MySQL、ES等数据源之间的数据流转，支持中间transform算子如SQL算子、大模型算子，底层依赖Flink、Seatunnel引擎，提供流转任务管理、任务级联配置、任务日志采集等功能🔥🔥,https://github.com/spitfireuptown/datalinkx,,https://github.com/spitfireuptown/datalinkx,,GitHub API,https://github.com/spitfireuptown/datalinkx,False,False,False
tool_911a8df2b980363d,ai-localbase,一个本地优先的AI知识库系统（RAG），用于把本地文档接入辅导搜索与大模型对话流程。目前支持md、txt、pdf（文本）、xlsx、cvs类型。支持mcp服务,https://github.com/veyliss/ai-localbase,,https://github.com/veyliss/ai-localbase,,GitHub API,https://github.com/veyliss/ai-localbase,False,False,False
tool_f5ef11c310158795,deepdive,"Deepdive skill for Claude Code — 12-phase research pipeline: plan-review gate, parallel sub-agent search, claims-ledger triangulation with dissent protection, relevance × authority evidence filter, multi-angle red team, four-layer citation verification. 105 blocks, 29 channels, 460+ stat sources, 47 APIs, 1072 verified endpoints.",https://socialpranker.github.io/deepdive,,https://github.com/Socialpranker/deepdive,,GitHub API,https://github.com/Socialpranker/deepdive,False,False,False
tool_aa8554f20b09745b,pdf2md,Browser based tool to convert PDFs to Markdown,https://pdftomarkdown.co,,https://github.com/mrmps/pdf2md,,GitHub API,https://github.com/mrmps/pdf2md,False,False,False
tool_699ec832fdc8ecd5,mine-ai,"Open-source reference implementations for AI-enabled payment security, blockchain fraud detection, and AML/CFT compliance reasoning.",https://github.com/mine-ai-xyz/mine-ai,,https://github.com/mine-ai-xyz/mine-ai,,GitHub API,https://github.com/mine-ai-xyz/mine-ai,False,False,False
tool_fca38425e7dc828a,NovelClaw,"Dynamic-memory-first collaborative AI framework for long-form story generation, chapter planning, and coherent narrative writing",https://hitsz-ds.github.io/CoLong-Idea-Studio,,https://github.com/iLearn-Lab/NovelClaw,,GitHub API,https://github.com/iLearn-Lab/NovelClaw,False,False,False
tool_8a17746bca7a2624,VectorDB-Plugin,Program that lets you ask questions about your documents and audio or video files.,https://youtube.com/@AI_For_Lawyers,,https://github.com/BBC-Esq/VectorDB-Plugin,,GitHub API,https://github.com/BBC-Esq/VectorDB-Plugin,False,False,False
tool_025279579b6f199c,DataMate,DataMate is an enterprise-level data processing platform designed for model fine-tuning and RAG retrieval.,https://github.com/ModelEngine-Group/DataMate,,https://github.com/ModelEngine-Group/DataMate,,GitHub API,https://github.com/ModelEngine-Group/DataMate,False,False,False
tool_c1af03c6df83adcf,chonkiejs,"🦛 CHONK your texts with Chonkie ✨ Type-friendly, light-weight, fast and super-simple chunking library",https://chonkie.ai,,https://github.com/feyninc/chonkiejs,,GitHub API,https://github.com/feyninc/chonkiejs,False,False,False
tool_d805d24dea8a1d96,open-assistant-api,"The Open Assistant API is a ready-to-use, open-source, self-hosted agent/gpts orchestration creation framework, supporting customized extensions for LLM, RAG, function call, and tools capabilities. It also supports seamless integration with the openai/langchain sdk.",https://github.com/MLT-OSS/open-assistant-api,,https://github.com/MLT-OSS/open-assistant-api,,GitHub API,https://github.com/MLT-OSS/open-assistant-api,False,False,False
tool_7b1dcaf41533f9fe,iq-series,"The IQ Series is a hands-on learning experience for Microsoft IQ: Microsoft's unified intelligence layer for the enterprise, spanning Foundry IQ, Work IQ, and Fabric IQ. The series includes video episodes, Jupyter notebooks, and Azure deployment templates.",https://aka.ms/iq-series,,https://github.com/microsoft/iq-series,,GitHub API,https://github.com/microsoft/iq-series,False,False,False
tool_d588885ce61434ce,nextcloud-mcp-server,Nextcloud MCP Server,https://github.com/cbcoutinho/nextcloud-mcp-server,,https://github.com/cbcoutinho/nextcloud-mcp-server,,GitHub API,https://github.com/cbcoutinho/nextcloud-mcp-server,False,False,False
tool_fcfcc4ed2c972f0b,LastChat,A Fork of Rikkahub with an overhauled UI and feature additions,https://github.com/Cocolalilal/LastChat,,https://github.com/Cocolalilal/LastChat,,GitHub API,https://github.com/Cocolalilal/LastChat,False,False,False
tool_654635d79165d32e,colpali-cookbooks,"Recipes for learning, fine-tuning, and adapting ColPali to your multimodal RAG use cases. 👨🏻‍🍳",https://huggingface.co/vidore,,https://github.com/tonywu71/colpali-cookbooks,,GitHub API,https://github.com/tonywu71/colpali-cookbooks,False,False,False
tool_f392dc707f60582f,VESTI,"Local-first AI conversation memory hub to capture, search, summarize, and export chats across major AI platforms. 本地优先的 AI 对话记忆与知识中台。",https://github.com/abraxas914/VESTI,,https://github.com/abraxas914/VESTI,,GitHub API,https://github.com/abraxas914/VESTI,False,False,False
tool_065ead0c49615d29,Knowledge-Base-Self-Hosting-Kit,"A Docker-powered RAG system that understands the difference between code and prose. Ingest your codebase and documentation, then query them with full privacy and zero configuration.",https://github.com/2dogsandanerd/Knowledge-Base-Self-Hosting-Kit,,https://github.com/2dogsandanerd/Knowledge-Base-Self-Hosting-Kit,,GitHub API,https://github.com/2dogsandanerd/Knowledge-Base-Self-Hosting-Kit,False,False,False
tool_eeeadddc46ecd673,Argus,🌱 Argus 是一个基于 RAG 架构的开源知识库平台，后端采用 Java 21 + Spring Boot + MyBatis-Plus + PostgreSQL/pgvector，前端采用 Vue 3 + TypeScript + Element Plus，AI 层基于 Spring AI Alibaba（通义千问）+ ReactAgent 图引擎，以 MinIO + Elasticsearch 为存储与检索引擎。,https://github.com/DevYangJC/Argus,,https://github.com/DevYangJC/Argus,,GitHub API,https://github.com/DevYangJC/Argus,False,False,False
tool_9e923ac19a702e3b,ThinkRAG,A LLM RAG system runs on your laptop.  大模型检索增强生成系统，可以轻松部署在笔记本电脑上，实现本地知识库智能问答。,https://github.com/wzdavid/ThinkRAG,,https://github.com/wzdavid/ThinkRAG,,GitHub API,https://github.com/wzdavid/ThinkRAG,False,False,False
tool_5d528a21590ffaf4,orbit,"Self-hosted AI gateway for private RAG, natural-language data access, and tool-calling agents.",https://github.com/schmitech/orbit,,https://github.com/schmitech/orbit,,GitHub API,https://github.com/schmitech/orbit,False,False,False
tool_1252cc878b5c8e64,mindpocket,"Open-source, free, multi-platform, one-click deploy, AI Agent–integrated personal bookmarking system｜完全开源、免费、多端、一键部署、AI Agent 集成的个人收藏夹系统",https://mindpocket.top,,https://github.com/jihe520/mindpocket,,GitHub API,https://github.com/jihe520/mindpocket,False,False,False
tool_a2ed58c4caf876e3,TinyLLM,Setup and run a local LLM and Chatbot using consumer grade hardware.,https://github.com/jasonacox/TinyLLM,,https://github.com/jasonacox/TinyLLM,,GitHub API,https://github.com/jasonacox/TinyLLM,False,False,False
tool_8a45c389a0d82bd9,cymbal-air-toolbox-demo,"Demo of a customer service agent (Cymbal Air) using LangGraph, Tools, and RAG to interact with Google Cloud Databases via MCP Toolbox.",https://github.com/GoogleCloudPlatform/cymbal-air-toolbox-demo,,https://github.com/GoogleCloudPlatform/cymbal-air-toolbox-demo,,GitHub API,https://github.com/GoogleCloudPlatform/cymbal-air-toolbox-demo,False,False,False
tool_e663725354f2954f,palico-ai,"Build, Improve Performance, and Productionize your AI Application",https://palico.ai,,https://github.com/palico-ai/palico-ai,,GitHub API,https://github.com/palico-ai/palico-ai,False,False,False
tool_382c15319a3cc831,fojin,"Buddhist Digital Text Platform — 10,500+ texts, 613 sources, trilingual cross-canon, AI Q&A (RAG), knowledge graph, full-text search",https://fojin.app,,https://github.com/xr843/fojin,,GitHub API,https://github.com/xr843/fojin,False,False,False
tool_44e055211c6a5aec,documentation-helper,"Reference implementation of a RAG-based documentation helper using LangChain, Pinecone, and Tavily..",https://udemy.com/course/langchain,,https://github.com/emarco177/documentation-helper,,GitHub API,https://github.com/emarco177/documentation-helper,False,False,False
tool_5a68937c8f511d8c,rag-all-in-one,🧠 Guide to Building RAG (Retrieval-Augmented Generation) Applications,https://linkedin.com/in/long-le-713b41111,,https://github.com/lehoanglong95/rag-all-in-one,,GitHub API,https://github.com/lehoanglong95/rag-all-in-one,False,False,False
tool_9749d6d4df0d6649,XRAG,XRAG: eXamining the Core - Benchmarking Foundational Component Modules in Advanced Retrieval-Augmented Generation,https://docailab.github.io/XRAG,,https://github.com/DocAILab/XRAG,,GitHub API,https://github.com/DocAILab/XRAG,False,False,False
tool_92c108a361473826,Agentic-Desktop-Pet,🤖👾🐶 下一代 Agentic 桌宠 = LLM + 记忆 + 情感 + RPG + Claude Code Next Gen Agentic Desktop Pet = LLM + Memory + Emotion + RPG + Claude Code,https://github.com/jihe520/Agentic-Desktop-Pet,,https://github.com/jihe520/Agentic-Desktop-Pet,,GitHub API,https://github.com/jihe520/Agentic-Desktop-Pet,False,False,False
tool_b8d5e2021ea81920,arag,"A-RAG: Agentic Retrieval-Augmented Generation via Hierarchical Retrieval Interfaces. State-of-the-art RAG framework with keyword, semantic, and chunk read tools for multi-hop QA.",https://agentresearchlab.org/agents/a-rag,,https://github.com/Ayanami0730/arag,,GitHub API,https://github.com/Ayanami0730/arag,False,False,False
tool_ba2747ee896325ba,arcana,Embeddable RAG library for Elixir/Phoenix with agentic pipelines and dashboard,https://hexdocs.pm/arcana,,https://github.com/georgeguimaraes/arcana,,GitHub API,https://github.com/georgeguimaraes/arcana,False,False,False
tool_5fa842a3db480776,txtchat,⚡ Local chat assistants with AI superpowers,https://github.com/neuml/txtchat,,https://github.com/neuml/txtchat,,GitHub API,https://github.com/neuml/txtchat,False,False,False
tool_eb90714b89a74729,ai-legal-compliance-assistant,"AI-powered legal compliance assistant for alcohol beverage pricing laws — extracts, analyzes, and explains New York state-level regulationsusing RAG + knowledge-graph reasoning.",http://0.0.0.0:8000,,https://github.com/Ramseygithub/ai-legal-compliance-assistant,,GitHub API,https://github.com/Ramseygithub/ai-legal-compliance-assistant,False,False,False
tool_5c989d9486c8bba6,Instrukt,"Integrated AI environment in the terminal. Build, test and instruct agents.",https://blob42.github.io/Instrukt,,https://github.com/blob42/Instrukt,,GitHub API,https://github.com/blob42/Instrukt,False,False,False
tool_7b39b73770d82b82,tonic_validate,Metrics to evaluate the quality of responses of your Retrieval Augmented Generation (RAG) applications.,https://docs.tonic.ai/validate,,https://github.com/TonicAI/tonic_validate,,GitHub API,https://github.com/TonicAI/tonic_validate,False,False,False
tool_259237eb9725e1b6,leanctx,"Drop-in prompt compression for production LLM apps. Cut your token bill 40-60% without changing your code. Python SDK, LLMLingua-2, MIT.",https://github.com/jia-gao/leanctx,,https://github.com/jia-gao/leanctx,,GitHub API,https://github.com/jia-gao/leanctx,False,False,False
tool_444e5a90e7d10bd9,go-rag,基于eino+gf+vue实现知识库的rag,https://github.com/wangle201210/go-rag,,https://github.com/wangle201210/go-rag,,GitHub API,https://github.com/wangle201210/go-rag,False,False,False
tool_911b294e06ed5564,VecturaKit,Swift-based vector database for on-device RAG using MLTensor and MLX Embedders,https://github.com/rryam/VecturaKit,,https://github.com/rryam/VecturaKit,,GitHub API,https://github.com/rryam/VecturaKit,False,False,False
tool_24818a406d3c5287,Open-Deep-Research-workflow-on-Dify,Deep Research workflow on Dify: cascaded multi-source search → outline → cited long-form report. Credited in Awesome-Dify-Workflow.,https://github.com/AdamPlatin123/Open-Deep-Research-workflow-on-Dify,,https://github.com/AdamPlatin123/Open-Deep-Research-workflow-on-Dify,,GitHub API,https://github.com/AdamPlatin123/Open-Deep-Research-workflow-on-Dify,False,False,False
tool_484618b6a8c01488,Hyper-RAG,"""Hyper-RAG: Combating LLM Hallucinations using Hypergraph-Driven Retrieval-Augmented Generation"" by Yifan Feng, Hao Hu, Shihui Ying, Xingliang Hou, Shiquan Liu, Mingyuan Yang, Junchang Li, Shaoyi Du, Nanning Zheng, Han Hu, and Yue Gao.",https://nature.com/articles/s41467-026-71411-1,,https://github.com/iMoonLab/Hyper-RAG,,GitHub API,https://github.com/iMoonLab/Hyper-RAG,False,False,False
tool_164a5ffd148bc2d7,Deep-Research-Survey,A Systematic Survey of Deep Research,https://deep-research-survey.github.io,,https://github.com/mangopy/Deep-Research-Survey,,GitHub API,https://github.com/mangopy/Deep-Research-Survey,False,False,False
tool_8cd4c1e0ab69958a,tw-legal-rag,"台灣法律 MCP 伺服器 + CLI（免費、免註冊、免 API key）：2,250 萬筆裁判書、行政函釋、憲法法庭裁判，附引用查核。Free Taiwan legal MCP server for Claude/ChatGPT/Codex — bring your own LLM, retrieval-only.",https://dr-legal.com.tw,,https://github.com/aa0101181514/tw-legal-rag,,GitHub API,https://github.com/aa0101181514/tw-legal-rag,False,False,False
tool_d33f9da3845f3a81,LLMVault,"An intentionally vulnerable OWASP LLM Top 10 training platform for AI Security, Prompt Injection, RAG Security, Agent Security, and GenAI penetration testing.",https://github.com/CyberSunil/LLMVault,,https://github.com/CyberSunil/LLMVault,,GitHub API,https://github.com/CyberSunil/LLMVault,False,False,False
tool_fa9597d655b81a9d,LLMInternSkill,"LLMInternSkill: LLM internship resume and job-search Codex Skill for resume polish, JD tailoring, evidence guard, interview grilling, and Project Scout. 大模型实习简历与求职工具箱。",https://wanyichen06.github.io/LLMInternSkill,,https://github.com/wanyichen06/LLMInternSkill,,GitHub API,https://github.com/wanyichen06/LLMInternSkill,False,False,False
tool_4c1c787accd9298a,RAGLAB,[EMNLP 2024: Demo Oral] RAGLAB: A Modular and Research-Oriented Unified Framework for Retrieval-Augmented Generation,https://arxiv.org/abs/2408.11381,,https://github.com/fate-ubw/RAGLAB,,GitHub API,https://github.com/fate-ubw/RAGLAB,False,False,False
tool_20c9b21ab4de564a,smart-llm-loader,"smart-llm-loader is a lightweight yet powerful Python package that transforms any document into LLM-ready chunks. Spend less time on preprocessing headaches and more time building what matters. From RAG systems to chatbots to document Q&A, SmartLLMLoader handles the heavy lifting so you can focus on creating exceptional AI applications.",https://github.com/drmingler/smart-llm-loader,,https://github.com/drmingler/smart-llm-loader,,GitHub API,https://github.com/drmingler/smart-llm-loader,False,False,False
tool_44f8e275285c3588,lumen,"Illuminate your data. Agent framework turning natural language into SQL, charts, dashboards and reports.",https://lumen.holoviz.org,,https://github.com/holoviz/lumen,,GitHub API,https://github.com/holoviz/lumen,False,False,False
tool_c22c73cdd582a3ef,Graph-CoT,Graph Chain-of-Thought: Augmenting Large Language Models by Reasoning on Graphs (ACL 2024),https://arxiv.org/abs/2404.07103,,https://github.com/PeterGriffinJin/Graph-CoT,,GitHub API,https://github.com/PeterGriffinJin/Graph-CoT,False,False,False
tool_58c132c9aa5a7d44,ai-real-estate-assistant,"Open-source AI real estate search with RAG, vector search, multi-provider LLMs, FastAPI, Next.js, ChromaDB, and a live demo.",https://realestate-web-dz1y.onrender.com,,https://github.com/AleksNeStu/ai-real-estate-assistant,,GitHub API,https://github.com/AleksNeStu/ai-real-estate-assistant,False,False,False
tool_f00652571e6a3bfa,rag-experiment-accelerator,The RAG Experiment Accelerator is a versatile tool designed to expedite and facilitate the process of conducting experiments and evaluations using Azure Cognitive Search and RAG pattern.,https://github.com/microsoft/rag-experiment-accelerator,,https://github.com/microsoft/rag-experiment-accelerator,,GitHub API,https://github.com/microsoft/rag-experiment-accelerator,False,False,False
tool_1f1d2e95d170216c,bookwith,BookWith – A New Reading Experience with AI. A next-generation conversational reading platform that goes beyond traditional e-book readers,https://github.com/shutootaki/bookwith,,https://github.com/shutootaki/bookwith,,GitHub API,https://github.com/shutootaki/bookwith,False,False,False
tool_06c57c12da9753a6,llm-reader,"Turn Webpage to LLM friendly input text. Similar to Firecrawl and Jina Reader API. Makes RAG, AI web scraping, image & webpage links extraction easy.",https://github.com/m92vyas/llm-reader,,https://github.com/m92vyas/llm-reader,,GitHub API,https://github.com/m92vyas/llm-reader,False,False,False
tool_178da74af4642807,ChatClaw,"ChatClaw: Get OpenClaw-like knowledge base personal AI agent in 5 mins. Sandbox-secured, ultra-small 30MB installer for macOS & Windows (install in 1 min). Connects to WhatsApp, Telegram, Slack, Discord, Gmail, DingTalk, WeChat Work, QQ, Feishu. Built-in Skill Market, Knowledge Base, Memory, MCP, Scheduled Tasks. Developed in Go ,run",https://ichatclaw.com,,https://github.com/zhimaAi/ChatClaw,,GitHub API,https://github.com/zhimaAi/ChatClaw,False,False,False
tool_eb2b911512bbfc76,A-Guide-to-Retrieval-Augmented-LLM,an intro to retrieval augmented large language model,https://github.com/Wang-Shuo/A-Guide-to-Retrieval-Augmented-LLM,,https://github.com/Wang-Shuo/A-Guide-to-Retrieval-Augmented-LLM,,GitHub API,https://github.com/Wang-Shuo/A-Guide-to-Retrieval-Augmented-LLM,False,False,False
tool_a0a4fead5610bb6d,text2text,Text2Text Language Modeling Toolkit,https://discord.gg/eHaaUuWpTc,,https://github.com/artitw/text2text,,GitHub API,https://github.com/artitw/text2text,False,False,False
tool_3f7ba94dbbbde686,kaizen,Automate the tedious development tasks with AI,https://cloudcode.ai/kaizen/docs,,https://github.com/Cloud-Code-AI/kaizen,,GitHub API,https://github.com/Cloud-Code-AI/kaizen,False,False,False
tool_2c5e9c3aa5130c2d,semantic-cache,A fuzzy key value store based on semantic similarity rather lexical equality.,https://github.com/upstash/semantic-cache,,https://github.com/upstash/semantic-cache,,GitHub API,https://github.com/upstash/semantic-cache,False,False,False
tool_da73e10c14950cef,PoisonedRAG,[USENIX Security 2025] PoisonedRAG: Knowledge Corruption Attacks to Retrieval-Augmented Generation of Large Language Models,https://arxiv.org/abs/2402.07867,,https://github.com/sleeepeer/PoisonedRAG,,GitHub API,https://github.com/sleeepeer/PoisonedRAG,False,False,False
tool_19f8dfb9b4db8f73,PlugMem,ICML 2026 · Plug-and-play long-term memory for LLM agents,https://github.com/TIMAN-group/PlugMem,,https://github.com/TIMAN-group/PlugMem,,GitHub API,https://github.com/TIMAN-group/PlugMem,False,False,False
tool_2ff9ca00b614f115,beyondllm,"Build, evaluate and observe LLM apps",https://beyondllm.aiplanet.com,,https://github.com/aiplanethub/beyondllm,,GitHub API,https://github.com/aiplanethub/beyondllm,False,False,False
tool_ef1af9d5ed77c796,gfm-rag,"[NeurIPS'25, ICLR'26] Graph Foundation Model for Retrieval Augmented Generation",https://rmanluo.github.io/gfm-rag,,https://github.com/RManLuo/gfm-rag,,GitHub API,https://github.com/RManLuo/gfm-rag,False,False,False
tool_ca2a3be36fc026c2,aft,"Give your agent a proper IDE and OS. The sensorimotor cortex for coding agents (OpenCode + Pi), part of CortexKit: symbol-aware edits, semantic search, code health, fast grep/glob, bash compression, background tasks, PTY.",https://discord.gg/DSa65w8wuf,,https://github.com/cortexkit/aft,,GitHub API,https://github.com/cortexkit/aft,False,False,False
tool_f04fa51379a68035,CHRONOS,"Repo for NAACL 2025 Paper ""Unfolding the Headline: Iterative Self-Questioning for News Retrieval and Timeline Summarization""",https://github.com/Alibaba-NLP/CHRONOS,,https://github.com/Alibaba-NLP/CHRONOS,,GitHub API,https://github.com/Alibaba-NLP/CHRONOS,False,False,False
tool_eeef950f80f4b1d2,Companion-Space,本地优先的二次元陪伴学习应用 · Local-first anime companion and study app.,https://github.com/Johnson-Durui/Companion-Space,,https://github.com/Johnson-Durui/Companion-Space,,GitHub API,https://github.com/Johnson-Durui/Companion-Space,False,False,False
tool_bee9ee20a358f4ad,rust-docs-mcp-server,"🦀 Prevents outdated Rust code suggestions from AI assistants. This MCP server fetches current crate docs, uses embeddings/LLMs, and provides accurate context via a tool call.",https://github.com/Govcraft/rust-docs-mcp-server,,https://github.com/Govcraft/rust-docs-mcp-server,,GitHub API,https://github.com/Govcraft/rust-docs-mcp-server,False,False,False
tool_9b188e0dc7b28a54,Afterglow,使用社交软件聊天记录结合向量数据库让AI更好的扮演对方的角色，在不微调模型的情况下可以达到可观的效果。把曾经的美好，续成往后的陪伴。,https://afterglow.kldhsh.top,,https://github.com/kldhsh123/Afterglow,,GitHub API,https://github.com/kldhsh123/Afterglow,False,False,False
tool_6d19f09df70d944f,denser-retriever,"An enterprise-grade AI retriever designed to streamline AI integration into your applications, ensuring cutting-edge accuracy.",https://denser.ai,,https://github.com/denser-org/denser-retriever,,GitHub API,https://github.com/denser-org/denser-retriever,False,False,False
tool_ed11fd6ba7fad24f,bili-note,Extract Bilibili videos into learning-oriented Markdown notes with full subtitle and comment archives,https://github.com/Rimagination/bili-note,,https://github.com/Rimagination/bili-note,,GitHub API,https://github.com/Rimagination/bili-note,False,False,False
tool_10cffa71e790d4f1,ezdata,"AI-native data platform: 60+ connectors, dlt-based ETL, DAG scheduling, per-source RAG knowledge bases, and sandboxed AI agents that query, chart, and analyze your data.",http://ezdata.cloud,,https://github.com/xuwei95/ezdata,,GitHub API,https://github.com/xuwei95/ezdata,False,False,False
tool_a2b3ac98760683cc,Revornix,"Revornix is an open-source, local-first AI information/markdown workspace. It helps you collect fragmented inputs, turn them into structured knowledge, generate reports with images and podcast audio, and deliver the output through automated notifications.",https://revornix.com,,https://github.com/Qingyon-AI/Revornix,,GitHub API,https://github.com/Qingyon-AI/Revornix,False,False,False
tool_c3e9c1b084e9f6e6,memlayer,"Plug-and-play memory for LLMs in 3 lines of code. Add persistent, intelligent, human-like memory and recall to any model in minutes.",https://divagr18.github.io/memlayer,,https://github.com/divagr18/memlayer,,GitHub API,https://github.com/divagr18/memlayer,False,False,False
tool_adc30ad5240d796f,chatless,"💻一款简洁实用轻量级的本地AI对话客户端，采用Tauri2.0和Next.js编写  A simple, practical, and lightweight local AI chat client, written in Tauri 2.0 & Next.js.",https://kamjin3086.github.io/chatless,,https://github.com/kamjin3086/chatless,,GitHub API,https://github.com/kamjin3086/chatless,False,False,False
tool_846d563a4732aa6c,DeepWideResearch,"Agentic RAG for any scenario. Customize sources, depth, and width",https://deepwideresearch.com,,https://github.com/puppyone-ai/DeepWideResearch,,GitHub API,https://github.com/puppyone-ai/DeepWideResearch,False,False,False
tool_b5322c98d61fbecb,pdfdeal,A python wrapper for the Doc2X API and comes with native texts processing (to improve PDF recall in RAG). | Doc2X API的python封装，同时附带本地的文本处理(提升PDF在RAG中的召回率)。,https://noedgeai.github.io/pdfdeal-docs,,https://github.com/NoEdgeAI/pdfdeal,,GitHub API,https://github.com/NoEdgeAI/pdfdeal,False,False,False
tool_0d6d96632a3855a3,MinerU-HTML,"MinerU-HTML: An SLM-powered HTML main content extractor that outputs clean HTML bodies. Perfect for Deep Research Agents, RAG applications, and training data generation.",https://opendatalab.com/ai-ready/AICC,,https://github.com/opendatalab/MinerU-HTML,,GitHub API,https://github.com/opendatalab/MinerU-HTML,False,False,False
tool_b83d516345b66a72,local-LLM-with-RAG,Running local Language Language Models (LLM) to perform Retrieval-Augmented Generation (RAG),https://github.com/amscotti/local-LLM-with-RAG,,https://github.com/amscotti/local-LLM-with-RAG,,GitHub API,https://github.com/amscotti/local-LLM-with-RAG,False,False,False
tool_19016acb5b4e8ab7,repomind,"An open-source, AI-powered application using Agentic CAG to chat with any public GitHub repository or developer profile, offering deep code analysis, visual architecture maps and security audits",https://repomind.in,,https://github.com/403errors/repomind,,GitHub API,https://github.com/403errors/repomind,False,False,False
tool_0a9f01c2bece4785,humla,"Open-source AI meeting notes for Mac. Records mic + system audio with no bot, transcribes on-device or via OpenAI / Deepgram / Groq, identifies speakers offline, and writes summaries that fuse your notes with the transcript. Ask your notes and get cited answers. Tauri 2 + Rust + Swift.",https://humla.team,,https://github.com/michaelwilhelmsen/humla,,GitHub API,https://github.com/michaelwilhelmsen/humla,False,False,False
tool_eea7d6a5b46eb5b5,LLM_Web_search,An extension for  oobabooga/text-generation-webui that enables the LLM to search the web,https://github.com/mamei16/LLM_Web_search,,https://github.com/mamei16/LLM_Web_search,,GitHub API,https://github.com/mamei16/LLM_Web_search,False,False,False
tool_b50cb811a4a0d25e,pmb,"Local-first persistent memory for AI coding agents (Claude Code, Cursor, Codex) over MCP. Decisions, lessons and facts live in one SQLite file on your disk. Offline, multilingual.",https://pypi.org/project/pmb-ai,,https://github.com/oleksiijko/pmb,,GitHub API,https://github.com/oleksiijko/pmb,False,False,False
tool_26cccb0f24cafc81,universal-examprep-skill,"Last-night exam-cram coach as a Claude Agent Skill: turns your slides, notes and past papers into a chaptered knowledge base + quiz bank, teaches only what's in your materials, and never fabricates (measured 100% out-of-scope abstention). Bilingual EN/中文 — the 期末极速备考 skill.",https://github.com/ZeKaiNie/universal-examprep-skill,,https://github.com/ZeKaiNie/universal-examprep-skill,,GitHub API,https://github.com/ZeKaiNie/universal-examprep-skill,False,False,False
tool_82ef74839d022550,code_qa,RAG on codebases using treesitter and LanceDB,https://github.com/sankalp1999/code_qa,,https://github.com/sankalp1999/code_qa,,GitHub API,https://github.com/sankalp1999/code_qa,False,False,False
tool_ea13dfbf5cc3b395,Context-Engineering-for-Multi-Agent-Systems,"Save thousands of lines of code by building universal, domain-agnostic Multi-Agent Systems (MAS) through high-level semantic orchestration. This repository provides a production-ready blueprint for the Agentic Era, allowing you to replace rigid, hard-coded workflows with a dynamic transparent Context Engine that provides 100% transparency.",https://linkedin.com/in/denis-rothman-0b034043,,https://github.com/Denis2054/Context-Engineering-for-Multi-Agent-Systems,,GitHub API,https://github.com/Denis2054/Context-Engineering-for-Multi-Agent-Systems,False,False,False
tool_52a7cdca3bd3e295,bergen,Benchmarking library for RAG,https://github.com/naver/bergen,,https://github.com/naver/bergen,,GitHub API,https://github.com/naver/bergen,False,False,False
tool_90b4c1830e614597,BYO-LLM-WIKI,"Build your own LLM-native WIKI (knowledge library). Search, extract, summarize, Q&A with contextual RAG, layered knowledge graph, and reinforced memory. Importantly use selected context to automatically generate skills, empowered by Claude subagents + CodeAct pipeline and gated by human review. **Try Live Demo**:  https://byo-wiki-demo.vercel.app",https://github.com/Lyra-stellAI/BYO-LLM-WIKI,,https://github.com/Lyra-stellAI/BYO-LLM-WIKI,,GitHub API,https://github.com/Lyra-stellAI/BYO-LLM-WIKI,False,False,False
tool_cf200f97b5f8a734,ask.py,A simple Python program to implement the search-extract-summarize flow.,https://github.com/pengfeng/ask.py,,https://github.com/pengfeng/ask.py,,GitHub API,https://github.com/pengfeng/ask.py,False,False,False
tool_e52df72ca3ae371a,warc-gpt,WARC + AI - Experimental Retrieval Augmented Generation Pipeline for Web Archive Collections.,https://lil.law.harvard.edu/blog/2024/02/12/warc-gpt-an-open-source-tool-for-exploring-web-archives-with-ai,,https://github.com/harvard-lil/warc-gpt,,GitHub API,https://github.com/harvard-lil/warc-gpt,False,False,False
tool_d21e54baff270638,knowledge-rag,"Local RAG MCP server for Claude Code — hybrid search (semantic + BM25), cross-encoder reranking, 13 MCP tools, 20 format parsers. Zero external servers, zero API keys.",https://pypi.org/project/knowledge-rag,,https://github.com/lyonzin/knowledge-rag,,GitHub API,https://github.com/lyonzin/knowledge-rag,False,False,False
tool_00441c7368fe9c9f,orchestkit,"The Complete AI Development Toolkit for Claude Code. 106 skills, 36 agents, 171 hooks. Install `ork` for stable (v9.x), or `ork-alpha` for the v10 line, which ships daily.",https://orchestkit.yonyon.ai,,https://github.com/yonatangross/orchestkit,,GitHub API,https://github.com/yonatangross/orchestkit,False,False,False
tool_ef71030c876def41,deepcontext-mcp,"DeepContext is an MCP server that adds symbol-aware semantic search to Claude Code, Codex CLI, and other agents for faster, smarter context on large codebases.",https://wild-card.ai/deepcontext,,https://github.com/Wildcard-Official/deepcontext-mcp,,GitHub API,https://github.com/Wildcard-Official/deepcontext-mcp,False,False,False
tool_02e90b7811a51372,nim-anywhere,Accelerate your Gen AI with NVIDIA NIM and NVIDIA AI Workbench,https://nvidia.com/en-us/ai,,https://github.com/NVIDIA/nim-anywhere,,GitHub API,https://github.com/NVIDIA/nim-anywhere,False,False,False
tool_8c20d333b1b5836e,langgraph-email-automation,Multi AI agents for customer support email automation built with Langchain & Langgraph,https://github.com/kaymen99/langgraph-email-automation,,https://github.com/kaymen99/langgraph-email-automation,,GitHub API,https://github.com/kaymen99/langgraph-email-automation,False,False,False
tool_884b6e06a4eb8099,SecurityClaw,"A modular, skill-based autonomous Security Operations Center (SOC) agent that monitors OpenSearch/Elasticsearch data, builds RAG-based behavioral memory, and validates real-time anomalies using LLMs.",https://github.com/SecurityClaw/SecurityClaw,,https://github.com/SecurityClaw/SecurityClaw,,GitHub API,https://github.com/SecurityClaw/SecurityClaw,False,False,False
tool_635d9964584575d3,FinSight,"[ACL 2026 Main, SAC Highlight] FinSight: Towards Real-World Financial Deep Research. 🎯One ticker, one click, one publication-ready report.",https://github.com/RUC-NLPIR/FinSight,,https://github.com/RUC-NLPIR/FinSight,,GitHub API,https://github.com/RUC-NLPIR/FinSight,False,False,False
tool_5069e64044c16a69,YourMemory,Agentic AI memory with Ebbinghaus forgetting curve decay. +16pp better recall than Mem0 on LoCoMo.,https://yourmemoryai.xyz,,https://github.com/sachitrafa/YourMemory,,GitHub API,https://github.com/sachitrafa/YourMemory,False,False,False
tool_f94b53ee6cc2fb83,KnowledgeBase-RAG-LLM-System,基于 Streamlit、LangChain 与 Chroma 的轻量级 RAG 学习项目，支持本地知识库上传、检索增强问答与聊天式交互。,https://github.com/lhh737/KnowledgeBase-RAG-LLM-System,,https://github.com/lhh737/KnowledgeBase-RAG-LLM-System,,GitHub API,https://github.com/lhh737/KnowledgeBase-RAG-LLM-System,False,False,False
tool_f8e7916cc704b5be,llmdocparser,A package for parsing PDFs and analyzing their content using LLMs.,https://github.com/lazyFrogLOL/llmdocparser,,https://github.com/lazyFrogLOL/llmdocparser,,GitHub API,https://github.com/lazyFrogLOL/llmdocparser,False,False,False
tool_712c485210e47629,engrim,"The Universal Cross-Model Episodic Memory Standard. Local-first, project-scoped SQLite engine for Google Antigravity, Claude Code, Cursor, Codex CLI, and OpenCode. Zero cloud lock-in.",https://engrim.dev,,https://github.com/timgordontg/engrim,,GitHub API,https://github.com/timgordontg/engrim,False,False,False
tool_b2becaa0b0ff019a,NanoSage,Local LLM Powered Recursive Search & Smart Knowledge Explorer,https://github.com/masterFoad/NanoSage,,https://github.com/masterFoad/NanoSage,,GitHub API,https://github.com/masterFoad/NanoSage,False,False,False
tool_4cb6b1429441931c,SARA,"Official Implementation for the ACL 2026 paper ""SARA: Selective and Adaptive Retrieval-augmented Generation with Context Compression""",https://ahren09.github.io/SARA,,https://github.com/Ahren09/SARA,,GitHub API,https://github.com/Ahren09/SARA,False,False,False
tool_fa501f9a18420a00,animaworks,"Organization-as-Code for autonomous AI agents. Brain-inspired memory that grows, consolidates, and forgets. Multi-model (Claude/Codex/Gemini/Cursor/Ollama).",https://github.com/xuiltul/animaworks,,https://github.com/xuiltul/animaworks,,GitHub API,https://github.com/xuiltul/animaworks,False,False,False
tool_d0e25153cb9cab7f,ragpi,🤖 An open-source AI assistant answering questions using your docs,https://docs.ragpi.io,,https://github.com/ragpi/ragpi,,GitHub API,https://github.com/ragpi/ragpi,False,False,False
tool_7917e3c5e7407cec,docGPT-langchain,"🔐Free GPT-3.5 chat with your docs (PDF, WORD, CSV, TXT)",https://docgpt-app.streamlit.app,,https://github.com/Lin-jun-xiang/docGPT-langchain,,GitHub API,https://github.com/Lin-jun-xiang/docGPT-langchain,False,False,False
tool_ea455cc9346f3939,docling-Studio,"Visual document analysis studio powered by Docling — configure the extraction pipeline, inspect text, tables and bounding boxes in the browser, then chunk, embed and index into OpenSearch and Neo4j.",https://scub-france.github.io/docling-Studio,,https://github.com/scub-france/docling-Studio,,GitHub API,https://github.com/scub-france/docling-Studio,False,False,False
tool_315ea27586491f3c,vectordbz,"A modern desktop application for exploring, managing, and analyzing vector databases",http://vectordbz.com,,https://github.com/vectordbz/vectordbz,,GitHub API,https://github.com/vectordbz/vectordbz,False,False,False
tool_c2dc887470738c70,dat,Asking yours data in a natural language way through pre-modeling (data models and semantic models).,https://deepwiki.com/hexinfo/dat,,https://github.com/hexinfo/dat,,GitHub API,https://github.com/hexinfo/dat,False,False,False
tool_1514562ed9586fdc,cortexdb,"A pure-Go, single-file AI memory and knowledge graph library and plugin.",https://cortex.superleo.app,,https://github.com/liliang-cn/cortexdb,,GitHub API,https://github.com/liliang-cn/cortexdb,False,False,False
tool_b8948ac90f1a82c7,umadev,"UmaDev: A coding agent that works like a real dev team, commanding the Claude Code / Codex / OpenCode you already use.",https://umadev.goder.ai,,https://github.com/umacloud/umadev,,GitHub API,https://github.com/umacloud/umadev,False,False,False
tool_3af2d2b8922b2b1a,uteke,"🧠 The Brain for Your AI — Local-first memory engine for AI agents. Store, recall, and search memories with semantic embeddings. Single Rust binary, zero config, fully offline.",https://codecora.dev,,https://github.com/codecoradev/uteke,,GitHub API,https://github.com/codecoradev/uteke,False,False,False
tool_42277b3546cb37a9,rag-chat,Prototype SDK for RAG development.,https://github.com/upstash/rag-chat,,https://github.com/upstash/rag-chat,,GitHub API,https://github.com/upstash/rag-chat,False,False,False
tool_861cc2f5fa3e24e9,twelvet,（Spring Boot 3. X Microservices framework）  基于Spring Boot 3.X 的 Spring Cloud Alibaba / Spring Cloud Tencent + React的微服务框架。🔝 🔝 点个starrred 关注更新。Chat GPT(RAG、TTS、STT、LLM),https://doc.twelvet.cn,,https://github.com/twelvet-projects/twelvet,,GitHub API,https://github.com/twelvet-projects/twelvet,False,False,False
tool_21d1c1e542751458,go-agent,"An agent framework for Go with graph-aware memory, UTCP-native tools, and multi-agent orchestration. Built for production.",https://github.com/Protocol-Lattice/go-agent,,https://github.com/Protocol-Lattice/go-agent,,GitHub API,https://github.com/Protocol-Lattice/go-agent,False,False,False
tool_62517556056cc088,ScholarCopilot,ScholarCopilot: Training Large Language Models for Academic Writing with Accurate Citations [COLM 2025],https://arxiv.org/abs/2504.00824,,https://github.com/TIGER-AI-Lab/ScholarCopilot,,GitHub API,https://github.com/TIGER-AI-Lab/ScholarCopilot,False,False,False
tool_f72eea2683cff815,keras-llm-robot,"A web UI Project In order to learn the large language model. This project includes features such as chat, quantization, fine-tuning, prompt engineering templates, and multimodality.",https://github.com/smalltong02/keras-llm-robot,,https://github.com/smalltong02/keras-llm-robot,,GitHub API,https://github.com/smalltong02/keras-llm-robot,False,False,False
tool_492a104301b798f8,global-agent-hackathon-may-2025,"A month-long, open-source AI Agent Hackathon — open to all builders and dreamers working on agents, RAG, tool use, and multi-agent systems.",https://github.com/global-agent-hackathon/global-agent-hackathon-may-2025,,https://github.com/global-agent-hackathon/global-agent-hackathon-may-2025,,GitHub API,https://github.com/global-agent-hackathon/global-agent-hackathon-may-2025,False,False,False
tool_626d734367b4808e,LongRAG,"Official repo for ""LongRAG: Enhancing Retrieval-Augmented Generation with Long-context LLMs"".",https://tiger-ai-lab.github.io/LongRAG,,https://github.com/TIGER-AI-Lab/LongRAG,,GitHub API,https://github.com/TIGER-AI-Lab/LongRAG,False,False,False
tool_8620e783ca1f4f7e,ms-cookbook,魔搭紫皮书｜ModelScope Cookbook：面向开发者的开源模型应用实战指南，覆盖模型选型、推理、微调、评测、RAG、Agent 与 AIGC，从跑通第一个模型到构建实际应用。,https://modelscope.cn/active/ms-cookbook,,https://github.com/modelscope/ms-cookbook,,GitHub API,https://github.com/modelscope/ms-cookbook,False,False,False
tool_03241081693290d6,rag-ecosystem,Understand and code every important component of RAG architecture,https://medium.com/@fareedkhandev/8f23349b96a4,,https://github.com/FareedKhan-dev/rag-ecosystem,,GitHub API,https://github.com/FareedKhan-dev/rag-ecosystem,False,False,False
tool_d923ba8980f6bf02,marginalia,A library-science-inspired personal knowledge management system with LLM agents,https://github.com/shenmintao/marginalia,,https://github.com/shenmintao/marginalia,,GitHub API,https://github.com/shenmintao/marginalia,False,False,False
tool_ac302b425188c8c8,vector-graph-rag,"Graph RAG with pure vector search, achieving SOTA performance in multi-hop reasoning scenarios.",https://zilliztech.github.io/vector-graph-rag,,https://github.com/zilliztech/vector-graph-rag,,GitHub API,https://github.com/zilliztech/vector-graph-rag,False,False,False
tool_2614cf998c97f38a,ArcRift,"Persistent local memory layer for AI. ArcRift uses a extension and a native MCP server to sync context and decisions from your browser chats (Claude, ChatGPT, DeepSeek) straight to your local IDE agents (Cursor, Claude Code, Windsurf)  powered by a local SQLite knowledge graph.",https://arcrift.vercel.app,,https://github.com/Eshaan-Nair/ArcRift,,GitHub API,https://github.com/Eshaan-Nair/ArcRift,False,False,False
tool_65c139883fe8ac58,satoriDB,High performance embedded vector database,https://github.com/nubskr/satoriDB,,https://github.com/nubskr/satoriDB,,GitHub API,https://github.com/nubskr/satoriDB,False,False,False
tool_5c80e8f2ac431a9d,PharosRAG,"Pharos — local-first agentic RAG for your team's document library: multi-format ingest, hybrid retrieval, enterprise ACL, dual HTTP + MCP exits.",https://github.com/Laurent00TT/PharosRAG,,https://github.com/Laurent00TT/PharosRAG,,GitHub API,https://github.com/Laurent00TT/PharosRAG,False,False,False
tool_ee507af81c3c27c1,agentswarms,Unified Agentic AI and Data Platform,https://agentswarms.fyi,,https://github.com/AgentSwarms-fyi/agentswarms,,GitHub API,https://github.com/AgentSwarms-fyi/agentswarms,False,False,False
tool_230565744a4eef3b,MRAG,"Official Implementation of ""Multi-Head RAG: Solving Multi-Aspect Problems with LLMs""",http://arxiv.org/abs/2406.05085,,https://github.com/spcl/MRAG,,GitHub API,https://github.com/spcl/MRAG,False,False,False
tool_c8c1736a07505820,k8ssandra-operator,The Kubernetes operator for K8ssandra,https://k8ssandra.io,,https://github.com/k8ssandra/k8ssandra-operator,,GitHub API,https://github.com/k8ssandra/k8ssandra-operator,False,False,False
tool_e31a922d4f65f879,ai-tutor-rag-system,"This is a repository for the course ""From Beginner to LLM Developer"" by Towards AI.",https://academy.towardsai.net/courses/beginner-to-advanced-llm-dev,,https://github.com/towardsai/ai-tutor-rag-system,,GitHub API,https://github.com/towardsai/ai-tutor-rag-system,False,False,False
tool_1df3800dcc29fb62,J.A.R.V.I.S.2.0,"open source assistant  hybrid using small models (2b - 5b) and gemini  , with image and agentic tool capabilities and integration of RAG with effiecient memory. android  support using adb",https://github.com/ganeshnikhil/J.A.R.V.I.S.2.0,,https://github.com/ganeshnikhil/J.A.R.V.I.S.2.0,,GitHub API,https://github.com/ganeshnikhil/J.A.R.V.I.S.2.0,False,False,False
tool_7700374420041f9b,genai-cookbook,A mixture of Gen AI cookbook recipes for Gen AI applications.,https://github.com/dmatrix/genai-cookbook,,https://github.com/dmatrix/genai-cookbook,,GitHub API,https://github.com/dmatrix/genai-cookbook,False,False,False
tool_449845ec99d6b29a,FlexRAG,FlexRAG: A RAG Framework for Information Retrieval and Generation.,https://flexrag.readthedocs.io/en/latest,,https://github.com/ictnlp/FlexRAG,,GitHub API,https://github.com/ictnlp/FlexRAG,False,False,False
tool_88767873a1d111d8,Lore,"Summon it with a keystroke, throw in anything you want to remember or ask your own memory. A local LLM agent that restructures your knowledge into a vectorized DB. fully private, zero cloud.",https://github.com/ErezShahaf/Lore,,https://github.com/ErezShahaf/Lore,,GitHub API,https://github.com/ErezShahaf/Lore,False,False,False
tool_ca670569965c356f,LogicRAG,Source code of LogicRAG at AAAI'26.,https://arxiv.org/abs/2508.06105,,https://github.com/chensyCN/LogicRAG,,GitHub API,https://github.com/chensyCN/LogicRAG,False,False,False
tool_fa01d1db69753890,agentic-rag,Agentic RAG to achieve human like reasoning,https://medium.com/@fareedkhandev/687e1fd79f61,,https://github.com/FareedKhan-dev/agentic-rag,,GitHub API,https://github.com/FareedKhan-dev/agentic-rag,False,False,False
tool_60c92e68825a0cc5,deepsearch-agents,🔎 深度研搜对话式多智能体 AI Agents，最适合系统学习 DeepAgents 的实战项目｜AI Deep Research Agent 实战 · LangGraph + RAGFlow + Tavily + FastAPI + WebSocket 从0到工程化落地。前后端完整代码全栈可跑，Docker 环境一键部署，配套 ai-agents-from-zero 免费教程与章节代码分支。适合系统学习大模型应用、多智能体 Agent 和企业级 AI 工程落地,https://didilili.github.io/ai-agents-from-zero,,https://github.com/didilili/deepsearch-agents,,GitHub API,https://github.com/didilili/deepsearch-agents,False,False,False
tool_1b36f02e1a0e4a24,create-tsi,Create-tsi is a generative AI RAG toolkit which generates AI Applications with low code.,https://github.com/telekom/create-tsi,,https://github.com/telekom/create-tsi,,GitHub API,https://github.com/telekom/create-tsi,False,False,False
tool_140cadb4606cf119,mcp-victoriametrics,The implementation of Model Context Protocol (MCP) server for VictoriaMetrics,https://victoriametrics.com,,https://github.com/VictoriaMetrics/mcp-victoriametrics,,GitHub API,https://github.com/VictoriaMetrics/mcp-victoriametrics,False,False,False
tool_a1f5a756c70d755e,cevahir-ai,"Full-stack open-source AI engine for building language models — tokenizer training, transformer architecture, cognitive reasoning and chat pipeline.",https://github.com/myylogic/cevahir-ai,,https://github.com/myylogic/cevahir-ai,,GitHub API,https://github.com/myylogic/cevahir-ai,False,False,False
tool_2fde3bc67fa702fa,Fyin,Open source alternative to Perplexity AI with ability to run locally,https://fyin.app,,https://github.com/shadowfax92/Fyin,,GitHub API,https://github.com/shadowfax92/Fyin,False,False,False
tool_568b763520ad3e49,rag-using-langchain-amazon-bedrock-and-opensearch,RAG with langchain using Amazon Bedrock and Amazon OpenSearch,https://github.com/aws-samples/rag-using-langchain-amazon-bedrock-and-opensearch,,https://github.com/aws-samples/rag-using-langchain-amazon-bedrock-and-opensearch,,GitHub API,https://github.com/aws-samples/rag-using-langchain-amazon-bedrock-and-opensearch,False,False,False
tool_bd06d48b8fc15e3d,GraphRag.Net,参考GraphRag使用 Semantic Kernel 来实现的dotnet版本，可以使用NuGet开箱即用集成到项目中,https://antsk.cn,,https://github.com/shuyu-labs/GraphRag.Net,,GitHub API,https://github.com/shuyu-labs/GraphRag.Net,False,False,False
tool_0d5e4a32a69a9473,python,"Python client for Antarys vector database, optimized for large-scale vector operations with built-in caching, parallel processing, and dimension validation.",http://antarys.ai,,https://github.com/antarys-ai/python,,GitHub API,https://github.com/antarys-ai/python,False,False,False
tool_7fafc7e4f8de94a0,autonomous-agentic-rag,Self improving agentic rag pipeline,https://medium.com/@fareedkhandev/building-self-improving-rag-agentic-system-to-improve-rag-pipeline-f55003af44c4,,https://github.com/FareedKhan-dev/autonomous-agentic-rag,,GitHub API,https://github.com/FareedKhan-dev/autonomous-agentic-rag,False,False,False
tool_19dfd31c7ad1c8d5,deepsearch-toolkit,Interact with the Deep Search platform for new knowledge explorations and discoveries,https://ds4sd.github.io/deepsearch-toolkit,,https://github.com/DS4SD/deepsearch-toolkit,,GitHub API,https://github.com/DS4SD/deepsearch-toolkit,False,False,False
tool_01ba8ec1df552083,serverless-rag-demo,Amazon Bedrock Foundation models with Amazon Opensearch Serverless as a Vector DB,https://aws.amazon.com/blogs/big-data/build-scalable-and-serverless-rag-workflows-with-a-vector-engine-for-amazon-opensearch-serverless-and-amazon-bedrock-claude-models,,https://github.com/aws-samples/serverless-rag-demo,,GitHub API,https://github.com/aws-samples/serverless-rag-demo,False,False,False
tool_df83d66dd251f2e9,raggo,"A lightweight, production-ready RAG (Retrieval Augmented Generation) library in Go.",https://github.com/teilomillet/raggo,,https://github.com/teilomillet/raggo,,GitHub API,https://github.com/teilomillet/raggo,False,False,False
tool_1d53feb0b85b6ffb,gemini_multipdf_chat,"Gemini PDF Chatbot: A Streamlit-based application powered by the Gemini conversational AI model. Upload multiple PDF files, extract text, and engage in natural language conversations to receive detailed responses based on the document context. Enhance your interaction with PDF documents using this intuitive and intelligent chatbot.",https://gmultichat.streamlit.app,,https://github.com/kaifcoder/gemini_multipdf_chat,,GitHub API,https://github.com/kaifcoder/gemini_multipdf_chat,False,False,False
tool_6cf9bdc89dacc4c2,ReNovel-AI,本地化 AI 小说精修工作台🚀。内置 RAG 长时记忆🧠、三模态协作（作家/主编/助手）🖋️、卡片流式编辑器⚡。支持酒馆卡导入、全书自动化精修与扩写🎭。AI小说加料 小说精修 AI文本修改 小说扩写 小说总结,https://github.com/BiranSama/ReNovel-AI,,https://github.com/BiranSama/ReNovel-AI,,GitHub API,https://github.com/BiranSama/ReNovel-AI,False,False,False
tool_163f9c193947fc72,insights-lm-local-package,"Open-source, fully private and local alternative to NotebookLM. Chat with your documents, generate audio summaries, and ground AI in your own sources—built with Supabase, N8N on a React frontend using Ollama for local inference",https://theaiautomators.com,,https://github.com/theaiautomators/insights-lm-local-package,,GitHub API,https://github.com/theaiautomators/insights-lm-local-package,False,False,False
tool_298251204afb9859,rag-arena,Open-source RAG evaluation through users' feedback,https://ragarena.com,,https://github.com/firecrawl/rag-arena,,GitHub API,https://github.com/firecrawl/rag-arena,False,False,False
tool_79c38b302170f4b0,weam,"Web app for teams of 20+ members. In-built connections to major LLMs via API. Share chats, prompts, and agents in team or private folders. Modern, fully responsive stack (Next.js, Node.js). Deploy your own vibe-coded AI apps, agents, or workflows or use ready-made solutions from the library.",https://opensource.weam.ai,,https://github.com/weam-ai/weam,,GitHub API,https://github.com/weam-ai/weam,False,False,False
tool_82ed84340fb5f7af,guaardvark,"The self-hosted AI studio: local video, image, music, voice, LoRA training, coding swarms, RAG and screen agents on one GPU, driven from the Studio or by your coding agent (Claude Code, Cursor, Codex, OpenClaw) through MCP and skills.",https://guaardvark.com,,https://github.com/guaardvark/guaardvark,,GitHub API,https://github.com/guaardvark/guaardvark,False,False,False
tool_0073cbf2ed6ecd00,degree-guru,AI chatbot for expert answers on university degrees,https://degreeguru.vercel.app,,https://github.com/upstash/degree-guru,,GitHub API,https://github.com/upstash/degree-guru,False,False,False
tool_54cf99294e5b7f31,llamator,Red Teaming python-framework for testing chatbots and GenAI systems.,https://llamator-core.github.io/llamator,,https://github.com/LLAMATOR-Core/llamator,,GitHub API,https://github.com/LLAMATOR-Core/llamator,False,False,False
tool_6c955476792fc299,SearchLM,"Official code for NeurIPS2025 ""Iterative Self-Incentivization Empowers Large Language Models as Agentic Searchers""",https://arxiv.org/abs/2505.20128,,https://github.com/mangopy/SearchLM,,GitHub API,https://github.com/mangopy/SearchLM,False,False,False
tool_84cd867b477549f6,moodle-ai-skill-navigator,"AI-powered Moodle plugin for tutoring, quizzes, mind maps, RAG course materials and more.",https://berserk-hub150.github.io/moodle-ai-skill-navigator,,https://github.com/Berserk-hub150/moodle-ai-skill-navigator,,GitHub API,https://github.com/Berserk-hub150/moodle-ai-skill-navigator,False,False,False
tool_338869ecb5e8fb47,MemGraphRAG,[KDD 2026] MemGraphRAG: Memory-based Multi-Agent System for Graph Retrieval-Augmented Generation,https://arxiv.org/pdf/2606.00610,,https://github.com/XMUDeepLIT/MemGraphRAG,,GitHub API,https://github.com/XMUDeepLIT/MemGraphRAG,False,False,False
tool_b72e056b860fc8c5,dsh-memory,白箱AGI架构探索：元认知（自我认知循环）、持续学习（知识飞轮）、世界模型（条件空间+语义时空图）、自我改进（自举纪律）、零LLM白箱管线与可审计信任护栏。,https://github.com/FuRongJun-1999/dsh-memory,,https://github.com/FuRongJun-1999/dsh-memory,,GitHub API,https://github.com/FuRongJun-1999/dsh-memory,False,False,False
tool_0ecb3f9c067d019f,memex,"Search Claude Code, Codex, Pi, OpenCode, Github Copilot & Cursor transcripts. Resume sessions. Track tokens.",https://github.com/nicosuave/memex,,https://github.com/nicosuave/memex,,GitHub API,https://github.com/nicosuave/memex,False,False,False
tool_602d058f96af3eaa,mql,MQL tool is designed to generate SQL queries directly from natural language inputs.,https://shurutech.com/mql-sql-from-natural-language-with-85-accuracy,,https://github.com/shurutech/mql,,GitHub API,https://github.com/shurutech/mql,False,False,False
tool_1ea62b821da7ce4e,nosia,Self-hosted AI RAG + MCP Platform,https://hub.docker.com/r/dilolabs/nosia,,https://github.com/dilolabs/nosia,,GitHub API,https://github.com/dilolabs/nosia,False,False,False
tool_e953adc3c203ecc4,amazon-bedrock-rag,Fully managed RAG solution implemented using Knowledge Bases for Amazon Bedrock,https://github.com/aws-samples/amazon-bedrock-rag,,https://github.com/aws-samples/amazon-bedrock-rag,,GitHub API,https://github.com/aws-samples/amazon-bedrock-rag,False,False,False
tool_eedfa2941f8011ae,RelaMind,基于 AI 的个人成长轨迹分析系统，通过记录生活、回顾历史、分析模式帮助用户更好地理解自己，实现持续成长。包含智能路由、RAG 检索、自主任务智能体等功能。,https://github.com/El-12stu/RelaMind,,https://github.com/El-12stu/RelaMind,,GitHub API,https://github.com/El-12stu/RelaMind,False,False,False
tool_d2976faf0d9c8b4b,ClawMem,"On-device memory layer for AI agents. Claude Code, OpenClaw and Hermes. Hooks + MCP server + hybrid RAG search.",https://github.com/yoloshii/ClawMem,,https://github.com/yoloshii/ClawMem,,GitHub API,https://github.com/yoloshii/ClawMem,False,False,False
tool_01e99803549e18bb,pgvector_pgsql_windows,pgvector for PostgreSQL Windows (native compiled in Microsoft Windows environment),https://github.com/andreiramani/pgvector_pgsql_windows,,https://github.com/andreiramani/pgvector_pgsql_windows,,GitHub API,https://github.com/andreiramani/pgvector_pgsql_windows,False,False,False
tool_2b11182554c9a53c,TreeSearch,TreeSearch: Search your codebase like a human — not like a vector database. No embeddings. No chunking. Just millisecond search over structured documents and large codebases. 无需 embedding，无需切分文档，在结构化文档和大型代码库中实现毫秒级检索。,https://pypi.org/project/pytreesearch,,https://github.com/shibing624/TreeSearch,,GitHub API,https://github.com/shibing624/TreeSearch,False,False,False
tool_e7fc033252dd99dc,renumics-rag,Visualization for a Retrieval-Augmented Generation (RAG) Assistant  🤖❤️📚,https://github.com/Renumics/renumics-rag,,https://github.com/Renumics/renumics-rag,,GitHub API,https://github.com/Renumics/renumics-rag,False,False,False
tool_ce904734ef552517,EvalForge,"Evaluator-neutral AI evaluation evidence, baseline regression gates, and JSON, JUnit, and SARIF reports for CI.",https://github.com/jsdhwfmax/EvalForge,,https://github.com/jsdhwfmax/EvalForge,,GitHub API,https://github.com/jsdhwfmax/EvalForge,False,False,False
tool_46a05c34c9501e8a,guardian-db,"GuardianDB: High-performance, local-first decentralized database that stores and processes data, built on Rust and Iroh",https://willsearch.com.br,,https://github.com/wmaslonek/guardian-db,,GitHub API,https://github.com/wmaslonek/guardian-db,False,False,False
tool_d10bb12266e9a2b2,RAG-ReActAgent,RAG ReAct Agent - A Retrieval-Augmented Generation system with ReAct (Reasoning+Acting) agent loop for intelligent question answering with multi-hop reasoning,https://github.com/MoMoM101/RAG-ReActAgent,,https://github.com/MoMoM101/RAG-ReActAgent,,GitHub API,https://github.com/MoMoM101/RAG-ReActAgent,False,False,False
tool_186ef3aa88737545,Belullama,"Belullama is a comprehensive AI application that bundles Ollama, Open WebUI, and Automatic1111 (Stable Diffusion WebUI) into a single, easy-to-use package.",https://belullama.vercel.app,,https://github.com/ai-joe-git/Belullama,,GitHub API,https://github.com/ai-joe-git/Belullama,False,False,False
tool_85deec20322234d0,ksor,"KSoR (Knowledge System of Record) is an open-source SDK for building governed, authoritative knowledge systems for humans and AI agents. It is a foundation of an AI-native knowledge platform.",https://ksor.panaversity.org,,https://github.com/panaversity/ksor,,GitHub API,https://github.com/panaversity/ksor,False,False,False
tool_67a9d59a830ef3ed,hipocampus,"Drop-in memory harness for AI agents — 3-tier memory, compaction tree, hybrid search. One command to set up. Works with Claude Code and OpenClaw.",https://github.com/kevin-hs-sohn/hipocampus,,https://github.com/kevin-hs-sohn/hipocampus,,GitHub API,https://github.com/kevin-hs-sohn/hipocampus,False,False,False
tool_e9981a6e18e6f743,mangaba_ai,"Framework profissional de orquestracao multi-agente em Python: crews, flows orientados a eventos, ReAct, RAG, memoria, MCP/A2A e multi-provider LLM",https://mangaba.ia.br,,https://github.com/Mangaba-ai/mangaba_ai,,GitHub API,https://github.com/Mangaba-ai/mangaba_ai,False,False,False
tool_f90aaf22ea695785,nano-vectordb,"A simple, easy-to-hack Vector Database",https://github.com/gusye1234/nano-vectordb,,https://github.com/gusye1234/nano-vectordb,,GitHub API,https://github.com/gusye1234/nano-vectordb,False,False,False
tool_5bde64799816a14c,nautilus-compass,Reliability layer for multi-agent setups — keep agents coordinating without an orchestrator. Cross-dialog contracts + drift detection + black-box memory (no LLM extraction).,https://compass.nautilus.social,,https://github.com/chunxiaoxx/nautilus-compass,,GitHub API,https://github.com/chunxiaoxx/nautilus-compass,False,False,False
tool_7d46c8b897f7d187,hermes-memory-installer,"🧠 Production-grade memory sidecar for AI agents — gbrain + Hindsight + 3-tier recall. Agent-agnostic, battle-tested. | 生产级外挂记忆系统，兼容Hermes/Claude/Cursor等任意AI智能体",https://github.com/mage0535/hermes-memory-installer,,https://github.com/mage0535/hermes-memory-installer,,GitHub API,https://github.com/mage0535/hermes-memory-installer,False,False,False
tool_f222c5e651041c7f,corpusos,"Open-source protocol suite standardizing LLM, Vector, Graph, and Embedding infrastructure across LangChain, LlamaIndex, AutoGen, CrewAI, Semantic Kernel, and MCP. 3,330+ conformance tests. One protocol. Any framework. Any provider.",https://corpusos.com,,https://github.com/Corpus-OS/corpusos,,GitHub API,https://github.com/Corpus-OS/corpusos,False,False,False
tool_f139d19a68d767ef,legal-ai-agent,,https://github.com/Paparusi/legal-ai-agent,,https://github.com/Paparusi/legal-ai-agent,,GitHub API,https://github.com/Paparusi/legal-ai-agent,False,False,False
tool_80d08f1656d271cb,multi-agent-investment,"Multi-agent equity research system with deterministic signal fusion — 3 specialized agents (ReAct, FinBERT, Plan-and-Solve + RAG) produce BUY/NEUTRAL/SELL decisions through a mathematical Decision Hub. No LLM in the critical path.",https://github.com/flash131307/multi-agent-investment,,https://github.com/flash131307/multi-agent-investment,,GitHub API,https://github.com/flash131307/multi-agent-investment,False,False,False
tool_d08c268ddc0334e2,Local-Multimodal-AI-Chat,"Self-hostable multimodal chat with local LLMs (Ollama/OpenAI): PDF RAG, image chat, and Whisper voice, Streamlit + Docker.",https://github.com/Leon-Sander/Local-Multimodal-AI-Chat,,https://github.com/Leon-Sander/Local-Multimodal-AI-Chat,,GitHub API,https://github.com/Leon-Sander/Local-Multimodal-AI-Chat,False,False,False
tool_cd97e7a84640517c,ragna,RAG orchestration framework ⛵️,https://ragna.chat,,https://github.com/Quansight/ragna,,GitHub API,https://github.com/Quansight/ragna,False,False,False
tool_71e28eb3b6d78710,rekal-cli,Your coding agent starts every session blank. Rekal is the memory your team is missing,https://rekal.dev,,https://github.com/rekal-dev/rekal-cli,,GitHub API,https://github.com/rekal-dev/rekal-cli,False,False,False
tool_ec77dd329f6f3b07,pdf-to-markdown,"Turn PDFs into clean, structured Markdown",https://github.com/iamarunbrahma/pdf-to-markdown,,https://github.com/iamarunbrahma/pdf-to-markdown,,GitHub API,https://github.com/iamarunbrahma/pdf-to-markdown,False,False,False
tool_a6fb21ac285d9f70,MakerAi,"The AI Operating System for Delphi. 100% native framework with RAG 2.0, autonomous agents, MCP protocol, and universal LLM connector. Supports OpenAI, Claude, Gemini, Ollama, and more. Delphi 10.4+ (limited), full support from Delphi 12 Athens.",https://youtube.com/@cimamaker3945,,https://github.com/gustavoeenriquez/MakerAi,,GitHub API,https://github.com/gustavoeenriquez/MakerAi,False,False,False
tool_60bc2620092f113c,verbatim-rag,Provenance-first extractive RAG: return verbatim source spans with citations using local ModernBERT or optional LLM-assisted extraction.,https://krlabsorg.github.io/verbatim-rag,,https://github.com/KRLabsOrg/verbatim-rag,,GitHub API,https://github.com/KRLabsOrg/verbatim-rag,False,False,False
tool_46b33e867cc48a64,ETOS-LLM-Studio,"A native LLM client for iOS & Apple Watch. Run local GGUF models offline via llama.cpp, or connect to OpenAI/Claude/Gemini. Features local RAG, Model Context Protocol (MCP) tools, Siri Shortcuts, and cross-device sync. Built with Swift.",https://github.com/Eric-Terminal/ETOS-LLM-Studio,,https://github.com/Eric-Terminal/ETOS-LLM-Studio,,GitHub API,https://github.com/Eric-Terminal/ETOS-LLM-Studio,False,False,False
tool_e1c2e6d2abfcd0c9,exstruct,"Conversion from Excel to structured JSON (tables, shapes, charts) for LLM/RAG pipelines, and autonomous Excel reading/writing by AI agents via CLI and MCP integration.",https://harumiweb.github.io/exstruct,,https://github.com/harumiWeb/exstruct,,GitHub API,https://github.com/harumiWeb/exstruct,False,False,False
tool_c4176eb1140cd841,story-shot-agent,剧本分镜智能体（PenShot）：电影/动漫/短剧/小说→分镜片段→视频提示词。基于 LLM 通过 LangGraph+LlamaIndex实现任意格式剧本的自动解析，生成 Sora/Veo/Runway 等模型可用的连贯text-to-video提示词。保持角色/剧情跨片段一致，支持 MCP/REST API/Function Calls/A2A 集成。（LLM-powered text-to-video-prompt agent. Break scripts into Sora/Veo-ready shots with character consistency）,https://shot.helpenx.com,,https://github.com/neopen/story-shot-agent,,GitHub API,https://github.com/neopen/story-shot-agent,False,False,False
tool_b8b5321d048ad769,DD_Rag,基于 SpringAI 的 Agent 开发项目：一个面向“组织知识库 + AI 助手”的 RAG Agent实战项目，把权限隔离、文档入库、混合检索、证据约束、Agent 工具调用和 Docker 部署串成了一条完整工程链路。如果你正在找一个能写进简历、能讲清架构、能覆盖 SpringAI / SpringAIAlibaba学习、技术点的项目，DD_Rag 值得 Star。,https://github.com/t1804330987/DD_Rag,,https://github.com/t1804330987/DD_Rag,,GitHub API,https://github.com/t1804330987/DD_Rag,False,False,False
tool_5d1ea9de9140cfc0,fcc-ai-engineering-aws,"A Practical Course on Embeddings, RAG, Multimodal Models, and Agents with Amazon Nova.",https://github.com/debnsuma/fcc-ai-engineering-aws,,https://github.com/debnsuma/fcc-ai-engineering-aws,,GitHub API,https://github.com/debnsuma/fcc-ai-engineering-aws,False,False,False
tool_eb1ee6727d4d597d,upsy,Your new mate on Discord and Slack. Powered by AI.,https://upsy.fly.dev,,https://github.com/upstash/upsy,,GitHub API,https://github.com/upstash/upsy,False,False,False
tool_42f5d515295dd043,smart-coding-mcp,"An extensible Model Context Protocol (MCP-Local-MRL-RAG-AST) server that provides intelligent semantic code search for AI assistants. Built with local AI models, inspired by Cursor's semantic search.",https://github.com/omar-haris/smart-coding-mcp,,https://github.com/omar-haris/smart-coding-mcp,,GitHub API,https://github.com/omar-haris/smart-coding-mcp,False,False,False
tool_d7bb361662117aca,diffbot-kg-chatbot,Knowledge graph construction and RAG demo using Diffbot and Neo4j,https://github.com/tomasonjo/diffbot-kg-chatbot,,https://github.com/tomasonjo/diffbot-kg-chatbot,,GitHub API,https://github.com/tomasonjo/diffbot-kg-chatbot,False,False,False
tool_76b8ca5a39e155ae,PaddleOCR,"Turn any PDF or image document into structured data for your AI. A powerful, lightweight OCR toolkit that bridges the gap between images/PDFs and LLMs. Supports 100+ languages.",https://paddleocr.com,,https://github.com/PaddlePaddle/PaddleOCR,,GitHub API,https://github.com/PaddlePaddle/PaddleOCR,False,False,False
tool_2106133e64566f45,llm-app,"Ready-to-run cloud templates for RAG, AI pipelines, and enterprise search with live data. 🐳Docker-friendly.⚡Always in sync with Sharepoint, Google Drive, S3, Kafka, PostgreSQL, real-time data APIs, and more.",https://pathway.com/developers/templates,,https://github.com/pathwaycom/llm-app,,GitHub API,https://github.com/pathwaycom/llm-app,False,False,False
tool_5bc027a7fdd6ffdb,llama_index,LlamaIndex is the document processing platform for AI,https://developers.llamaindex.ai,,https://github.com/run-llama/llama_index,,GitHub API,https://github.com/run-llama/llama_index,False,False,False
tool_bdd9c56ce9b7a331,milvus,"Milvus is a high-performance, cloud-native vector database built for scalable vector ANN search",https://milvus.io,,https://github.com/milvus-io/milvus,,GitHub API,https://github.com/milvus-io/milvus,False,False,False
tool_60aa43c11ff75f9f,LightRAG,[EMNLP2025] LightRAG: Simple and Fast Retrieval-Augmented Generation,https://arxiv.org/abs/2410.05779,,https://github.com/HKUDS/LightRAG,,GitHub API,https://github.com/HKUDS/LightRAG,False,False,False
tool_636ab24b0fa26a93,quivr,"Opiniated RAG for integrating GenAI in your apps 🧠   Focus on your product rather than the RAG. Easy integration in existing products with customisation!  Any LLM: GPT4, Groq, Llama. Any Vectorstore: PGVector, Faiss. Any Files. Anyway you want.",https://core.quivr.com,,https://github.com/The-Vibe-Company/quivr,,GitHub API,https://github.com/The-Vibe-Company/quivr,False,False,False
tool_40f177cf7fe0bf61,Langchain-Chatchat,"Langchain-Chatchat（原Langchain-ChatGLM）基于 Langchain 与 ChatGLM, Qwen 与 Llama 等语言模型的 RAG 与 Agent 应用 | Langchain-Chatchat (formerly langchain-ChatGLM), local knowledge based LLM (like ChatGLM, Qwen and Llama) RAG and Agent app with langchain",https://github.com/chatchat-space/Langchain-Chatchat,,https://github.com/chatchat-space/Langchain-Chatchat,,GitHub API,https://github.com/chatchat-space/Langchain-Chatchat,False,False,False
tool_11e29591552fe115,khoj,"Your AI second brain. Self-hostable. Get answers from the web or your docs. Build custom agents, schedule automations, do deep research. Turn any online or local LLM into your personal, autonomous AI (gpt, claude, gemini, llama, qwen, mistral). Get started - free.",https://khoj.dev,,https://github.com/khoj-ai/khoj,,GitHub API,https://github.com/khoj-ai/khoj,False,False,False
tool_183bba1a9d308611,graphrag,A modular graph-based Retrieval-Augmented Generation (RAG) system,https://microsoft.github.io/graphrag,,https://github.com/microsoft/graphrag,,GitHub API,https://github.com/microsoft/graphrag,False,False,False
tool_091d1ae6f7cc83cf,happy-llm,📚 从零开始构建大模型,https://datawhalechina.github.io/happy-llm,,https://github.com/datawhalechina/happy-llm,,GitHub API,https://github.com/datawhalechina/happy-llm,False,False,False
tool_6a14b121a3ef29ce,onyx,Open Source AI Platform - AI Chat with advanced features that works with every LLM,https://onyx.app,,https://github.com/onyx-dot-app/onyx,,GitHub API,https://github.com/onyx-dot-app/onyx,False,False,False
tool_91f17f230a51f38c,Scrapegraph-ai,Python scraper based on AI,https://scrapegraphai.com,,https://github.com/ScrapeGraphAI/Scrapegraph-ai,,GitHub API,https://github.com/ScrapeGraphAI/Scrapegraph-ai,False,False,False
tool_39d4bce3580298a5,graphiti,Build Real-Time Knowledge Graphs for AI Agents,https://help.getzep.com/graphiti,,https://github.com/getzep/graphiti,,GitHub API,https://github.com/getzep/graphiti,False,False,False
tool_f245aed5dc4f65ff,sim,"Sim is the collaborative workspace to build, deploy, and monitor AI agents and workflows. Used by 100,000+ builders.",https://sim.ai,,https://github.com/simstudioai/sim,,GitHub API,https://github.com/simstudioai/sim,False,False,False
tool_31bc37d43805e832,opendataloader-pdf,PDF Parser for AI-ready data. Automate PDF accessibility. Open-source.,https://opendataloader.org,,https://github.com/opendataloader-project/opendataloader-pdf,,GitHub API,https://github.com/opendataloader-project/opendataloader-pdf,False,False,False
tool_128da12863dec8e9,12-factor-agents,What are the principles we can use to build LLM-powered software that is actually good enough to put in the hands of production customers?,https://github.com/humanlayer/12-factor-agents,,https://github.com/humanlayer/12-factor-agents,,GitHub API,https://github.com/humanlayer/12-factor-agents,False,False,False
tool_844706c455ff05fe,WeKnora,"Open-source LLM knowledge platform: turn raw documents into a queryable RAG, an autonomous reasoning agent, and a self-maintaining Wiki.",https://weknora.weixin.qq.com,,https://github.com/Tencent/WeKnora,,GitHub API,https://github.com/Tencent/WeKnora,False,False,False
tool_dc84cc672a5dcb3c,kotaemon,An open-source RAG-based tool for chatting with your documents.,https://cinnamon.github.io/kotaemon,,https://github.com/Cinnamon/kotaemon,,GitHub API,https://github.com/Cinnamon/kotaemon,False,False,False
tool_90c717a117704354,promptfoo,"Test your prompts, agents, and RAGs. Red teaming/pentesting/vulnerability scanning for AI. Compare performance of GPT, Claude, Gemini, DeepSeek, and more. Simple declarative configs with command line and CI/CD integration.  Used by OpenAI and Anthropic.",https://promptfoo.dev,,https://github.com/promptfoo/promptfoo,,GitHub API,https://github.com/promptfoo/promptfoo,False,False,False
tool_fe0709126149ebb9,CV,✅（已完结）超级全面的 深度学习 笔记【土堆 Pytorch】【李沐 动手学深度学习】【吴恩达 深度学习】【大飞 大模型Agent】,https://github.com/AccumulateMore/CV,,https://github.com/AccumulateMore/CV,,GitHub API,https://github.com/AccumulateMore/CV,False,False,False
tool_aeb121668abda0ef,coze-studio,"An AI agent development platform with all-in-one visual tools, simplifying agent creation, debugging, and deployment like never before. Coze your way to AI Agent creation.",https://github.com/coze-dev/coze-studio,,https://github.com/coze-dev/coze-studio,,GitHub API,https://github.com/coze-dev/coze-studio,False,False,False
tool_077260291c667364,DB-GPT,open-source agentic AI data assistant for the next generation of AI + Data products.,http://docs.dbgpt.cn,,https://github.com/eosphoros-ai/DB-GPT,,GitHub API,https://github.com/eosphoros-ai/DB-GPT,False,False,False
tool_bd82a69343349582,eliza,Open source agentic operating system,https://elizaresearch.ai,,https://github.com/elizaOS/eliza,,GitHub API,https://github.com/elizaOS/eliza,False,False,False
tool_73087d7c12ac89d4,DocsGPT,"Private AI platform for agents, assistants and enterprise search. Built-in Agent Builder, Deep research, Document analysis, Multi-model support, and API connectivity for agents.",https://app.docsgpt.cloud,,https://github.com/arc53/DocsGPT,,GitHub API,https://github.com/arc53/DocsGPT,False,False,False
tool_6b8e3ccbf6470e60,LangBot,"Production-grade platform for building agentic IM bots - 生产级多平台智能机器人开发平台/ Agent、知识库编排、插件系统 / Bots for Discord / Slack / LINE / Telegram / WeChat(企业微信, 企微智能机器人, 公众号) / 飞书 / 钉钉 / QQ / Matrix e.g. Integrated with ChatGPT(GPT), DeepSeek, Dify, n8n, Langflow, Coze, Claude, Gemini, GLM, Ollama, SiliconFlow, Moonshot, openclaw / hermes agent, deerflow",https://cloud.langbot.app,,https://github.com/langbot-app/LangBot,,GitHub API,https://github.com/langbot-app/LangBot,False,False,False
tool_b6e29ce6a5e7dd51,turbovec,"A vector index built on TurboQuant, written in Rust with Python bindings",https://pypi.org/project/turbovec,,https://github.com/RyanCodrai/turbovec,,GitHub API,https://github.com/RyanCodrai/turbovec,False,False,False
tool_356835f0b77e3144,Memori,"Memori is agent-native memory infrastructure. A LLM-agnostic layer that turns agent execution and conversation into structured, persistent state for production systems. Built for enterprise, Memori works with the data infrastructure you already run, no rip-and-replace, and deploys across managed cloud, single-tenant cloud, VPC, and on-premises.",https://memorilabs.ai,,https://github.com/MemoriLabs/Memori,,GitHub API,https://github.com/MemoriLabs/Memori,False,False,False
tool_196c2f197f680841,memvid,"Memory layer for AI Agents. Replace complex RAG pipelines with a serverless, single-file memory layer. Give your agents instant retrieval and long-term memory.",https://memvid.com,,https://github.com/memvid/memvid,,GitHub API,https://github.com/memvid/memvid,False,False,False
tool_4f79b19c44cacf1c,SurfSense,"Open-source NotebookLM alternative. Research the open web with live data(Reddit, YT, IG, TikTok, Indeed, Google Search, Maps etc) through one platform, API or MCP server. Join our Discord: https://discord.gg/ejRNvftDp9",https://surfsense.com,,https://github.com/MODSetter/SurfSense,,GitHub API,https://github.com/MODSetter/SurfSense,False,False,False
tool_35dbd78f18b9def3,zvec,"A lightweight, lightning-fast, in-process vector database",https://zvec.org,,https://github.com/alibaba/zvec,,GitHub API,https://github.com/alibaba/zvec,False,False,False
tool_b6feff4cc5f9048f,llm-universe,本项目是一个面向小白开发者的大模型应用开发教程，在线阅读地址：https://datawhalechina.github.io/llm-universe/,https://datawhalechina.github.io/llm-universe,,https://github.com/datawhalechina/llm-universe,,GitHub API,https://github.com/datawhalechina/llm-universe,False,False,False
tool_448c6d8c979bf5d9,LEANN,"[MLsys2026 Best Paper]: https://arxiv.org/abs/2506.08276. RAG on Everything with LEANN. Enjoy 97% storage savings while running a fast, accurate, and 100% private RAG application on your personal device.",https://arxiv.org/abs/2506.08276,,https://github.com/StarTrail-org/LEANN,,GitHub API,https://github.com/StarTrail-org/LEANN,False,False,False
tool_ff07784225d1f2a6,garden-skills,"ConardLi's open-source Skills collection, featuring web design, knowledge retrieval, image generation, and more.",https://github.com/ConardLi/garden-skills,,https://github.com/ConardLi/garden-skills,,GitHub API,https://github.com/ConardLi/garden-skills,False,False,False
tool_ad0c46c93917980c,bisheng,"BISHENG is an open LLM devops platform for next generation Enterprise AI applications. Powerful and comprehensive features include: GenAI workflow, RAG, Agent, Unified model management, Evaluation, SFT, Dataset Management, Enterprise-level System Management, Observability and more.",http://bisheng.ai,,https://github.com/dataelement/bisheng,,GitHub API,https://github.com/dataelement/bisheng,False,False,False
tool_fe23d11281cb5bbe,all-in-rag,🔍大模型应用开发实战一：RAG 技术全栈指南，在线阅读地址：https://datawhalechina.github.io/all-in-rag/,https://datawhalechina.github.io/all-in-rag,,https://github.com/datawhalechina/all-in-rag,,GitHub API,https://github.com/datawhalechina/all-in-rag,False,False,False
tool_cf0ce9ac08e07f8c,PixelRAG,https://arxiv.org/abs/2606.28344. The end of web parsing. The beginning of scalable pixel-native search. link: https://pixelrag.ai/,https://arxiv.org/pdf/2606.28344,,https://github.com/StarTrail-org/PixelRAG,,GitHub API,https://github.com/StarTrail-org/PixelRAG,False,False,False
tool_45bfada279de517f,xberg,"Polyglot document intelligence with a Rust core: extract text, metadata, images, tables, and structured data from 106 formats across 140 file extensions, plus code intelligence for 371 languages. Fifteen bindings, with CLI, REST API, and MCP server.",https://docs.xberg.io,,https://github.com/xberg-io/xberg,,GitHub API,https://github.com/xberg-io/xberg,False,False,False
tool_ff5b01139839512f,deeplake,"Deeplake is AI Data Runtime for Agents. It provides serverless postgres with a multimodal datalake, enabling scalable retrieval and training.",https://deeplake.ai,,https://github.com/activeloopai/deeplake,,GitHub API,https://github.com/activeloopai/deeplake,False,False,False
tool_67203c8efcb0f846,paper-qa,High accuracy RAG for answering questions from scientific documents with citations,https://futurehouse.gitbook.io/futurehouse-cookbook,,https://github.com/Future-House/paper-qa,,GitHub API,https://github.com/Future-House/paper-qa,False,False,False
tool_9757f54081076c6b,deep-searcher,Open Source Deep Research Alternative to Reason and Search on Private Data. Written in Python.,https://zilliztech.github.io/deep-searcher,,https://github.com/zilliztech/deep-searcher,,GitHub API,https://github.com/zilliztech/deep-searcher,False,False,False
tool_889761bf87dafcaf,R2R,SoTA production-ready AI retrieval system. Agentic Retrieval-Augmented Generation (RAG) with a RESTful API.,https://github.com/SciPhi-AI/R2R,,https://github.com/SciPhi-AI/R2R,,GitHub API,https://github.com/SciPhi-AI/R2R,False,False,False
tool_8a344c665e8cc2cd,utopia,World's first open-source enterprise world model.,https://github.com/deeplethe/utopia,,https://github.com/deeplethe/utopia,,GitHub API,https://github.com/deeplethe/utopia,False,False,False
tool_e7958c637ea4404f,vespa,The AI search platform,https://vespa.ai,,https://github.com/vespa-engine/vespa,,GitHub API,https://github.com/vespa-engine/vespa,False,False,False
tool_a1e2864fb621b8c9,trafilatura,"Python & Command-line tool to gather text and metadata on the Web: Crawling, scraping, extraction, output as CSV, JSON, HTML, MD, TXT, XML",https://trafilatura.readthedocs.io,,https://github.com/adbar/trafilatura,,GitHub API,https://github.com/adbar/trafilatura,False,False,False
tool_2d968bab960a920b,postgresml,Postgres with GPUs for ML/AI apps.,https://postgresml.org,,https://github.com/postgresml/postgresml,,GitHub API,https://github.com/postgresml/postgresml,False,False,False
tool_846a76da3af4f1f4,SQLBot,🔥 基于大模型和 RAG 的智能问数系统，对话式数据分析神器。Text-to-SQL Generation via LLMs using RAG.,https://sqlbot.org,,https://github.com/dataease/SQLBot,,GitHub API,https://github.com/dataease/SQLBot,False,False,False
tool_b8f9aa7175a392a9,rags,"Build ChatGPT over your data, all with natural language",https://github.com/run-llama/rags,,https://github.com/run-llama/rags,,GitHub API,https://github.com/run-llama/rags,False,False,False
tool_9ee533cf44dc2c76,genkit,"Open-source framework for building agentic apps in JavaScript, Go, Dart, and Python, built and used in production by Google",https://genkit.dev,,https://github.com/genkit-ai/genkit,,GitHub API,https://github.com/genkit-ai/genkit,False,False,False
tool_a8a0d670f4decb0f,LaVague,Large Action Model framework to develop AI Web Agents,https://docs.lavague.ai/en/latest,,https://github.com/lavague-ai/LaVague,,GitHub API,https://github.com/lavague-ai/LaVague,False,False,False
tool_122a98d7b3eb2d69,cactus,"Quantization, kernels, runtime and inference engine for mobiles, wearables, smart home and robots.",https://cactuscompute.com,,https://github.com/cactus-compute/cactus,,GitHub API,https://github.com/cactus-compute/cactus,False,False,False
tool_529d9938c6bc2d11,helix-db,HelixDB is an OLTP graph database with native vector and full-text search built in Rust on Object Storage.,https://helix-db.com,,https://github.com/HelixDB/helix-db,,GitHub API,https://github.com/HelixDB/helix-db,False,False,False
tool_3dcbf022d271b55c,pyspur,A visual playground for agentic workflows: Iterate over your agents 10x faster,https://pyspur.dev,,https://github.com/PySpur-Dev/pyspur,,GitHub API,https://github.com/PySpur-Dev/pyspur,False,False,False
tool_d048b0bd7a91281f,ComfyUI-Copilot,An AI-powered custom node for ComfyUI designed to enhance workflow automation and provide intelligent assistance,https://github.com/ATH-MaaS/ComfyUI-Copilot,,https://github.com/ATH-MaaS/ComfyUI-Copilot,,GitHub API,https://github.com/ATH-MaaS/ComfyUI-Copilot,False,False,False
tool_0f690fd764f577a9,MineContext,MineContext is your proactive context-aware AI partner（Context-Engineering+ChatGPT Pulse）,https://github.com/volcengine/MineContext,,https://github.com/volcengine/MineContext,,GitHub API,https://github.com/volcengine/MineContext,False,False,False
tool_8f134bb2f07ae476,TaskingAI,The open source platform for AI-native application development.,https://tasking.ai,,https://github.com/TaskingAI/TaskingAI,,GitHub API,https://github.com/TaskingAI/TaskingAI,False,False,False
tool_3b3dbfa741bf6927,LLM-Engineers-Handbook,The LLM's practical guide: From the fundamentals to deploying advanced LLM and RAG apps to AWS using LLMOps best practices,https://amazon.com/LLM-Engineers-Handbook-engineering-production/dp/1836200072,,https://github.com/PacktPublishing/LLM-Engineers-Handbook,,GitHub API,https://github.com/PacktPublishing/LLM-Engineers-Handbook,False,False,False
tool_07b8e27758d5cc8b,superduper,Superduper: End-to-end framework for building custom AI applications and agents.,https://superduper.io,,https://github.com/superduper-io/superduper,,GitHub API,https://github.com/superduper-io/superduper,False,False,False
tool_2f3ffbbb0188c337,llm-graph-builder,Neo4j graph construction from unstructured data using LLMs,https://llm-graph-builder.neo4jlabs.com,,https://github.com/neo4j-labs/llm-graph-builder,,GitHub API,https://github.com/neo4j-labs/llm-graph-builder,False,False,False
tool_dc3de0bdb0a645ff,AutoRAG,AutoRAG: Now your agent can find anything in your computer. It gets smarter if you are using it frequently.,https://marker-inc-korea.github.io/AutoRAG,,https://github.com/Marker-Inc-Korea/AutoRAG,,GitHub API,https://github.com/Marker-Inc-Korea/AutoRAG,False,False,False
tool_41a3907eb669c8fb,tiny-universe,《大模型白盒子构建指南》：一个全手搓的Tiny-Universe,https://github.com/datawhalechina/tiny-universe,,https://github.com/datawhalechina/tiny-universe,,GitHub API,https://github.com/datawhalechina/tiny-universe,False,False,False
tool_0dff5192331879b6,OpenExecutive,AI-powered virtual executive team — a single coherent executive persona backed by 8 specialist agents (FastAPI + Next.js).,https://openexecutive.ai,,https://github.com/SenteLabsAI/OpenExecutive,,GitHub API,https://github.com/SenteLabsAI/OpenExecutive,False,False,False
tool_621acb99ab7968fe,chonkie,"🦛 CHONK docs with Chonkie ✨ — The lightweight ingestion library for fast, efficient and robust RAG pipelines",https://docs.chonkie.ai,,https://github.com/feyninc/chonkie,,GitHub API,https://github.com/feyninc/chonkie,False,False,False
tool_e3cfe3a5f01e1830,infinity,"The AI-native database built for LLM applications, providing incredibly fast hybrid search of dense vector, sparse vector, tensor (multi-vector), and full-text.",https://infiniflow.org,,https://github.com/infiniflow/infinity,,GitHub API,https://github.com/infiniflow/infinity,False,False,False
tool_5aa3a0f15be22f44,OpenKB,OpenKB: Open LLM Knowledge Base,https://pageindex.ai,,https://github.com/VectifyAI/OpenKB,,GitHub API,https://github.com/VectifyAI/OpenKB,False,False,False
tool_c86ae149daa0dfa4,memory-lancedb-pro,"Enhanced LanceDB memory plugin for OpenClaw — Hybrid Retrieval (Vector + BM25), Cross-Encoder Rerank, Multi-Scope Isolation, Management CLI",https://youtu.be/bhuGrjuCM_g,,https://github.com/CortexReach/memory-lancedb-pro,,GitHub API,https://github.com/CortexReach/memory-lancedb-pro,False,False,False
tool_7714088e9e793e8e,ragapp,The easiest way to use Agentic RAG in any enterprise,https://github.com/ragapp/ragapp,,https://github.com/ragapp/ragapp,,GitHub API,https://github.com/ragapp/ragapp,False,False,False
tool_f37f6ed4af46ba34,ruby_llm,"The Ruby-native AI framework. Chats, agents, tools, images, audio, and video through one consistent API, in plain Ruby or Rails.",https://rubyllm.com,,https://github.com/crmne/ruby_llm,,GitHub API,https://github.com/crmne/ruby_llm,False,False,False
tool_38f7ae67f11a7b70,AdalFlow,AdalFlow: The library to build & auto-optimize LLM applications.,http://adalflow.sylph.ai,,https://github.com/SylphAI-Inc/AdalFlow,,GitHub API,https://github.com/SylphAI-Inc/AdalFlow,False,False,False
tool_47d4da9a80accbcc,GenerativeAIExamples,Generative AI reference workflows optimized for accelerated infrastructure and microservice architecture.,https://github.com/NVIDIA/GenerativeAIExamples,,https://github.com/NVIDIA/GenerativeAIExamples,,GitHub API,https://github.com/NVIDIA/GenerativeAIExamples,False,False,False
tool_839479d8e35ff34a,bRAG-langchain,Everything you need to know to build your own RAG application,https://bragai.dev,,https://github.com/bragai/bRAG-langchain,,GitHub API,https://github.com/bragai/bRAG-langchain,False,False,False
tool_fc8c67e8fbc247f3,langroid,Harness LLMs with Multi-Agent Programming,https://langroid.github.io/langroid,,https://github.com/langroid/langroid,,GitHub API,https://github.com/langroid/langroid,False,False,False
tool_e7a4459d87a913f3,nano-graphrag,"A simple, easy-to-hack GraphRAG implementation",https://github.com/gusye1234/nano-graphrag,,https://github.com/gusye1234/nano-graphrag,,GitHub API,https://github.com/gusye1234/nano-graphrag,False,False,False
tool_394ecae42ff7218b,Streamer-Sales,Streamer-Sales 销冠 —— 卖货主播 LLM 大模型🛒🎁，一个能够根据给定的商品特点从激发用户购买意愿角度出发进行商品解说的卖货主播大模型。🚀⭐内含详细的数据生成流程❗ 📦另外还集成了 LMDeploy 加速推理🚀、RAG检索增强生成 📚、TTS文字转语音🔊、数字人生成 🦸、 Agent 使用网络查询实时信息🌐、ASR 语音转文字🎙️、Vue 生态搭建前端🍍、FastAPI 搭建后端🗝️、Docker-compose 打包部署🐋,https://openxlab.org.cn/apps/detail/HinGwenWong/Streamer-Sales,,https://github.com/PeterH0323/Streamer-Sales,,GitHub API,https://github.com/PeterH0323/Streamer-Sales,False,False,False
tool_8cc6d8ea731609cf,morphik-core,Open-source multimodal retrieval engine (Morphik Core),https://morphik.ai/docs,,https://github.com/morphik-org/morphik-core,,GitHub API,https://github.com/morphik-org/morphik-core,False,False,False
tool_1e8464e0dc88e4b0,GEOFlow,"Open-source GEO content engineering and multi-site distribution platform with AI quality inspection, illustrated admin help, hosted sites, browser-assisted publishing, and signed updates.",https://geoflow.me,,https://github.com/yaojingang/GEOFlow,,GitHub API,https://github.com/yaojingang/GEOFlow,False,False,False
tool_425441c1b2b60a9e,dataherald,"Interact with your SQL database, Natural Language to SQL using LLMs",https://dataherald.readthedocs.io/en/latest,,https://github.com/Dataherald/dataherald,,GitHub API,https://github.com/Dataherald/dataherald,False,False,False
tool_e3ddea596ef821f7,AnyCrawl,AnyCrawl 🚀: A Node.js/TypeScript crawler that turns websites into LLM-ready data and extracts structured SERP results from Google/Bing/Baidu/etc. Native multi-threading for bulk processing.,https://anycrawl.dev,,https://github.com/any4ai/AnyCrawl,,GitHub API,https://github.com/any4ai/AnyCrawl,False,False,False
tool_ef3633a58190c530,evalscope,"A streamlined and customizable framework for efficient large model (LLM, VLM, AIGC) evaluation and performance benchmarking.",https://modelscope.github.io/evalscope,,https://github.com/modelscope/evalscope,,GitHub API,https://github.com/modelscope/evalscope,False,False,False
tool_35219a3b5d79b35d,VideoRAG,"[KDD'2026] ""VideoRAG: Chat with Your Videos""",https://arxiv.org/abs/2502.01549,,https://github.com/HKUDS/VideoRAG,,GitHub API,https://github.com/HKUDS/VideoRAG,False,False,False
tool_5c314d1f4c0917f1,rag-web-ui,RAG Web UI is an intelligent dialogue system based on RAG (Retrieval-Augmented Generation) technology.,https://github.com/rag-web-ui/rag-web-ui,,https://github.com/rag-web-ui/rag-web-ui,,GitHub API,https://github.com/rag-web-ui/rag-web-ui,False,False,False
tool_afb5d69c64e5f721,fastembed,"Fast, Accurate, Lightweight Python library to make State of the Art Embedding",https://qdrant.github.io/fastembed,,https://github.com/qdrant/fastembed,,GitHub API,https://github.com/qdrant/fastembed,False,False,False
tool_5832a03298f719c2,swirl-search,"AI Search & RAG Without Moving Your Data. Get instant answers from your company's knowledge across 100+ apps while keeping data secure. Deploy in minutes, not months.",https://swirlaiconnect.com,,https://github.com/swirlai/swirl-search,,GitHub API,https://github.com/swirlai/swirl-search,False,False,False
tool_7db200630d451b9a,llm-for-zotero,An open-source research agent system for your Zotero library.,https://yilewang.github.io/llm-for-zotero,,https://github.com/yilewang/llm-for-zotero,,GitHub API,https://github.com/yilewang/llm-for-zotero,False,False,False
tool_0670571339cf7f14,examples,Jupyter Notebooks to help you get hands-on with Pinecone vector databases,https://docs.pinecone.io,,https://github.com/pinecone-io/examples,,GitHub API,https://github.com/pinecone-io/examples,False,False,False
tool_235d917df3cfcc85,OpenBidKit_Yibiao,开箱即用的AI标书编写工具，标书AI生成工具，投标工具箱、知识库、标书查重、废标项检查，完全开源免费，欢迎使用,https://yibiao.pro,,https://github.com/FB208/OpenBidKit_Yibiao,,GitHub API,https://github.com/FB208/OpenBidKit_Yibiao,False,False,False
tool_b4f872a83c3a3812,autoflow,pingcap/autoflow is a Graph RAG based and conversational knowledge base tool built with TiDB Serverless Vector Storage. Demo: https://tidb.ai,https://tidb.ai,,https://github.com/pingcap/autoflow,,GitHub API,https://github.com/pingcap/autoflow,False,False,False
tool_0b6eebacbd76cb4e,AI-Novel-Writing-Assistant,"面向长篇小说创作的 AI Native 开源系统，用 Agent、世界观、写法引擎、RAG 和整本生产工作流，帮助新手从一句灵感走到完整小说。AI-native engine for end-to-end novel creation — from idea to full chapters, with structured planning, worldbuilding, and agent-driven workflows.",https://explosivecoderflome.github.io/AI-Novel-Writing-Assistant,,https://github.com/ExplosiveCoderflome/AI-Novel-Writing-Assistant,,GitHub API,https://github.com/ExplosiveCoderflome/AI-Novel-Writing-Assistant,False,False,False
tool_5b0579841adc3fe2,memobase,User Profile-Based Long-Term Memory for AI Chatbot Applications.,https://memobase.io,,https://github.com/memodb-io/memobase,,GitHub API,https://github.com/memodb-io/memobase,False,False,False
tool_f3c2f04bc4ed5821,trieve,"All-in-one platform for search, recommendations, RAG, and analytics offered via API",https://trieve.ai,,https://github.com/devflowinc/trieve,,GitHub API,https://github.com/devflowinc/trieve,False,False,False
tool_7272a5fd600a1ac5,yu-ai-agent,编程导航 AI 开发实战新项目，基于 Spring Boot 3 + Java 21 + Spring AI 构建 AI 恋爱大师应用和 ReAct 模式自主规划智能体YuManus，覆盖 AI 大模型接入、Spring AI 核心特性、Prompt 工程和优化、RAG 检索增强、向量数据库、Tool Calling 工具调用、MCP 模型上下文协议、AI Agent 开发（Manas Java 实现）、Cursor AI 工具等核心知识。用一套教程将程序员必知必会的 AI 技术一网打尽，帮你成为 AI 时代企业的香饽饽，给你的简历和求职大幅增加竞争力。,https://codefather.cn,,https://github.com/liyupi/yu-ai-agent,,GitHub API,https://github.com/liyupi/yu-ai-agent,False,False,False
tool_1fa2562b028a7e5f,OmAgent,[EMNLP-2024] Build multimodal language agents for fast prototype and production,https://om-agent.com,,https://github.com/om-ai-lab/OmAgent,,GitHub API,https://github.com/om-ai-lab/OmAgent,False,False,False
tool_fc11f65d71640aed,Memary,The Open Source Memory Layer For Autonomous Agents,https://github.com/kingjulio8238/Memary,,https://github.com/kingjulio8238/Memary,,GitHub API,https://github.com/kingjulio8238/Memary,False,False,False
tool_f87988f66be3b3c5,ReadAny,"AI-powered cross-platform e-book reader with semantic search, RAG chat, local vector store, notes, TTS, and WebDAV sync.",https://codedogqby.github.io/ReadAny,,https://github.com/codedogQBY/ReadAny,,GitHub API,https://github.com/codedogQBY/ReadAny,False,False,False
tool_8cd594f6f464340d,hamilton,"Apache Hamilton helps data scientists and engineers define testable, modular, self-documenting dataflows, that encode lineage/tracing and metadata. Runs and scales everywhere python does.",https://hamilton.apache.org,,https://github.com/apache/hamilton,,GitHub API,https://github.com/apache/hamilton,False,False,False
tool_3b2bb834c732fa57,agentfield,"Build, run and scale AI agents like API and microservices",http://agentfield.ai,,https://github.com/Agent-Field/agentfield,,GitHub API,https://github.com/Agent-Field/agentfield,False,False,False
tool_02e7b141a9b965da,HuixiangDou,HuixiangDou: Overcoming Group Chat Scenarios with LLM-based Technical Assistance,https://openxlab.org.cn/apps/detail/tpoisonooo/huixiangdou-web,,https://github.com/InternLM/HuixiangDou,,GitHub API,https://github.com/InternLM/HuixiangDou,False,False,False
tool_6f7b8e6a3154a21d,SAG,A new SOTA for RAG — an original retrieval architecture and an open-source knowledge base for humans and agents.,https://zleap.com,,https://github.com/Zleap-AI/SAG,,GitHub API,https://github.com/Zleap-AI/SAG,False,False,False
tool_b9ef9363c4e9fd6f,bootcamp,"Dealing with all unstructured data, such as reverse image search, audio search, molecular search, video analysis, question and answer systems, NLP, etc.",https://milvus.io,,https://github.com/milvus-io/bootcamp,,GitHub API,https://github.com/milvus-io/bootcamp,False,False,False
tool_d2f81c3b66a167b1,vearch,Distributed vector search for AI-native applications,https://vearch.github.io,,https://github.com/vearch/vearch,,GitHub API,https://github.com/vearch/vearch,False,False,False
tool_a7201ab2b3afc614,MemoRAG,Empowering RAG with a memory-based data interface for all-purpose applications!,https://github.com/qhjqhj00/MemoRAG,,https://github.com/qhjqhj00/MemoRAG,,GitHub API,https://github.com/qhjqhj00/MemoRAG,False,False,False
tool_d548c7938e1b246a,JustHireMe,"Local-first AI job intelligence workbench for scraping roles, ranking fit, and generating tailored application materials.",https://justhireme.ai,,https://github.com/vasu-devs/JustHireMe,,GitHub API,https://github.com/vasu-devs/JustHireMe,False,False,False
tool_9f66e064c0b7b2e2,kernel-memory,"Research project. A Memory solution for users, teams, and applications.",https://github.com/microsoft/kernel-memory,,https://github.com/microsoft/kernel-memory,,GitHub API,https://github.com/microsoft/kernel-memory,False,False,False
tool_3452823af2bbeb1a,memanto,Memory that AI Agents Love!,https://memanto.ai,,https://github.com/moorcheh-ai/memanto,,GitHub API,https://github.com/moorcheh-ai/memanto,False,False,False
tool_116fed0563972c98,nestia,NestJS Helper + AI Chatbot Development,https://nestia.io,,https://github.com/samchon/nestia,,GitHub API,https://github.com/samchon/nestia,False,False,False
tool_6be90d61908548c9,Neurite,"Fractal Graph-of-Thought. Rhizomatic Mind-Mapping for Ai-Agents, Web-Links, Notes, and Code.",https://neurite.network,,https://github.com/satellitecomponent/Neurite,,GitHub API,https://github.com/satellitecomponent/Neurite,False,False,False
tool_ca3474dfb8a24290,edgequake,EdegQuake 🌋 High-performance GraphRAG inspired from LightRag written in Rust; Transform documents into intelligent knowledge graphs for superior retrieval and generation,https://edgequake.com,,https://github.com/raphaelmansuy/edgequake,,GitHub API,https://github.com/raphaelmansuy/edgequake,False,False,False
tool_e518e2b2290b12b0,agentset,"The open-source RAG platform: built-in citations, deep research, 22+ file formats, partitions, MCP server, and more.",https://agentset.ai,,https://github.com/agentset-ai/agentset,,GitHub API,https://github.com/agentset-ai/agentset,False,False,False
tool_bbc63b62f4f3b51c,docext,"An on-premises, OCR-free unstructured data extraction, markdown conversion and benchmarking toolkit. (https://idp-leaderboard.org/)",https://nanonets.com/document-parsing-and-extraction,,https://github.com/NanoNets/docext,,GitHub API,https://github.com/NanoNets/docext,False,False,False
tool_896f9c0ebd9f0c80,chatwiki,ChatWiki 微信公众号的AI知识库工作流Agent平台，RAG大模型AI客服机器人，致力于成为垂直领域的coze、n8n。,https://chatwiki.ai,,https://github.com/zhimaAi/chatwiki,,GitHub API,https://github.com/zhimaAi/chatwiki,False,False,False
tool_1c68a6309703cfb6,future-agi,"Open-source, end-to-end platform for evaluating, observing, and improving LLM and AI agent applications. Tracing · Evals · Simulations · Datasets · Gateway · Guardrails. Self-hostable. Apache 2.0.",https://futureagi.com,,https://github.com/future-agi/future-agi,,GitHub API,https://github.com/future-agi/future-agi,False,False,False
tool_ffbd0d58f43f135b,MiniRAG,"[ACL2026] ""MiniRAG: Making RAG Simpler with Small and Open-Sourced Language Models""",https://arxiv.org/abs/2501.06713,,https://github.com/HKUDS/MiniRAG,,GitHub API,https://github.com/HKUDS/MiniRAG,False,False,False
tool_2f5233e6bdef3d23,PageLM,"PageLM is a community driven version of NotebookLM & a education platform that transforms study materials into interactive resources like quizzes, flashcards, notes, and podcasts.",https://github.com/CaviraOSS/PageLM,,https://github.com/CaviraOSS/PageLM,,GitHub API,https://github.com/CaviraOSS/PageLM,False,False,False
tool_e28e438f646063e6,Dot,"Text-To-Speech, RAG, and LLMs. All local!",https://dotapp.uk,,https://github.com/alexpinel/Dot,,GitHub API,https://github.com/alexpinel/Dot,False,False,False
tool_90da1632f2d3bbd2,BuildingAI,AI时代的WordPress，东半球首个积木式AI应用搭建系统，人人都可免费搭建自己的AI应用系统，例如企业智能体系统、AI漫剧系统、AI论文学术系统、AI客服系统...,https://buildingai.cc,,https://github.com/BidingCC/BuildingAI,,GitHub API,https://github.com/BidingCC/BuildingAI,False,False,False
tool_2ba15b3eee11cb84,video-search-and-summarization,"NVIDIA AI Blueprint for video search and summarization (VSS) is a GPU-accelerated reference architecture for building video analytics agents with real-time verified alerts, visual Q&A, and automated reporting. The VSS Blueprint uses vision language models (VLMs) such as NVIDIA Cosmos, LLMs such as NVIDIA Nemotron, RAG, and NVIDIA NIMs.",https://build.nvidia.com/nvidia/video-search-and-summarization,,https://github.com/NVIDIA-AI-Blueprints/video-search-and-summarization,,GitHub API,https://github.com/NVIDIA-AI-Blueprints/video-search-and-summarization,False,False,False
tool_209646c897162368,Tianji,制作懂人情世故的大语言模型 | 涵盖提示词工程、RAG、Agent、LLM微调教程,https://socialai-tianji.github.io/socialai-web,,https://github.com/SocialAI-tianji/Tianji,,GitHub API,https://github.com/SocialAI-tianji/Tianji,False,False,False
tool_e216c55be9e401d6,yt-fts,YouTube Full Text Search - Search all of YouTube from the command line,https://github.com/NotJoeMartinez/yt-fts,,https://github.com/NotJoeMartinez/yt-fts,,GitHub API,https://github.com/NotJoeMartinez/yt-fts,False,False,False
tool_2bda7b4f19cde850,trpc-agent-go,"A Go framework for building production agent systems with graph workflows, tools, memory, A2A, AG-UI, MCP, evaluation, and observability.",https://trpc-group.github.io/trpc-agent-go,,https://github.com/trpc-group/trpc-agent-go,,GitHub API,https://github.com/trpc-group/trpc-agent-go,False,False,False
tool_325f277ec9e734fb,WFGY,"WFGY is heading toward WFGY 5.0 Polaris Protocol, a major open-source release for AI reasoning, RAG, agents, and real-world workflows. Includes Problem Map, Global Debug Card, WFGY 4.0, and the CFV Easter Egg.",https://github.com/onestardao/WFGY,,https://github.com/onestardao/WFGY,,GitHub API,https://github.com/onestardao/WFGY,False,False,False
tool_fd6d8781e0445b08,RAG-Survey,"Collecting awesome papers of RAG for AIGC.  We propose a taxonomy of RAG foundations, enhancements, and applications in paper ""Retrieval-Augmented Generation for AI-Generated Content: A Survey"".",https://github.com/hymie122/RAG-Survey,,https://github.com/hymie122/RAG-Survey,,GitHub API,https://github.com/hymie122/RAG-Survey,False,False,False
tool_d78bdd7f7aa0e845,bm25s,"Fast BM25 search in Python, powered by Numpy and Numba",https://bm25s.github.io,,https://github.com/xhluca/bm25s,,GitHub API,https://github.com/xhluca/bm25s,False,False,False
tool_0f039e01d890771f,extractous,Fast and efficient unstructured data extraction. Written in Rust with bindings for many languages.,https://github.com/yobix-ai/extractous,,https://github.com/yobix-ai/extractous,,GitHub API,https://github.com/yobix-ai/extractous,False,False,False
tool_7abcae855c059cef,raptor,The official implementation of RAPTOR: Recursive Abstractive Processing for Tree-Organized Retrieval,https://arxiv.org/abs/2401.18059,,https://github.com/parthsarthi03/raptor,,GitHub API,https://github.com/parthsarthi03/raptor,False,False,False
tool_8d5ea61171787a7d,AgenticRAG-Survey,Agentic-RAG explores advanced Retrieval-Augmented Generation systems enhanced with AI LLM agents.,https://arxiv.org/abs/2501.09136,,https://github.com/asinghcsu/AgenticRAG-Survey,,GitHub API,https://github.com/asinghcsu/AgenticRAG-Survey,False,False,False
tool_08f0e0fb12373f05,LLMUnity,Create characters in Unity with LLMs!,https://undream.ai,,https://github.com/undreamai/LLMUnity,,GitHub API,https://github.com/undreamai/LLMUnity,False,False,False
tool_b08e8ba4fdd98e70,ragbits,Building blocks for rapid development of GenAI applications,https://ragbits.deepsense.ai,,https://github.com/deepsense-ai/ragbits,,GitHub API,https://github.com/deepsense-ai/ragbits,False,False,False
tool_1089b0b8bd45e64c,trench,"Trench — Open-Source Analytics Infrastructure. A single production-ready Docker image built on ClickHouse, Kafka, and Node.js for tracking events. Easily build product analytics dashboards, LLM RAGs, observability platforms, or any other analytics product.",https://trench.dev,,https://github.com/FrigadeHQ/trench,,GitHub API,https://github.com/FrigadeHQ/trench,False,False,False
tool_5805920fe674153c,Controllable-RAG-Agent,This repository provides an advanced Retrieval-Augmented Generation (RAG) solution for complex question answering. It uses sophisticated graph based algorithm to handle the tasks.,https://github.com/NirDiamant/Controllable-RAG-Agent,,https://github.com/NirDiamant/Controllable-RAG-Agent,,GitHub API,https://github.com/NirDiamant/Controllable-RAG-Agent,False,False,False
tool_1288a36d68fcb905,pixeltable,"The unified multimodal backend agents build with. Database, orchestration, and serving in one Python file.",https://docs.pixeltable.com,,https://github.com/pixeltable/pixeltable,,GitHub API,https://github.com/pixeltable/pixeltable,False,False,False
